2025-03-20 13:57:35,043 INFO [restartedMain] c.n.c.CommunityApplication [StartupInfoLogger.java:53] Starting CommunityApplication using Java 17.0.10 with PID 42584 (E:\javacode\workspace4vscode\nk\community\community\target\classes started by 40782 in E:\javacode\workspace4vscode\nk\community)
2025-03-20 13:57:35,051 INFO [restartedMain] c.n.c.CommunityApplication [SpringApplication.java:652] No active profile set, falling back to 1 default profile: "default"
2025-03-20 13:57:35,099 INFO [restartedMain] o.s.b.d.e.DevToolsPropertyDefaultsPostProcessor [DeferredLog.java:252] Devtools property defaults active! Set 'spring.devtools.add-properties' to 'false' to disable
2025-03-20 13:57:35,099 INFO [restartedMain] o.s.b.d.e.DevToolsPropertyDefaultsPostProcessor [DeferredLog.java:252] For additional web related logging consider setting the 'logging.level.web' property to 'DEBUG'
2025-03-20 13:57:36,011 INFO [restartedMain] o.s.d.r.c.RepositoryConfigurationDelegate [RepositoryConfigurationDelegate.java:295] Multiple Spring Data modules found, entering strict repository configuration mode
2025-03-20 13:57:36,015 INFO [restartedMain] o.s.d.r.c.RepositoryConfigurationDelegate [RepositoryConfigurationDelegate.java:143] Bootstrapping Spring Data Redis repositories in DEFAULT mode.
2025-03-20 13:57:36,052 INFO [restartedMain] o.s.d.r.c.RepositoryConfigurationDelegate [RepositoryConfigurationDelegate.java:211] Finished Spring Data repository scanning in 18 ms. Found 0 Redis repository interfaces.
2025-03-20 13:57:37,146 INFO [restartedMain] o.s.b.w.e.t.TomcatWebServer [TomcatWebServer.java:111] Tomcat initialized with port 8080 (http)
2025-03-20 13:57:37,161 INFO [restartedMain] o.a.c.h.Http11NioProtocol [DirectJDKLog.java:173] Initializing ProtocolHandler ["http-nio-8080"]
2025-03-20 13:57:37,163 INFO [restartedMain] o.a.c.c.StandardService [DirectJDKLog.java:173] Starting service [Tomcat]
2025-03-20 13:57:37,164 INFO [restartedMain] o.a.c.c.StandardEngine [DirectJDKLog.java:173] Starting Servlet engine: [Apache Tomcat/10.1.34]
2025-03-20 13:57:37,263 INFO [restartedMain] o.a.c.c.C.[.[.[/community] [DirectJDKLog.java:173] Initializing Spring embedded WebApplicationContext
2025-03-20 13:57:37,263 INFO [restartedMain] o.s.b.w.s.c.ServletWebServerApplicationContext [ServletWebServerApplicationContext.java:296] Root WebApplicationContext: initialization completed in 2162 ms
2025-03-20 13:57:38,277 INFO [restartedMain] o.s.b.a.w.s.WelcomePageHandlerMapping [WelcomePageHandlerMapping.java:59] Adding welcome page template: index
2025-03-20 13:57:38,992 INFO [restartedMain] o.s.b.d.a.OptionalLiveReloadServer [OptionalLiveReloadServer.java:59] LiveReload server is running on port 35729
2025-03-20 13:57:39,064 INFO [restartedMain] o.a.c.h.Http11NioProtocol [DirectJDKLog.java:173] Starting ProtocolHandler ["http-nio-8080"]
2025-03-20 13:57:39,088 INFO [restartedMain] o.s.b.w.e.t.TomcatWebServer [TomcatWebServer.java:243] Tomcat started on port 8080 (http) with context path '/community'
2025-03-20 13:57:39,138 INFO [restartedMain] o.a.k.c.c.ConsumerConfig [AbstractConfig.java:372] ConsumerConfig values: 
	allow.auto.create.topics = true
	auto.commit.interval.ms = 3000
	auto.include.jmx.reporter = true
	auto.offset.reset = latest
	bootstrap.servers = [localhost:9092]
	check.crcs = true
	client.dns.lookup = use_all_dns_ips
	client.id = consumer-test-consumer-group-1
	client.rack = 
	connections.max.idle.ms = 540000
	default.api.timeout.ms = 60000
	enable.auto.commit = true
	enable.metrics.push = true
	exclude.internal.topics = true
	fetch.max.bytes = 52428800
	fetch.max.wait.ms = 500
	fetch.min.bytes = 1
	group.id = test-consumer-group
	group.instance.id = null
	group.protocol = classic
	group.remote.assignor = null
	heartbeat.interval.ms = 3000
	interceptor.classes = []
	internal.leave.group.on.close = true
	internal.throw.on.fetch.stable.offset.unsupported = false
	isolation.level = read_uncommitted
	key.deserializer = class org.apache.kafka.common.serialization.StringDeserializer
	max.partition.fetch.bytes = 1048576
	max.poll.interval.ms = 300000
	max.poll.records = 500
	metadata.max.age.ms = 300000
	metadata.recovery.strategy = none
	metric.reporters = []
	metrics.num.samples = 2
	metrics.recording.level = INFO
	metrics.sample.window.ms = 30000
	partition.assignment.strategy = [class org.apache.kafka.clients.consumer.RangeAssignor, class org.apache.kafka.clients.consumer.CooperativeStickyAssignor]
	receive.buffer.bytes = 65536
	reconnect.backoff.max.ms = 1000
	reconnect.backoff.ms = 50
	request.timeout.ms = 30000
	retry.backoff.max.ms = 1000
	retry.backoff.ms = 100
	sasl.client.callback.handler.class = null
	sasl.jaas.config = null
	sasl.kerberos.kinit.cmd = /usr/bin/kinit
	sasl.kerberos.min.time.before.relogin = 60000
	sasl.kerberos.service.name = null
	sasl.kerberos.ticket.renew.jitter = 0.05
	sasl.kerberos.ticket.renew.window.factor = 0.8
	sasl.login.callback.handler.class = null
	sasl.login.class = null
	sasl.login.connect.timeout.ms = null
	sasl.login.read.timeout.ms = null
	sasl.login.refresh.buffer.seconds = 300
	sasl.login.refresh.min.period.seconds = 60
	sasl.login.refresh.window.factor = 0.8
	sasl.login.refresh.window.jitter = 0.05
	sasl.login.retry.backoff.max.ms = 10000
	sasl.login.retry.backoff.ms = 100
	sasl.mechanism = GSSAPI
	sasl.oauthbearer.clock.skew.seconds = 30
	sasl.oauthbearer.expected.audience = null
	sasl.oauthbearer.expected.issuer = null
	sasl.oauthbearer.jwks.endpoint.refresh.ms = 3600000
	sasl.oauthbearer.jwks.endpoint.retry.backoff.max.ms = 10000
	sasl.oauthbearer.jwks.endpoint.retry.backoff.ms = 100
	sasl.oauthbearer.jwks.endpoint.url = null
	sasl.oauthbearer.scope.claim.name = scope
	sasl.oauthbearer.sub.claim.name = sub
	sasl.oauthbearer.token.endpoint.url = null
	security.protocol = PLAINTEXT
	security.providers = null
	send.buffer.bytes = 131072
	session.timeout.ms = 45000
	socket.connection.setup.timeout.max.ms = 30000
	socket.connection.setup.timeout.ms = 10000
	ssl.cipher.suites = null
	ssl.enabled.protocols = [TLSv1.2, TLSv1.3]
	ssl.endpoint.identification.algorithm = https
	ssl.engine.factory.class = null
	ssl.key.password = null
	ssl.keymanager.algorithm = SunX509
	ssl.keystore.certificate.chain = null
	ssl.keystore.key = null
	ssl.keystore.location = null
	ssl.keystore.password = null
	ssl.keystore.type = JKS
	ssl.protocol = TLSv1.3
	ssl.provider = null
	ssl.secure.random.implementation = null
	ssl.trustmanager.algorithm = PKIX
	ssl.truststore.certificates = null
	ssl.truststore.location = null
	ssl.truststore.password = null
	ssl.truststore.type = JKS
	value.deserializer = class org.apache.kafka.common.serialization.StringDeserializer

2025-03-20 13:57:39,204 INFO [restartedMain] o.a.k.c.t.i.KafkaMetricsCollector [KafkaMetricsCollector.java:269] initializing Kafka metrics collector
2025-03-20 13:57:39,307 INFO [restartedMain] o.a.k.c.u.AppInfoParser [AppInfoParser.java:124] Kafka version: 3.8.1
2025-03-20 13:57:39,309 INFO [restartedMain] o.a.k.c.u.AppInfoParser [AppInfoParser.java:125] Kafka commitId: 70d6ff42debf7e17
2025-03-20 13:57:39,309 INFO [restartedMain] o.a.k.c.u.AppInfoParser [AppInfoParser.java:126] Kafka startTimeMs: 1742450259304
2025-03-20 13:57:39,313 INFO [restartedMain] o.a.k.c.c.i.LegacyKafkaConsumer [LegacyKafkaConsumer.java:476] [Consumer clientId=consumer-test-consumer-group-1, groupId=test-consumer-group] Subscribed to topic(s): comment, like, follow
2025-03-20 13:57:39,331 INFO [restartedMain] c.n.c.CommunityApplication [StartupInfoLogger.java:59] Started CommunityApplication in 4.867 seconds (process running for 5.853)
2025-03-20 13:57:39,580 INFO [http-nio-8080-exec-2] o.a.c.c.C.[.[.[/community] [DirectJDKLog.java:173] Initializing Spring DispatcherServlet 'dispatcherServlet'
2025-03-20 13:57:39,581 INFO [http-nio-8080-exec-2] o.s.w.s.DispatcherServlet [FrameworkServlet.java:532] Initializing Servlet 'dispatcherServlet'
2025-03-20 13:57:39,582 INFO [http-nio-8080-exec-2] o.s.w.s.DispatcherServlet [FrameworkServlet.java:554] Completed initialization in 1 ms
2025-03-20 13:57:39,769 INFO [org.springframework.kafka.KafkaListenerEndpointContainer#0-0-C-1] o.a.k.c.Metadata [Metadata.java:364] [Consumer clientId=consumer-test-consumer-group-1, groupId=test-consumer-group] Cluster ID: cahCa2tqRnq3OYXiEm_sPA
2025-03-20 13:57:39,770 INFO [org.springframework.kafka.KafkaListenerEndpointContainer#0-0-C-1] o.a.k.c.c.i.ConsumerCoordinator [AbstractCoordinator.java:936] [Consumer clientId=consumer-test-consumer-group-1, groupId=test-consumer-group] Discovered group coordinator 10.99.237.116:9092 (id: 2147483647 rack: null)
2025-03-20 13:57:39,771 INFO [org.springframework.kafka.KafkaListenerEndpointContainer#0-0-C-1] o.a.k.c.c.i.ConsumerCoordinator [AbstractCoordinator.java:604] [Consumer clientId=consumer-test-consumer-group-1, groupId=test-consumer-group] (Re-)joining group
2025-03-20 13:57:39,793 INFO [org.springframework.kafka.KafkaListenerEndpointContainer#0-0-C-1] o.a.k.c.c.i.ConsumerCoordinator [AbstractCoordinator.java:1102] [Consumer clientId=consumer-test-consumer-group-1, groupId=test-consumer-group] Request joining group due to: need to re-join with the given member-id: consumer-test-consumer-group-1-edbc0c83-613a-4dca-8f61-b6abcc2517b0
2025-03-20 13:57:39,793 INFO [org.springframework.kafka.KafkaListenerEndpointContainer#0-0-C-1] o.a.k.c.c.i.ConsumerCoordinator [AbstractCoordinator.java:604] [Consumer clientId=consumer-test-consumer-group-1, groupId=test-consumer-group] (Re-)joining group
2025-03-20 13:57:39,814 INFO [org.springframework.kafka.KafkaListenerEndpointContainer#0-0-C-1] o.a.k.c.c.i.ConsumerCoordinator [AbstractCoordinator.java:665] [Consumer clientId=consumer-test-consumer-group-1, groupId=test-consumer-group] Successfully joined group with generation Generation{generationId=5, memberId='consumer-test-consumer-group-1-edbc0c83-613a-4dca-8f61-b6abcc2517b0', protocol='range'}
2025-03-20 13:57:39,879 INFO [org.springframework.kafka.KafkaListenerEndpointContainer#0-0-C-1] o.a.k.c.c.i.ConsumerCoordinator [ConsumerCoordinator.java:663] [Consumer clientId=consumer-test-consumer-group-1, groupId=test-consumer-group] Finished assignment for group at generation 5: {consumer-test-consumer-group-1-edbc0c83-613a-4dca-8f61-b6abcc2517b0=Assignment(partitions=[like-0, comment-0, follow-0])}
2025-03-20 13:57:39,912 INFO [org.springframework.kafka.KafkaListenerEndpointContainer#0-0-C-1] o.a.k.c.c.i.ConsumerCoordinator [AbstractCoordinator.java:842] [Consumer clientId=consumer-test-consumer-group-1, groupId=test-consumer-group] Successfully synced group in generation Generation{generationId=5, memberId='consumer-test-consumer-group-1-edbc0c83-613a-4dca-8f61-b6abcc2517b0', protocol='range'}
2025-03-20 13:57:39,919 INFO [org.springframework.kafka.KafkaListenerEndpointContainer#0-0-C-1] o.a.k.c.c.i.ConsumerCoordinator [ConsumerCoordinator.java:323] [Consumer clientId=consumer-test-consumer-group-1, groupId=test-consumer-group] Notifying assignor about the new Assignment(partitions=[like-0, comment-0, follow-0])
2025-03-20 13:57:39,921 INFO [org.springframework.kafka.KafkaListenerEndpointContainer#0-0-C-1] o.a.k.c.c.i.ConsumerRebalanceListenerInvoker [ConsumerRebalanceListenerInvoker.java:57] [Consumer clientId=consumer-test-consumer-group-1, groupId=test-consumer-group] Adding newly assigned partitions: comment-0, follow-0, like-0
2025-03-20 13:57:39,929 INFO [org.springframework.kafka.KafkaListenerEndpointContainer#0-0-C-1] o.a.k.c.c.i.ConsumerCoordinator [ConsumerCoordinator.java:1506] [Consumer clientId=consumer-test-consumer-group-1, groupId=test-consumer-group] Found no committed offset for partition comment-0
2025-03-20 13:57:39,929 INFO [org.springframework.kafka.KafkaListenerEndpointContainer#0-0-C-1] o.a.k.c.c.i.ConsumerCoordinator [ConsumerCoordinator.java:1506] [Consumer clientId=consumer-test-consumer-group-1, groupId=test-consumer-group] Found no committed offset for partition like-0
2025-03-20 13:57:39,929 INFO [org.springframework.kafka.KafkaListenerEndpointContainer#0-0-C-1] o.a.k.c.c.i.ConsumerCoordinator [ConsumerCoordinator.java:1506] [Consumer clientId=consumer-test-consumer-group-1, groupId=test-consumer-group] Found no committed offset for partition follow-0
2025-03-20 13:57:39,943 INFO [org.springframework.kafka.KafkaListenerEndpointContainer#0-0-C-1] o.a.k.c.c.i.SubscriptionState [SubscriptionState.java:398] [Consumer clientId=consumer-test-consumer-group-1, groupId=test-consumer-group] Resetting offset for partition comment-0 to position FetchPosition{offset=0, offsetEpoch=Optional.empty, currentLeader=LeaderAndEpoch{leader=Optional[10.99.237.116:9092 (id: 0 rack: null)], epoch=absent}}.
2025-03-20 13:57:39,944 INFO [org.springframework.kafka.KafkaListenerEndpointContainer#0-0-C-1] o.a.k.c.c.i.SubscriptionState [SubscriptionState.java:398] [Consumer clientId=consumer-test-consumer-group-1, groupId=test-consumer-group] Resetting offset for partition like-0 to position FetchPosition{offset=0, offsetEpoch=Optional.empty, currentLeader=LeaderAndEpoch{leader=Optional[10.99.237.116:9092 (id: 0 rack: null)], epoch=absent}}.
2025-03-20 13:57:39,944 INFO [org.springframework.kafka.KafkaListenerEndpointContainer#0-0-C-1] o.a.k.c.c.i.SubscriptionState [SubscriptionState.java:398] [Consumer clientId=consumer-test-consumer-group-1, groupId=test-consumer-group] Resetting offset for partition follow-0 to position FetchPosition{offset=0, offsetEpoch=Optional.empty, currentLeader=LeaderAndEpoch{leader=Optional[10.99.237.116:9092 (id: 0 rack: null)], epoch=absent}}.
2025-03-20 13:57:39,945 INFO [org.springframework.kafka.KafkaListenerEndpointContainer#0-0-C-1] o.s.k.l.KafkaMessageListenerContainer [LogAccessor.java:292] test-consumer-group: partitions assigned: [comment-0, follow-0, like-0]
2025-03-20 13:57:58,922 INFO [http-nio-8080-exec-7] c.n.c.a.ServiceLogAspect [ServiceLogAspect.java:39] 用户[0:0:0:0:0:0:0:1],在[2025-03-20 13:57:58],访问了[com.nowcoder.community.service.UserService.login].
2025-03-20 13:57:58,938 INFO [http-nio-8080-exec-7] c.z.h.HikariDataSource [HikariDataSource.java:109] HikariPool-1 - Starting...
2025-03-20 13:57:59,153 INFO [http-nio-8080-exec-7] c.z.h.p.HikariPool [HikariPool.java:554] HikariPool-1 - Added connection com.mysql.cj.jdbc.ConnectionImpl@1db4c0e8
2025-03-20 13:57:59,155 INFO [http-nio-8080-exec-7] c.z.h.HikariDataSource [HikariDataSource.java:122] HikariPool-1 - Start completed.
2025-03-20 13:57:59,277 INFO [http-nio-8080-exec-10] c.n.c.a.ServiceLogAspect [ServiceLogAspect.java:39] 用户[0:0:0:0:0:0:0:1],在[2025-03-20 13:57:59],访问了[com.nowcoder.community.service.UserService.findLoginTicket].
2025-03-20 13:57:59,298 INFO [http-nio-8080-exec-10] c.n.c.a.ServiceLogAspect [ServiceLogAspect.java:39] 用户[0:0:0:0:0:0:0:1],在[2025-03-20 13:57:59],访问了[com.nowcoder.community.service.UserService.findUserById].
2025-03-20 13:57:59,310 INFO [http-nio-8080-exec-10] c.n.c.a.ServiceLogAspect [ServiceLogAspect.java:39] 用户[0:0:0:0:0:0:0:1],在[2025-03-20 13:57:59],访问了[com.nowcoder.community.service.DiscussPostService.findDiscussPostRows].
2025-03-20 13:57:59,334 INFO [http-nio-8080-exec-10] c.n.c.a.ServiceLogAspect [ServiceLogAspect.java:39] 用户[0:0:0:0:0:0:0:1],在[2025-03-20 13:57:59],访问了[com.nowcoder.community.service.DiscussPostService.findDiscussPosts].
2025-03-20 13:57:59,343 INFO [http-nio-8080-exec-10] c.n.c.a.ServiceLogAspect [ServiceLogAspect.java:39] 用户[0:0:0:0:0:0:0:1],在[2025-03-20 13:57:59],访问了[com.nowcoder.community.service.UserService.findUserById].
2025-03-20 13:57:59,346 INFO [http-nio-8080-exec-10] c.n.c.a.ServiceLogAspect [ServiceLogAspect.java:39] 用户[0:0:0:0:0:0:0:1],在[2025-03-20 13:57:59],访问了[com.nowcoder.community.service.LikeService.findEntityLikeCount].
2025-03-20 13:57:59,348 INFO [http-nio-8080-exec-10] c.n.c.a.ServiceLogAspect [ServiceLogAspect.java:39] 用户[0:0:0:0:0:0:0:1],在[2025-03-20 13:57:59],访问了[com.nowcoder.community.service.UserService.findUserById].
2025-03-20 13:57:59,351 INFO [http-nio-8080-exec-10] c.n.c.a.ServiceLogAspect [ServiceLogAspect.java:39] 用户[0:0:0:0:0:0:0:1],在[2025-03-20 13:57:59],访问了[com.nowcoder.community.service.LikeService.findEntityLikeCount].
2025-03-20 13:57:59,351 INFO [http-nio-8080-exec-10] c.n.c.a.ServiceLogAspect [ServiceLogAspect.java:39] 用户[0:0:0:0:0:0:0:1],在[2025-03-20 13:57:59],访问了[com.nowcoder.community.service.UserService.findUserById].
2025-03-20 13:57:59,353 INFO [http-nio-8080-exec-10] c.n.c.a.ServiceLogAspect [ServiceLogAspect.java:39] 用户[0:0:0:0:0:0:0:1],在[2025-03-20 13:57:59],访问了[com.nowcoder.community.service.LikeService.findEntityLikeCount].
2025-03-20 13:57:59,354 INFO [http-nio-8080-exec-10] c.n.c.a.ServiceLogAspect [ServiceLogAspect.java:39] 用户[0:0:0:0:0:0:0:1],在[2025-03-20 13:57:59],访问了[com.nowcoder.community.service.UserService.findUserById].
2025-03-20 13:57:59,358 INFO [http-nio-8080-exec-10] c.n.c.a.ServiceLogAspect [ServiceLogAspect.java:39] 用户[0:0:0:0:0:0:0:1],在[2025-03-20 13:57:59],访问了[com.nowcoder.community.service.LikeService.findEntityLikeCount].
2025-03-20 13:57:59,359 INFO [http-nio-8080-exec-10] c.n.c.a.ServiceLogAspect [ServiceLogAspect.java:39] 用户[0:0:0:0:0:0:0:1],在[2025-03-20 13:57:59],访问了[com.nowcoder.community.service.UserService.findUserById].
2025-03-20 13:57:59,360 INFO [http-nio-8080-exec-10] c.n.c.a.ServiceLogAspect [ServiceLogAspect.java:39] 用户[0:0:0:0:0:0:0:1],在[2025-03-20 13:57:59],访问了[com.nowcoder.community.service.LikeService.findEntityLikeCount].
2025-03-20 13:57:59,361 INFO [http-nio-8080-exec-10] c.n.c.a.ServiceLogAspect [ServiceLogAspect.java:39] 用户[0:0:0:0:0:0:0:1],在[2025-03-20 13:57:59],访问了[com.nowcoder.community.service.UserService.findUserById].
2025-03-20 13:57:59,363 INFO [http-nio-8080-exec-10] c.n.c.a.ServiceLogAspect [ServiceLogAspect.java:39] 用户[0:0:0:0:0:0:0:1],在[2025-03-20 13:57:59],访问了[com.nowcoder.community.service.LikeService.findEntityLikeCount].
2025-03-20 13:57:59,363 INFO [http-nio-8080-exec-10] c.n.c.a.ServiceLogAspect [ServiceLogAspect.java:39] 用户[0:0:0:0:0:0:0:1],在[2025-03-20 13:57:59],访问了[com.nowcoder.community.service.UserService.findUserById].
2025-03-20 13:57:59,367 INFO [http-nio-8080-exec-10] c.n.c.a.ServiceLogAspect [ServiceLogAspect.java:39] 用户[0:0:0:0:0:0:0:1],在[2025-03-20 13:57:59],访问了[com.nowcoder.community.service.LikeService.findEntityLikeCount].
2025-03-20 13:57:59,368 INFO [http-nio-8080-exec-10] c.n.c.a.ServiceLogAspect [ServiceLogAspect.java:39] 用户[0:0:0:0:0:0:0:1],在[2025-03-20 13:57:59],访问了[com.nowcoder.community.service.UserService.findUserById].
2025-03-20 13:57:59,373 INFO [http-nio-8080-exec-10] c.n.c.a.ServiceLogAspect [ServiceLogAspect.java:39] 用户[0:0:0:0:0:0:0:1],在[2025-03-20 13:57:59],访问了[com.nowcoder.community.service.LikeService.findEntityLikeCount].
2025-03-20 13:57:59,374 INFO [http-nio-8080-exec-10] c.n.c.a.ServiceLogAspect [ServiceLogAspect.java:39] 用户[0:0:0:0:0:0:0:1],在[2025-03-20 13:57:59],访问了[com.nowcoder.community.service.UserService.findUserById].
2025-03-20 13:57:59,377 INFO [http-nio-8080-exec-10] c.n.c.a.ServiceLogAspect [ServiceLogAspect.java:39] 用户[0:0:0:0:0:0:0:1],在[2025-03-20 13:57:59],访问了[com.nowcoder.community.service.LikeService.findEntityLikeCount].
2025-03-20 13:57:59,377 INFO [http-nio-8080-exec-10] c.n.c.a.ServiceLogAspect [ServiceLogAspect.java:39] 用户[0:0:0:0:0:0:0:1],在[2025-03-20 13:57:59],访问了[com.nowcoder.community.service.UserService.findUserById].
2025-03-20 13:57:59,379 INFO [http-nio-8080-exec-10] c.n.c.a.ServiceLogAspect [ServiceLogAspect.java:39] 用户[0:0:0:0:0:0:0:1],在[2025-03-20 13:57:59],访问了[com.nowcoder.community.service.LikeService.findEntityLikeCount].
2025-03-20 13:58:00,813 INFO [http-nio-8080-exec-5] c.n.c.a.ServiceLogAspect [ServiceLogAspect.java:39] 用户[0:0:0:0:0:0:0:1],在[2025-03-20 13:58:00],访问了[com.nowcoder.community.service.UserService.findLoginTicket].
2025-03-20 13:58:00,814 INFO [http-nio-8080-exec-5] c.n.c.a.ServiceLogAspect [ServiceLogAspect.java:39] 用户[0:0:0:0:0:0:0:1],在[2025-03-20 13:58:00],访问了[com.nowcoder.community.service.UserService.findUserById].
2025-03-20 13:58:00,817 INFO [http-nio-8080-exec-5] c.n.c.a.ServiceLogAspect [ServiceLogAspect.java:39] 用户[0:0:0:0:0:0:0:1],在[2025-03-20 13:58:00],访问了[com.nowcoder.community.service.DiscussPostService.findDiscussPostById].
2025-03-20 13:58:00,819 INFO [http-nio-8080-exec-5] c.n.c.a.ServiceLogAspect [ServiceLogAspect.java:39] 用户[0:0:0:0:0:0:0:1],在[2025-03-20 13:58:00],访问了[com.nowcoder.community.service.UserService.findUserById].
2025-03-20 13:58:00,820 INFO [http-nio-8080-exec-5] c.n.c.a.ServiceLogAspect [ServiceLogAspect.java:39] 用户[0:0:0:0:0:0:0:1],在[2025-03-20 13:58:00],访问了[com.nowcoder.community.service.LikeService.findEntityLikeCount].
2025-03-20 13:58:00,820 INFO [http-nio-8080-exec-5] c.n.c.a.ServiceLogAspect [ServiceLogAspect.java:39] 用户[0:0:0:0:0:0:0:1],在[2025-03-20 13:58:00],访问了[com.nowcoder.community.service.LikeService.findEntityLikeStatus].
2025-03-20 13:58:00,822 INFO [http-nio-8080-exec-5] c.n.c.a.ServiceLogAspect [ServiceLogAspect.java:39] 用户[0:0:0:0:0:0:0:1],在[2025-03-20 13:58:00],访问了[com.nowcoder.community.service.CommentService.findCommentsByEntity].
2025-03-20 13:58:00,826 INFO [http-nio-8080-exec-5] c.n.c.a.ServiceLogAspect [ServiceLogAspect.java:39] 用户[0:0:0:0:0:0:0:1],在[2025-03-20 13:58:00],访问了[com.nowcoder.community.service.UserService.findUserById].
2025-03-20 13:58:00,829 INFO [http-nio-8080-exec-5] c.n.c.a.ServiceLogAspect [ServiceLogAspect.java:39] 用户[0:0:0:0:0:0:0:1],在[2025-03-20 13:58:00],访问了[com.nowcoder.community.service.LikeService.findEntityLikeCount].
2025-03-20 13:58:00,829 INFO [http-nio-8080-exec-5] c.n.c.a.ServiceLogAspect [ServiceLogAspect.java:39] 用户[0:0:0:0:0:0:0:1],在[2025-03-20 13:58:00],访问了[com.nowcoder.community.service.LikeService.findEntityLikeStatus].
2025-03-20 13:58:00,830 INFO [http-nio-8080-exec-5] c.n.c.a.ServiceLogAspect [ServiceLogAspect.java:39] 用户[0:0:0:0:0:0:0:1],在[2025-03-20 13:58:00],访问了[com.nowcoder.community.service.CommentService.findCommentsByEntity].
2025-03-20 13:58:00,831 INFO [http-nio-8080-exec-5] c.n.c.a.ServiceLogAspect [ServiceLogAspect.java:39] 用户[0:0:0:0:0:0:0:1],在[2025-03-20 13:58:00],访问了[com.nowcoder.community.service.UserService.findUserById].
2025-03-20 13:58:00,834 INFO [http-nio-8080-exec-5] c.n.c.a.ServiceLogAspect [ServiceLogAspect.java:39] 用户[0:0:0:0:0:0:0:1],在[2025-03-20 13:58:00],访问了[com.nowcoder.community.service.LikeService.findEntityLikeCount].
2025-03-20 13:58:00,834 INFO [http-nio-8080-exec-5] c.n.c.a.ServiceLogAspect [ServiceLogAspect.java:39] 用户[0:0:0:0:0:0:0:1],在[2025-03-20 13:58:00],访问了[com.nowcoder.community.service.LikeService.findEntityLikeStatus].
2025-03-20 13:58:00,835 INFO [http-nio-8080-exec-5] c.n.c.a.ServiceLogAspect [ServiceLogAspect.java:39] 用户[0:0:0:0:0:0:0:1],在[2025-03-20 13:58:00],访问了[com.nowcoder.community.service.UserService.findUserById].
2025-03-20 13:58:00,836 INFO [http-nio-8080-exec-5] c.n.c.a.ServiceLogAspect [ServiceLogAspect.java:39] 用户[0:0:0:0:0:0:0:1],在[2025-03-20 13:58:00],访问了[com.nowcoder.community.service.LikeService.findEntityLikeCount].
2025-03-20 13:58:00,837 INFO [http-nio-8080-exec-5] c.n.c.a.ServiceLogAspect [ServiceLogAspect.java:39] 用户[0:0:0:0:0:0:0:1],在[2025-03-20 13:58:00],访问了[com.nowcoder.community.service.LikeService.findEntityLikeStatus].
2025-03-20 13:58:00,837 INFO [http-nio-8080-exec-5] c.n.c.a.ServiceLogAspect [ServiceLogAspect.java:39] 用户[0:0:0:0:0:0:0:1],在[2025-03-20 13:58:00],访问了[com.nowcoder.community.service.CommentService.findCommentCount].
2025-03-20 13:58:00,839 INFO [http-nio-8080-exec-5] c.n.c.a.ServiceLogAspect [ServiceLogAspect.java:39] 用户[0:0:0:0:0:0:0:1],在[2025-03-20 13:58:00],访问了[com.nowcoder.community.service.UserService.findUserById].
2025-03-20 13:58:00,839 INFO [http-nio-8080-exec-5] c.n.c.a.ServiceLogAspect [ServiceLogAspect.java:39] 用户[0:0:0:0:0:0:0:1],在[2025-03-20 13:58:00],访问了[com.nowcoder.community.service.LikeService.findEntityLikeCount].
2025-03-20 13:58:00,840 INFO [http-nio-8080-exec-5] c.n.c.a.ServiceLogAspect [ServiceLogAspect.java:39] 用户[0:0:0:0:0:0:0:1],在[2025-03-20 13:58:00],访问了[com.nowcoder.community.service.LikeService.findEntityLikeStatus].
2025-03-20 13:58:00,840 INFO [http-nio-8080-exec-5] c.n.c.a.ServiceLogAspect [ServiceLogAspect.java:39] 用户[0:0:0:0:0:0:0:1],在[2025-03-20 13:58:00],访问了[com.nowcoder.community.service.CommentService.findCommentsByEntity].
2025-03-20 13:58:00,844 INFO [http-nio-8080-exec-5] c.n.c.a.ServiceLogAspect [ServiceLogAspect.java:39] 用户[0:0:0:0:0:0:0:1],在[2025-03-20 13:58:00],访问了[com.nowcoder.community.service.CommentService.findCommentCount].
2025-03-20 13:58:00,845 INFO [http-nio-8080-exec-5] c.n.c.a.ServiceLogAspect [ServiceLogAspect.java:39] 用户[0:0:0:0:0:0:0:1],在[2025-03-20 13:58:00],访问了[com.nowcoder.community.service.UserService.findUserById].
2025-03-20 13:58:00,848 INFO [http-nio-8080-exec-5] c.n.c.a.ServiceLogAspect [ServiceLogAspect.java:39] 用户[0:0:0:0:0:0:0:1],在[2025-03-20 13:58:00],访问了[com.nowcoder.community.service.LikeService.findEntityLikeCount].
2025-03-20 13:58:00,848 INFO [http-nio-8080-exec-5] c.n.c.a.ServiceLogAspect [ServiceLogAspect.java:39] 用户[0:0:0:0:0:0:0:1],在[2025-03-20 13:58:00],访问了[com.nowcoder.community.service.LikeService.findEntityLikeStatus].
2025-03-20 13:58:00,849 INFO [http-nio-8080-exec-5] c.n.c.a.ServiceLogAspect [ServiceLogAspect.java:39] 用户[0:0:0:0:0:0:0:1],在[2025-03-20 13:58:00],访问了[com.nowcoder.community.service.CommentService.findCommentsByEntity].
2025-03-20 13:58:00,850 INFO [http-nio-8080-exec-5] c.n.c.a.ServiceLogAspect [ServiceLogAspect.java:39] 用户[0:0:0:0:0:0:0:1],在[2025-03-20 13:58:00],访问了[com.nowcoder.community.service.CommentService.findCommentCount].
2025-03-20 13:58:00,851 INFO [http-nio-8080-exec-5] c.n.c.a.ServiceLogAspect [ServiceLogAspect.java:39] 用户[0:0:0:0:0:0:0:1],在[2025-03-20 13:58:00],访问了[com.nowcoder.community.service.UserService.findUserById].
2025-03-20 13:58:00,853 INFO [http-nio-8080-exec-5] c.n.c.a.ServiceLogAspect [ServiceLogAspect.java:39] 用户[0:0:0:0:0:0:0:1],在[2025-03-20 13:58:00],访问了[com.nowcoder.community.service.LikeService.findEntityLikeCount].
2025-03-20 13:58:00,854 INFO [http-nio-8080-exec-5] c.n.c.a.ServiceLogAspect [ServiceLogAspect.java:39] 用户[0:0:0:0:0:0:0:1],在[2025-03-20 13:58:00],访问了[com.nowcoder.community.service.LikeService.findEntityLikeStatus].
2025-03-20 13:58:00,854 INFO [http-nio-8080-exec-5] c.n.c.a.ServiceLogAspect [ServiceLogAspect.java:39] 用户[0:0:0:0:0:0:0:1],在[2025-03-20 13:58:00],访问了[com.nowcoder.community.service.CommentService.findCommentsByEntity].
2025-03-20 13:58:00,855 INFO [http-nio-8080-exec-5] c.n.c.a.ServiceLogAspect [ServiceLogAspect.java:39] 用户[0:0:0:0:0:0:0:1],在[2025-03-20 13:58:00],访问了[com.nowcoder.community.service.CommentService.findCommentCount].
2025-03-20 13:58:00,856 INFO [http-nio-8080-exec-5] c.n.c.a.ServiceLogAspect [ServiceLogAspect.java:39] 用户[0:0:0:0:0:0:0:1],在[2025-03-20 13:58:00],访问了[com.nowcoder.community.service.UserService.findUserById].
2025-03-20 13:58:00,857 INFO [http-nio-8080-exec-5] c.n.c.a.ServiceLogAspect [ServiceLogAspect.java:39] 用户[0:0:0:0:0:0:0:1],在[2025-03-20 13:58:00],访问了[com.nowcoder.community.service.LikeService.findEntityLikeCount].
2025-03-20 13:58:00,858 INFO [http-nio-8080-exec-5] c.n.c.a.ServiceLogAspect [ServiceLogAspect.java:39] 用户[0:0:0:0:0:0:0:1],在[2025-03-20 13:58:00],访问了[com.nowcoder.community.service.LikeService.findEntityLikeStatus].
2025-03-20 13:58:00,858 INFO [http-nio-8080-exec-5] c.n.c.a.ServiceLogAspect [ServiceLogAspect.java:39] 用户[0:0:0:0:0:0:0:1],在[2025-03-20 13:58:00],访问了[com.nowcoder.community.service.CommentService.findCommentsByEntity].
2025-03-20 13:58:00,860 INFO [http-nio-8080-exec-5] c.n.c.a.ServiceLogAspect [ServiceLogAspect.java:39] 用户[0:0:0:0:0:0:0:1],在[2025-03-20 13:58:00],访问了[com.nowcoder.community.service.CommentService.findCommentCount].
2025-03-20 13:58:09,306 INFO [http-nio-8080-exec-9] c.n.c.a.ServiceLogAspect [ServiceLogAspect.java:39] 用户[0:0:0:0:0:0:0:1],在[2025-03-20 13:58:09],访问了[com.nowcoder.community.service.UserService.findLoginTicket].
2025-03-20 13:58:09,307 INFO [http-nio-8080-exec-9] c.n.c.a.ServiceLogAspect [ServiceLogAspect.java:39] 用户[0:0:0:0:0:0:0:1],在[2025-03-20 13:58:09],访问了[com.nowcoder.community.service.UserService.findUserById].
2025-03-20 13:58:09,313 INFO [http-nio-8080-exec-9] c.n.c.a.ServiceLogAspect [ServiceLogAspect.java:39] 用户[0:0:0:0:0:0:0:1],在[2025-03-20 13:58:09],访问了[com.nowcoder.community.service.CommentService.addComment].
2025-03-20 13:58:09,337 INFO [http-nio-8080-exec-9] c.n.c.a.ServiceLogAspect [ServiceLogAspect.java:39] 用户[0:0:0:0:0:0:0:1],在[2025-03-20 13:58:09],访问了[com.nowcoder.community.service.DiscussPostService.updateCommentCount].
2025-03-20 13:58:09,337 INFO [http-nio-8080-exec-9] c.n.c.a.ServiceLogAspect [ServiceLogAspect.java:39] 用户[0:0:0:0:0:0:0:1],在[2025-03-20 13:58:09],访问了[com.nowcoder.community.service.DiscussPostService.findDiscussPostById].
2025-03-20 13:58:09,456 INFO [http-nio-8080-exec-9] o.a.k.c.p.ProducerConfig [AbstractConfig.java:372] ProducerConfig values: 
	acks = -1
	auto.include.jmx.reporter = true
	batch.size = 16384
	bootstrap.servers = [localhost:9092]
	buffer.memory = 33554432
	client.dns.lookup = use_all_dns_ips
	client.id = producer-1
	compression.gzip.level = -1
	compression.lz4.level = 9
	compression.type = none
	compression.zstd.level = 3
	connections.max.idle.ms = 540000
	delivery.timeout.ms = 120000
	enable.idempotence = true
	enable.metrics.push = true
	interceptor.classes = []
	key.serializer = class org.apache.kafka.common.serialization.StringSerializer
	linger.ms = 0
	max.block.ms = 60000
	max.in.flight.requests.per.connection = 5
	max.request.size = 1048576
	metadata.max.age.ms = 300000
	metadata.max.idle.ms = 300000
	metadata.recovery.strategy = none
	metric.reporters = []
	metrics.num.samples = 2
	metrics.recording.level = INFO
	metrics.sample.window.ms = 30000
	partitioner.adaptive.partitioning.enable = true
	partitioner.availability.timeout.ms = 0
	partitioner.class = null
	partitioner.ignore.keys = false
	receive.buffer.bytes = 32768
	reconnect.backoff.max.ms = 1000
	reconnect.backoff.ms = 50
	request.timeout.ms = 30000
	retries = 2147483647
	retry.backoff.max.ms = 1000
	retry.backoff.ms = 100
	sasl.client.callback.handler.class = null
	sasl.jaas.config = null
	sasl.kerberos.kinit.cmd = /usr/bin/kinit
	sasl.kerberos.min.time.before.relogin = 60000
	sasl.kerberos.service.name = null
	sasl.kerberos.ticket.renew.jitter = 0.05
	sasl.kerberos.ticket.renew.window.factor = 0.8
	sasl.login.callback.handler.class = null
	sasl.login.class = null
	sasl.login.connect.timeout.ms = null
	sasl.login.read.timeout.ms = null
	sasl.login.refresh.buffer.seconds = 300
	sasl.login.refresh.min.period.seconds = 60
	sasl.login.refresh.window.factor = 0.8
	sasl.login.refresh.window.jitter = 0.05
	sasl.login.retry.backoff.max.ms = 10000
	sasl.login.retry.backoff.ms = 100
	sasl.mechanism = GSSAPI
	sasl.oauthbearer.clock.skew.seconds = 30
	sasl.oauthbearer.expected.audience = null
	sasl.oauthbearer.expected.issuer = null
	sasl.oauthbearer.jwks.endpoint.refresh.ms = 3600000
	sasl.oauthbearer.jwks.endpoint.retry.backoff.max.ms = 10000
	sasl.oauthbearer.jwks.endpoint.retry.backoff.ms = 100
	sasl.oauthbearer.jwks.endpoint.url = null
	sasl.oauthbearer.scope.claim.name = scope
	sasl.oauthbearer.sub.claim.name = sub
	sasl.oauthbearer.token.endpoint.url = null
	security.protocol = PLAINTEXT
	security.providers = null
	send.buffer.bytes = 131072
	socket.connection.setup.timeout.max.ms = 30000
	socket.connection.setup.timeout.ms = 10000
	ssl.cipher.suites = null
	ssl.enabled.protocols = [TLSv1.2, TLSv1.3]
	ssl.endpoint.identification.algorithm = https
	ssl.engine.factory.class = null
	ssl.key.password = null
	ssl.keymanager.algorithm = SunX509
	ssl.keystore.certificate.chain = null
	ssl.keystore.key = null
	ssl.keystore.location = null
	ssl.keystore.password = null
	ssl.keystore.type = JKS
	ssl.protocol = TLSv1.3
	ssl.provider = null
	ssl.secure.random.implementation = null
	ssl.trustmanager.algorithm = PKIX
	ssl.truststore.certificates = null
	ssl.truststore.location = null
	ssl.truststore.password = null
	ssl.truststore.type = JKS
	transaction.timeout.ms = 60000
	transactional.id = null
	value.serializer = class org.apache.kafka.common.serialization.StringSerializer

2025-03-20 13:58:09,457 INFO [http-nio-8080-exec-9] o.a.k.c.t.i.KafkaMetricsCollector [KafkaMetricsCollector.java:269] initializing Kafka metrics collector
2025-03-20 13:58:09,463 INFO [http-nio-8080-exec-9] o.a.k.c.p.KafkaProducer [KafkaProducer.java:621] [Producer clientId=producer-1] Instantiated an idempotent producer.
2025-03-20 13:58:09,485 INFO [http-nio-8080-exec-9] o.a.k.c.u.AppInfoParser [AppInfoParser.java:124] Kafka version: 3.8.1
2025-03-20 13:58:09,486 INFO [http-nio-8080-exec-9] o.a.k.c.u.AppInfoParser [AppInfoParser.java:125] Kafka commitId: 70d6ff42debf7e17
2025-03-20 13:58:09,486 INFO [http-nio-8080-exec-9] o.a.k.c.u.AppInfoParser [AppInfoParser.java:126] Kafka startTimeMs: 1742450289485
2025-03-20 13:58:09,486 INFO [kafka-producer-network-thread | producer-1] o.a.k.c.Metadata [Metadata.java:364] [Producer clientId=producer-1] Cluster ID: cahCa2tqRnq3OYXiEm_sPA
2025-03-20 13:58:09,495 INFO [kafka-producer-network-thread | producer-1] o.a.k.c.p.i.TransactionManager [TransactionManager.java:502] [Producer clientId=producer-1] ProducerId set to 1000 with epoch 0
2025-03-20 13:58:09,512 INFO [http-nio-8080-exec-8] c.n.c.a.ServiceLogAspect [ServiceLogAspect.java:39] 用户[0:0:0:0:0:0:0:1],在[2025-03-20 13:58:09],访问了[com.nowcoder.community.service.UserService.findLoginTicket].
2025-03-20 13:58:09,513 INFO [http-nio-8080-exec-8] c.n.c.a.ServiceLogAspect [ServiceLogAspect.java:39] 用户[0:0:0:0:0:0:0:1],在[2025-03-20 13:58:09],访问了[com.nowcoder.community.service.UserService.findUserById].
2025-03-20 13:58:09,513 INFO [http-nio-8080-exec-8] c.n.c.a.ServiceLogAspect [ServiceLogAspect.java:39] 用户[0:0:0:0:0:0:0:1],在[2025-03-20 13:58:09],访问了[com.nowcoder.community.service.DiscussPostService.findDiscussPostById].
2025-03-20 13:58:09,513 INFO [http-nio-8080-exec-8] c.n.c.a.ServiceLogAspect [ServiceLogAspect.java:39] 用户[0:0:0:0:0:0:0:1],在[2025-03-20 13:58:09],访问了[com.nowcoder.community.service.UserService.findUserById].
2025-03-20 13:58:09,513 INFO [http-nio-8080-exec-8] c.n.c.a.ServiceLogAspect [ServiceLogAspect.java:39] 用户[0:0:0:0:0:0:0:1],在[2025-03-20 13:58:09],访问了[com.nowcoder.community.service.LikeService.findEntityLikeCount].
2025-03-20 13:58:09,513 INFO [http-nio-8080-exec-8] c.n.c.a.ServiceLogAspect [ServiceLogAspect.java:39] 用户[0:0:0:0:0:0:0:1],在[2025-03-20 13:58:09],访问了[com.nowcoder.community.service.LikeService.findEntityLikeStatus].
2025-03-20 13:58:09,513 INFO [http-nio-8080-exec-8] c.n.c.a.ServiceLogAspect [ServiceLogAspect.java:39] 用户[0:0:0:0:0:0:0:1],在[2025-03-20 13:58:09],访问了[com.nowcoder.community.service.CommentService.findCommentsByEntity].
2025-03-20 13:58:09,522 INFO [http-nio-8080-exec-8] c.n.c.a.ServiceLogAspect [ServiceLogAspect.java:39] 用户[0:0:0:0:0:0:0:1],在[2025-03-20 13:58:09],访问了[com.nowcoder.community.service.UserService.findUserById].
2025-03-20 13:58:09,523 INFO [http-nio-8080-exec-8] c.n.c.a.ServiceLogAspect [ServiceLogAspect.java:39] 用户[0:0:0:0:0:0:0:1],在[2025-03-20 13:58:09],访问了[com.nowcoder.community.service.LikeService.findEntityLikeCount].
2025-03-20 13:58:09,524 INFO [http-nio-8080-exec-8] c.n.c.a.ServiceLogAspect [ServiceLogAspect.java:39] 用户[0:0:0:0:0:0:0:1],在[2025-03-20 13:58:09],访问了[com.nowcoder.community.service.LikeService.findEntityLikeStatus].
2025-03-20 13:58:09,524 INFO [http-nio-8080-exec-8] c.n.c.a.ServiceLogAspect [ServiceLogAspect.java:39] 用户[0:0:0:0:0:0:0:1],在[2025-03-20 13:58:09],访问了[com.nowcoder.community.service.CommentService.findCommentsByEntity].
2025-03-20 13:58:09,526 INFO [http-nio-8080-exec-8] c.n.c.a.ServiceLogAspect [ServiceLogAspect.java:39] 用户[0:0:0:0:0:0:0:1],在[2025-03-20 13:58:09],访问了[com.nowcoder.community.service.UserService.findUserById].
2025-03-20 13:58:09,528 INFO [http-nio-8080-exec-8] c.n.c.a.ServiceLogAspect [ServiceLogAspect.java:39] 用户[0:0:0:0:0:0:0:1],在[2025-03-20 13:58:09],访问了[com.nowcoder.community.service.LikeService.findEntityLikeCount].
2025-03-20 13:58:09,528 INFO [http-nio-8080-exec-8] c.n.c.a.ServiceLogAspect [ServiceLogAspect.java:39] 用户[0:0:0:0:0:0:0:1],在[2025-03-20 13:58:09],访问了[com.nowcoder.community.service.LikeService.findEntityLikeStatus].
2025-03-20 13:58:09,529 INFO [http-nio-8080-exec-8] c.n.c.a.ServiceLogAspect [ServiceLogAspect.java:39] 用户[0:0:0:0:0:0:0:1],在[2025-03-20 13:58:09],访问了[com.nowcoder.community.service.UserService.findUserById].
2025-03-20 13:58:09,530 INFO [http-nio-8080-exec-8] c.n.c.a.ServiceLogAspect [ServiceLogAspect.java:39] 用户[0:0:0:0:0:0:0:1],在[2025-03-20 13:58:09],访问了[com.nowcoder.community.service.LikeService.findEntityLikeCount].
2025-03-20 13:58:09,530 INFO [http-nio-8080-exec-8] c.n.c.a.ServiceLogAspect [ServiceLogAspect.java:39] 用户[0:0:0:0:0:0:0:1],在[2025-03-20 13:58:09],访问了[com.nowcoder.community.service.LikeService.findEntityLikeStatus].
2025-03-20 13:58:09,530 INFO [http-nio-8080-exec-8] c.n.c.a.ServiceLogAspect [ServiceLogAspect.java:39] 用户[0:0:0:0:0:0:0:1],在[2025-03-20 13:58:09],访问了[com.nowcoder.community.service.CommentService.findCommentCount].
2025-03-20 13:58:09,530 INFO [http-nio-8080-exec-8] c.n.c.a.ServiceLogAspect [ServiceLogAspect.java:39] 用户[0:0:0:0:0:0:0:1],在[2025-03-20 13:58:09],访问了[com.nowcoder.community.service.UserService.findUserById].
2025-03-20 13:58:09,530 INFO [http-nio-8080-exec-8] c.n.c.a.ServiceLogAspect [ServiceLogAspect.java:39] 用户[0:0:0:0:0:0:0:1],在[2025-03-20 13:58:09],访问了[com.nowcoder.community.service.LikeService.findEntityLikeCount].
2025-03-20 13:58:09,530 INFO [http-nio-8080-exec-8] c.n.c.a.ServiceLogAspect [ServiceLogAspect.java:39] 用户[0:0:0:0:0:0:0:1],在[2025-03-20 13:58:09],访问了[com.nowcoder.community.service.LikeService.findEntityLikeStatus].
2025-03-20 13:58:09,530 INFO [http-nio-8080-exec-8] c.n.c.a.ServiceLogAspect [ServiceLogAspect.java:39] 用户[0:0:0:0:0:0:0:1],在[2025-03-20 13:58:09],访问了[com.nowcoder.community.service.CommentService.findCommentsByEntity].
2025-03-20 13:58:09,537 INFO [http-nio-8080-exec-8] c.n.c.a.ServiceLogAspect [ServiceLogAspect.java:39] 用户[0:0:0:0:0:0:0:1],在[2025-03-20 13:58:09],访问了[com.nowcoder.community.service.CommentService.findCommentCount].
2025-03-20 13:58:09,537 INFO [http-nio-8080-exec-8] c.n.c.a.ServiceLogAspect [ServiceLogAspect.java:39] 用户[0:0:0:0:0:0:0:1],在[2025-03-20 13:58:09],访问了[com.nowcoder.community.service.UserService.findUserById].
2025-03-20 13:58:09,538 INFO [http-nio-8080-exec-8] c.n.c.a.ServiceLogAspect [ServiceLogAspect.java:39] 用户[0:0:0:0:0:0:0:1],在[2025-03-20 13:58:09],访问了[com.nowcoder.community.service.LikeService.findEntityLikeCount].
2025-03-20 13:58:09,539 INFO [http-nio-8080-exec-8] c.n.c.a.ServiceLogAspect [ServiceLogAspect.java:39] 用户[0:0:0:0:0:0:0:1],在[2025-03-20 13:58:09],访问了[com.nowcoder.community.service.LikeService.findEntityLikeStatus].
2025-03-20 13:58:09,539 INFO [http-nio-8080-exec-8] c.n.c.a.ServiceLogAspect [ServiceLogAspect.java:39] 用户[0:0:0:0:0:0:0:1],在[2025-03-20 13:58:09],访问了[com.nowcoder.community.service.CommentService.findCommentsByEntity].
2025-03-20 13:58:09,542 INFO [http-nio-8080-exec-8] c.n.c.a.ServiceLogAspect [ServiceLogAspect.java:39] 用户[0:0:0:0:0:0:0:1],在[2025-03-20 13:58:09],访问了[com.nowcoder.community.service.CommentService.findCommentCount].
2025-03-20 13:58:09,542 INFO [http-nio-8080-exec-8] c.n.c.a.ServiceLogAspect [ServiceLogAspect.java:39] 用户[0:0:0:0:0:0:0:1],在[2025-03-20 13:58:09],访问了[com.nowcoder.community.service.UserService.findUserById].
2025-03-20 13:58:09,543 INFO [http-nio-8080-exec-8] c.n.c.a.ServiceLogAspect [ServiceLogAspect.java:39] 用户[0:0:0:0:0:0:0:1],在[2025-03-20 13:58:09],访问了[com.nowcoder.community.service.LikeService.findEntityLikeCount].
2025-03-20 13:58:09,543 INFO [http-nio-8080-exec-8] c.n.c.a.ServiceLogAspect [ServiceLogAspect.java:39] 用户[0:0:0:0:0:0:0:1],在[2025-03-20 13:58:09],访问了[com.nowcoder.community.service.LikeService.findEntityLikeStatus].
2025-03-20 13:58:09,544 INFO [http-nio-8080-exec-8] c.n.c.a.ServiceLogAspect [ServiceLogAspect.java:39] 用户[0:0:0:0:0:0:0:1],在[2025-03-20 13:58:09],访问了[com.nowcoder.community.service.CommentService.findCommentsByEntity].
2025-03-20 13:58:09,545 INFO [http-nio-8080-exec-8] c.n.c.a.ServiceLogAspect [ServiceLogAspect.java:39] 用户[0:0:0:0:0:0:0:1],在[2025-03-20 13:58:09],访问了[com.nowcoder.community.service.CommentService.findCommentCount].
2025-03-20 13:58:09,547 INFO [http-nio-8080-exec-8] c.n.c.a.ServiceLogAspect [ServiceLogAspect.java:39] 用户[0:0:0:0:0:0:0:1],在[2025-03-20 13:58:09],访问了[com.nowcoder.community.service.UserService.findUserById].
2025-03-20 13:58:09,547 INFO [http-nio-8080-exec-8] c.n.c.a.ServiceLogAspect [ServiceLogAspect.java:39] 用户[0:0:0:0:0:0:0:1],在[2025-03-20 13:58:09],访问了[com.nowcoder.community.service.LikeService.findEntityLikeCount].
2025-03-20 13:58:09,547 INFO [http-nio-8080-exec-8] c.n.c.a.ServiceLogAspect [ServiceLogAspect.java:39] 用户[0:0:0:0:0:0:0:1],在[2025-03-20 13:58:09],访问了[com.nowcoder.community.service.LikeService.findEntityLikeStatus].
2025-03-20 13:58:09,547 INFO [http-nio-8080-exec-8] c.n.c.a.ServiceLogAspect [ServiceLogAspect.java:39] 用户[0:0:0:0:0:0:0:1],在[2025-03-20 13:58:09],访问了[com.nowcoder.community.service.CommentService.findCommentsByEntity].
2025-03-20 13:58:09,547 INFO [http-nio-8080-exec-8] c.n.c.a.ServiceLogAspect [ServiceLogAspect.java:39] 用户[0:0:0:0:0:0:0:1],在[2025-03-20 13:58:09],访问了[com.nowcoder.community.service.CommentService.findCommentCount].
2025-03-20 13:59:41,770 INFO [http-nio-8080-exec-6] c.n.c.a.ServiceLogAspect [ServiceLogAspect.java:39] 用户[0:0:0:0:0:0:0:1],在[2025-03-20 13:59:41],访问了[com.nowcoder.community.service.UserService.findLoginTicket].
2025-03-20 13:59:41,772 INFO [http-nio-8080-exec-6] c.n.c.a.ServiceLogAspect [ServiceLogAspect.java:39] 用户[0:0:0:0:0:0:0:1],在[2025-03-20 13:59:41],访问了[com.nowcoder.community.service.UserService.findUserById].
2025-03-20 13:59:41,776 INFO [http-nio-8080-exec-6] c.n.c.a.ServiceLogAspect [ServiceLogAspect.java:39] 用户[0:0:0:0:0:0:0:1],在[2025-03-20 13:59:41],访问了[com.nowcoder.community.service.CommentService.addComment].
2025-03-20 13:59:41,779 INFO [http-nio-8080-exec-6] c.n.c.a.ServiceLogAspect [ServiceLogAspect.java:39] 用户[0:0:0:0:0:0:0:1],在[2025-03-20 13:59:41],访问了[com.nowcoder.community.service.DiscussPostService.updateCommentCount].
2025-03-20 13:59:41,783 INFO [http-nio-8080-exec-6] c.n.c.a.ServiceLogAspect [ServiceLogAspect.java:39] 用户[0:0:0:0:0:0:0:1],在[2025-03-20 13:59:41],访问了[com.nowcoder.community.service.DiscussPostService.findDiscussPostById].
2025-03-20 13:59:41,797 INFO [http-nio-8080-exec-7] c.n.c.a.ServiceLogAspect [ServiceLogAspect.java:39] 用户[0:0:0:0:0:0:0:1],在[2025-03-20 13:59:41],访问了[com.nowcoder.community.service.UserService.findLoginTicket].
2025-03-20 13:59:41,797 INFO [http-nio-8080-exec-7] c.n.c.a.ServiceLogAspect [ServiceLogAspect.java:39] 用户[0:0:0:0:0:0:0:1],在[2025-03-20 13:59:41],访问了[com.nowcoder.community.service.UserService.findUserById].
2025-03-20 13:59:41,797 INFO [http-nio-8080-exec-7] c.n.c.a.ServiceLogAspect [ServiceLogAspect.java:39] 用户[0:0:0:0:0:0:0:1],在[2025-03-20 13:59:41],访问了[com.nowcoder.community.service.DiscussPostService.findDiscussPostById].
2025-03-20 13:59:41,805 INFO [http-nio-8080-exec-7] c.n.c.a.ServiceLogAspect [ServiceLogAspect.java:39] 用户[0:0:0:0:0:0:0:1],在[2025-03-20 13:59:41],访问了[com.nowcoder.community.service.UserService.findUserById].
2025-03-20 13:59:41,805 INFO [http-nio-8080-exec-7] c.n.c.a.ServiceLogAspect [ServiceLogAspect.java:39] 用户[0:0:0:0:0:0:0:1],在[2025-03-20 13:59:41],访问了[com.nowcoder.community.service.LikeService.findEntityLikeCount].
2025-03-20 13:59:41,805 INFO [http-nio-8080-exec-7] c.n.c.a.ServiceLogAspect [ServiceLogAspect.java:39] 用户[0:0:0:0:0:0:0:1],在[2025-03-20 13:59:41],访问了[com.nowcoder.community.service.LikeService.findEntityLikeStatus].
2025-03-20 13:59:41,805 INFO [http-nio-8080-exec-7] c.n.c.a.ServiceLogAspect [ServiceLogAspect.java:39] 用户[0:0:0:0:0:0:0:1],在[2025-03-20 13:59:41],访问了[com.nowcoder.community.service.CommentService.findCommentsByEntity].
2025-03-20 13:59:41,805 INFO [http-nio-8080-exec-7] c.n.c.a.ServiceLogAspect [ServiceLogAspect.java:39] 用户[0:0:0:0:0:0:0:1],在[2025-03-20 13:59:41],访问了[com.nowcoder.community.service.UserService.findUserById].
2025-03-20 13:59:41,812 INFO [http-nio-8080-exec-7] c.n.c.a.ServiceLogAspect [ServiceLogAspect.java:39] 用户[0:0:0:0:0:0:0:1],在[2025-03-20 13:59:41],访问了[com.nowcoder.community.service.LikeService.findEntityLikeCount].
2025-03-20 13:59:41,812 INFO [http-nio-8080-exec-7] c.n.c.a.ServiceLogAspect [ServiceLogAspect.java:39] 用户[0:0:0:0:0:0:0:1],在[2025-03-20 13:59:41],访问了[com.nowcoder.community.service.LikeService.findEntityLikeStatus].
2025-03-20 13:59:41,813 INFO [http-nio-8080-exec-7] c.n.c.a.ServiceLogAspect [ServiceLogAspect.java:39] 用户[0:0:0:0:0:0:0:1],在[2025-03-20 13:59:41],访问了[com.nowcoder.community.service.CommentService.findCommentsByEntity].
2025-03-20 13:59:41,813 INFO [http-nio-8080-exec-7] c.n.c.a.ServiceLogAspect [ServiceLogAspect.java:39] 用户[0:0:0:0:0:0:0:1],在[2025-03-20 13:59:41],访问了[com.nowcoder.community.service.UserService.findUserById].
2025-03-20 13:59:41,813 INFO [http-nio-8080-exec-7] c.n.c.a.ServiceLogAspect [ServiceLogAspect.java:39] 用户[0:0:0:0:0:0:0:1],在[2025-03-20 13:59:41],访问了[com.nowcoder.community.service.LikeService.findEntityLikeCount].
2025-03-20 13:59:41,813 INFO [http-nio-8080-exec-7] c.n.c.a.ServiceLogAspect [ServiceLogAspect.java:39] 用户[0:0:0:0:0:0:0:1],在[2025-03-20 13:59:41],访问了[com.nowcoder.community.service.LikeService.findEntityLikeStatus].
2025-03-20 13:59:41,813 INFO [http-nio-8080-exec-7] c.n.c.a.ServiceLogAspect [ServiceLogAspect.java:39] 用户[0:0:0:0:0:0:0:1],在[2025-03-20 13:59:41],访问了[com.nowcoder.community.service.UserService.findUserById].
2025-03-20 13:59:41,813 INFO [http-nio-8080-exec-7] c.n.c.a.ServiceLogAspect [ServiceLogAspect.java:39] 用户[0:0:0:0:0:0:0:1],在[2025-03-20 13:59:41],访问了[com.nowcoder.community.service.LikeService.findEntityLikeCount].
2025-03-20 13:59:41,813 INFO [http-nio-8080-exec-7] c.n.c.a.ServiceLogAspect [ServiceLogAspect.java:39] 用户[0:0:0:0:0:0:0:1],在[2025-03-20 13:59:41],访问了[com.nowcoder.community.service.LikeService.findEntityLikeStatus].
2025-03-20 13:59:41,813 INFO [http-nio-8080-exec-7] c.n.c.a.ServiceLogAspect [ServiceLogAspect.java:39] 用户[0:0:0:0:0:0:0:1],在[2025-03-20 13:59:41],访问了[com.nowcoder.community.service.CommentService.findCommentCount].
2025-03-20 13:59:41,819 INFO [http-nio-8080-exec-7] c.n.c.a.ServiceLogAspect [ServiceLogAspect.java:39] 用户[0:0:0:0:0:0:0:1],在[2025-03-20 13:59:41],访问了[com.nowcoder.community.service.UserService.findUserById].
2025-03-20 13:59:41,819 INFO [http-nio-8080-exec-7] c.n.c.a.ServiceLogAspect [ServiceLogAspect.java:39] 用户[0:0:0:0:0:0:0:1],在[2025-03-20 13:59:41],访问了[com.nowcoder.community.service.LikeService.findEntityLikeCount].
2025-03-20 13:59:41,819 INFO [http-nio-8080-exec-7] c.n.c.a.ServiceLogAspect [ServiceLogAspect.java:39] 用户[0:0:0:0:0:0:0:1],在[2025-03-20 13:59:41],访问了[com.nowcoder.community.service.LikeService.findEntityLikeStatus].
2025-03-20 13:59:41,820 INFO [http-nio-8080-exec-7] c.n.c.a.ServiceLogAspect [ServiceLogAspect.java:39] 用户[0:0:0:0:0:0:0:1],在[2025-03-20 13:59:41],访问了[com.nowcoder.community.service.CommentService.findCommentsByEntity].
2025-03-20 13:59:41,822 INFO [http-nio-8080-exec-7] c.n.c.a.ServiceLogAspect [ServiceLogAspect.java:39] 用户[0:0:0:0:0:0:0:1],在[2025-03-20 13:59:41],访问了[com.nowcoder.community.service.CommentService.findCommentCount].
2025-03-20 13:59:41,822 INFO [http-nio-8080-exec-7] c.n.c.a.ServiceLogAspect [ServiceLogAspect.java:39] 用户[0:0:0:0:0:0:0:1],在[2025-03-20 13:59:41],访问了[com.nowcoder.community.service.UserService.findUserById].
2025-03-20 13:59:41,822 INFO [http-nio-8080-exec-7] c.n.c.a.ServiceLogAspect [ServiceLogAspect.java:39] 用户[0:0:0:0:0:0:0:1],在[2025-03-20 13:59:41],访问了[com.nowcoder.community.service.LikeService.findEntityLikeCount].
2025-03-20 13:59:41,822 INFO [http-nio-8080-exec-7] c.n.c.a.ServiceLogAspect [ServiceLogAspect.java:39] 用户[0:0:0:0:0:0:0:1],在[2025-03-20 13:59:41],访问了[com.nowcoder.community.service.LikeService.findEntityLikeStatus].
2025-03-20 13:59:41,822 INFO [http-nio-8080-exec-7] c.n.c.a.ServiceLogAspect [ServiceLogAspect.java:39] 用户[0:0:0:0:0:0:0:1],在[2025-03-20 13:59:41],访问了[com.nowcoder.community.service.CommentService.findCommentsByEntity].
2025-03-20 13:59:41,822 INFO [http-nio-8080-exec-7] c.n.c.a.ServiceLogAspect [ServiceLogAspect.java:39] 用户[0:0:0:0:0:0:0:1],在[2025-03-20 13:59:41],访问了[com.nowcoder.community.service.CommentService.findCommentCount].
2025-03-20 13:59:41,822 INFO [http-nio-8080-exec-7] c.n.c.a.ServiceLogAspect [ServiceLogAspect.java:39] 用户[0:0:0:0:0:0:0:1],在[2025-03-20 13:59:41],访问了[com.nowcoder.community.service.UserService.findUserById].
2025-03-20 13:59:41,822 INFO [http-nio-8080-exec-7] c.n.c.a.ServiceLogAspect [ServiceLogAspect.java:39] 用户[0:0:0:0:0:0:0:1],在[2025-03-20 13:59:41],访问了[com.nowcoder.community.service.LikeService.findEntityLikeCount].
2025-03-20 13:59:41,822 INFO [http-nio-8080-exec-7] c.n.c.a.ServiceLogAspect [ServiceLogAspect.java:39] 用户[0:0:0:0:0:0:0:1],在[2025-03-20 13:59:41],访问了[com.nowcoder.community.service.LikeService.findEntityLikeStatus].
2025-03-20 13:59:41,829 INFO [http-nio-8080-exec-7] c.n.c.a.ServiceLogAspect [ServiceLogAspect.java:39] 用户[0:0:0:0:0:0:0:1],在[2025-03-20 13:59:41],访问了[com.nowcoder.community.service.CommentService.findCommentsByEntity].
2025-03-20 13:59:41,831 INFO [http-nio-8080-exec-7] c.n.c.a.ServiceLogAspect [ServiceLogAspect.java:39] 用户[0:0:0:0:0:0:0:1],在[2025-03-20 13:59:41],访问了[com.nowcoder.community.service.CommentService.findCommentCount].
2025-03-20 13:59:41,832 INFO [http-nio-8080-exec-7] c.n.c.a.ServiceLogAspect [ServiceLogAspect.java:39] 用户[0:0:0:0:0:0:0:1],在[2025-03-20 13:59:41],访问了[com.nowcoder.community.service.UserService.findUserById].
2025-03-20 13:59:41,832 INFO [http-nio-8080-exec-7] c.n.c.a.ServiceLogAspect [ServiceLogAspect.java:39] 用户[0:0:0:0:0:0:0:1],在[2025-03-20 13:59:41],访问了[com.nowcoder.community.service.LikeService.findEntityLikeCount].
2025-03-20 13:59:41,833 INFO [http-nio-8080-exec-7] c.n.c.a.ServiceLogAspect [ServiceLogAspect.java:39] 用户[0:0:0:0:0:0:0:1],在[2025-03-20 13:59:41],访问了[com.nowcoder.community.service.LikeService.findEntityLikeStatus].
2025-03-20 13:59:41,833 INFO [http-nio-8080-exec-7] c.n.c.a.ServiceLogAspect [ServiceLogAspect.java:39] 用户[0:0:0:0:0:0:0:1],在[2025-03-20 13:59:41],访问了[com.nowcoder.community.service.CommentService.findCommentsByEntity].
2025-03-20 13:59:41,834 INFO [http-nio-8080-exec-7] c.n.c.a.ServiceLogAspect [ServiceLogAspect.java:39] 用户[0:0:0:0:0:0:0:1],在[2025-03-20 13:59:41],访问了[com.nowcoder.community.service.CommentService.findCommentCount].
2025-03-20 14:06:40,138 INFO [org.springframework.kafka.KafkaListenerEndpointContainer#0-0-C-1] o.a.k.c.NetworkClient [NetworkClient.java:1017] [Consumer clientId=consumer-test-consumer-group-1, groupId=test-consumer-group] Node -1 disconnected.
2025-03-20 14:07:09,566 INFO [kafka-producer-network-thread | producer-1] o.a.k.c.NetworkClient [NetworkClient.java:1017] [Producer clientId=producer-1] Node -1 disconnected.
2025-03-20 14:16:39,859 INFO [org.springframework.kafka.KafkaListenerEndpointContainer#0-0-C-1] o.a.k.c.NetworkClient [NetworkClient.java:1017] [Consumer clientId=consumer-test-consumer-group-1, groupId=test-consumer-group] Node -1 disconnected.
2025-03-20 14:17:09,559 INFO [kafka-producer-network-thread | producer-1] o.a.k.c.NetworkClient [NetworkClient.java:1017] [Producer clientId=producer-1] Node -1 disconnected.
2025-03-20 14:22:35,699 INFO [org.springframework.kafka.KafkaListenerEndpointContainer#0-0-C-1] o.a.k.c.c.i.ConsumerRebalanceListenerInvoker [ConsumerRebalanceListenerInvoker.java:79] [Consumer clientId=consumer-test-consumer-group-1, groupId=test-consumer-group] Revoke previously assigned partitions comment-0, follow-0, like-0
2025-03-20 14:22:35,701 INFO [org.springframework.kafka.KafkaListenerEndpointContainer#0-0-C-1] o.s.k.l.KafkaMessageListenerContainer [LogAccessor.java:292] test-consumer-group: partitions revoked: [comment-0, follow-0, like-0]
2025-03-20 14:22:35,702 INFO [org.springframework.kafka.KafkaListenerEndpointContainer#0-0-C-1] o.a.k.c.c.i.ConsumerCoordinator [AbstractCoordinator.java:1173] [Consumer clientId=consumer-test-consumer-group-1, groupId=test-consumer-group] Member consumer-test-consumer-group-1-edbc0c83-613a-4dca-8f61-b6abcc2517b0 sending LeaveGroup request to coordinator 10.99.237.116:9092 (id: 2147483647 rack: null) due to the consumer unsubscribed from all topics
2025-03-20 14:22:35,702 INFO [org.springframework.kafka.KafkaListenerEndpointContainer#0-0-C-1] o.a.k.c.c.i.ConsumerCoordinator [AbstractCoordinator.java:1055] [Consumer clientId=consumer-test-consumer-group-1, groupId=test-consumer-group] Resetting generation and member id due to: consumer pro-actively leaving the group
2025-03-20 14:22:35,703 INFO [org.springframework.kafka.KafkaListenerEndpointContainer#0-0-C-1] o.a.k.c.c.i.ConsumerCoordinator [AbstractCoordinator.java:1102] [Consumer clientId=consumer-test-consumer-group-1, groupId=test-consumer-group] Request joining group due to: consumer pro-actively leaving the group
2025-03-20 14:22:35,703 INFO [org.springframework.kafka.KafkaListenerEndpointContainer#0-0-C-1] o.a.k.c.c.i.LegacyKafkaConsumer [LegacyKafkaConsumer.java:547] [Consumer clientId=consumer-test-consumer-group-1, groupId=test-consumer-group] Unsubscribed all topics or patterns and assigned partitions
2025-03-20 14:22:35,705 INFO [org.springframework.kafka.KafkaListenerEndpointContainer#0-0-C-1] o.a.k.c.c.i.ConsumerCoordinator [AbstractCoordinator.java:1055] [Consumer clientId=consumer-test-consumer-group-1, groupId=test-consumer-group] Resetting generation and member id due to: consumer pro-actively leaving the group
2025-03-20 14:22:35,705 INFO [org.springframework.kafka.KafkaListenerEndpointContainer#0-0-C-1] o.a.k.c.c.i.ConsumerCoordinator [AbstractCoordinator.java:1102] [Consumer clientId=consumer-test-consumer-group-1, groupId=test-consumer-group] Request joining group due to: consumer pro-actively leaving the group
2025-03-20 14:22:35,973 INFO [org.springframework.kafka.KafkaListenerEndpointContainer#0-0-C-1] o.a.k.c.m.Metrics [Metrics.java:684] Metrics scheduler closed
2025-03-20 14:22:35,973 INFO [org.springframework.kafka.KafkaListenerEndpointContainer#0-0-C-1] o.a.k.c.m.Metrics [Metrics.java:688] Closing reporter org.apache.kafka.common.metrics.JmxReporter
2025-03-20 14:22:35,973 INFO [org.springframework.kafka.KafkaListenerEndpointContainer#0-0-C-1] o.a.k.c.m.Metrics [Metrics.java:688] Closing reporter org.apache.kafka.common.telemetry.internals.ClientTelemetryReporter
2025-03-20 14:22:35,973 INFO [org.springframework.kafka.KafkaListenerEndpointContainer#0-0-C-1] o.a.k.c.m.Metrics [Metrics.java:694] Metrics reporters closed
2025-03-20 14:22:35,977 INFO [org.springframework.kafka.KafkaListenerEndpointContainer#0-0-C-1] o.a.k.c.u.AppInfoParser [AppInfoParser.java:88] App info kafka.consumer for consumer-test-consumer-group-1 unregistered
2025-03-20 14:22:35,978 INFO [org.springframework.kafka.KafkaListenerEndpointContainer#0-0-C-1] o.s.k.l.KafkaMessageListenerContainer [LogAccessor.java:292] test-consumer-group: Consumer stopped
2025-03-20 14:22:35,982 INFO [SpringApplicationShutdownHook] o.s.b.w.e.t.GracefulShutdown [GracefulShutdown.java:54] Commencing graceful shutdown. Waiting for active requests to complete
2025-03-20 14:22:36,082 INFO [tomcat-shutdown] o.s.b.w.e.t.GracefulShutdown [GracefulShutdown.java:76] Graceful shutdown complete
2025-03-20 14:22:36,106 INFO [SpringApplicationShutdownHook] o.a.k.c.p.KafkaProducer [KafkaProducer.java:1373] [Producer clientId=producer-1] Closing the Kafka producer with timeoutMillis = 30000 ms.
2025-03-20 14:22:36,108 INFO [SpringApplicationShutdownHook] o.a.k.c.m.Metrics [Metrics.java:684] Metrics scheduler closed
2025-03-20 14:22:36,108 INFO [SpringApplicationShutdownHook] o.a.k.c.m.Metrics [Metrics.java:688] Closing reporter org.apache.kafka.common.metrics.JmxReporter
2025-03-20 14:22:36,108 INFO [SpringApplicationShutdownHook] o.a.k.c.m.Metrics [Metrics.java:688] Closing reporter org.apache.kafka.common.telemetry.internals.ClientTelemetryReporter
2025-03-20 14:22:36,108 INFO [SpringApplicationShutdownHook] o.a.k.c.m.Metrics [Metrics.java:694] Metrics reporters closed
2025-03-20 14:22:36,108 INFO [SpringApplicationShutdownHook] o.a.k.c.u.AppInfoParser [AppInfoParser.java:88] App info kafka.producer for producer-1 unregistered
2025-03-20 14:22:36,121 INFO [SpringApplicationShutdownHook] c.z.h.HikariDataSource [HikariDataSource.java:349] HikariPool-1 - Shutdown initiated...
2025-03-20 14:22:36,131 INFO [SpringApplicationShutdownHook] c.z.h.HikariDataSource [HikariDataSource.java:351] HikariPool-1 - Shutdown completed.
2025-03-20 21:33:27,590 INFO [restartedMain] c.n.c.CommunityApplication [StartupInfoLogger.java:53] Starting CommunityApplication using Java 17.0.10 with PID 21776 (E:\javacode\workspace4vscode\nk\community\community\target\classes started by 40782 in E:\javacode\workspace4vscode\nk\community)
2025-03-20 21:33:27,595 INFO [restartedMain] c.n.c.CommunityApplication [SpringApplication.java:652] No active profile set, falling back to 1 default profile: "default"
2025-03-20 21:33:27,664 INFO [restartedMain] o.s.b.d.e.DevToolsPropertyDefaultsPostProcessor [DeferredLog.java:252] Devtools property defaults active! Set 'spring.devtools.add-properties' to 'false' to disable
2025-03-20 21:33:27,666 INFO [restartedMain] o.s.b.d.e.DevToolsPropertyDefaultsPostProcessor [DeferredLog.java:252] For additional web related logging consider setting the 'logging.level.web' property to 'DEBUG'
2025-03-20 21:33:29,294 INFO [restartedMain] o.s.d.r.c.RepositoryConfigurationDelegate [RepositoryConfigurationDelegate.java:295] Multiple Spring Data modules found, entering strict repository configuration mode
2025-03-20 21:33:29,300 INFO [restartedMain] o.s.d.r.c.RepositoryConfigurationDelegate [RepositoryConfigurationDelegate.java:143] Bootstrapping Spring Data Redis repositories in DEFAULT mode.
2025-03-20 21:33:29,354 INFO [restartedMain] o.s.d.r.c.RepositoryConfigurationDelegate [RepositoryConfigurationDelegate.java:211] Finished Spring Data repository scanning in 22 ms. Found 0 Redis repository interfaces.
2025-03-20 21:33:31,009 INFO [restartedMain] o.s.b.w.e.t.TomcatWebServer [TomcatWebServer.java:111] Tomcat initialized with port 8080 (http)
2025-03-20 21:33:31,033 INFO [restartedMain] o.a.c.h.Http11NioProtocol [DirectJDKLog.java:173] Initializing ProtocolHandler ["http-nio-8080"]
2025-03-20 21:33:31,036 INFO [restartedMain] o.a.c.c.StandardService [DirectJDKLog.java:173] Starting service [Tomcat]
2025-03-20 21:33:31,036 INFO [restartedMain] o.a.c.c.StandardEngine [DirectJDKLog.java:173] Starting Servlet engine: [Apache Tomcat/10.1.34]
2025-03-20 21:33:31,183 INFO [restartedMain] o.a.c.c.C.[.[.[/community] [DirectJDKLog.java:173] Initializing Spring embedded WebApplicationContext
2025-03-20 21:33:31,184 INFO [restartedMain] o.s.b.w.s.c.ServletWebServerApplicationContext [ServletWebServerApplicationContext.java:296] Root WebApplicationContext: initialization completed in 3515 ms
2025-03-20 21:33:32,617 INFO [restartedMain] o.s.b.a.w.s.WelcomePageHandlerMapping [WelcomePageHandlerMapping.java:59] Adding welcome page template: index
2025-03-20 21:33:33,673 INFO [restartedMain] o.s.b.d.a.OptionalLiveReloadServer [OptionalLiveReloadServer.java:59] LiveReload server is running on port 35729
2025-03-20 21:33:33,764 INFO [restartedMain] o.a.c.h.Http11NioProtocol [DirectJDKLog.java:173] Starting ProtocolHandler ["http-nio-8080"]
2025-03-20 21:33:33,800 INFO [restartedMain] o.s.b.w.e.t.TomcatWebServer [TomcatWebServer.java:243] Tomcat started on port 8080 (http) with context path '/community'
2025-03-20 21:33:33,864 INFO [restartedMain] o.a.k.c.c.ConsumerConfig [AbstractConfig.java:372] ConsumerConfig values: 
	allow.auto.create.topics = true
	auto.commit.interval.ms = 3000
	auto.include.jmx.reporter = true
	auto.offset.reset = latest
	bootstrap.servers = [localhost:9092]
	check.crcs = true
	client.dns.lookup = use_all_dns_ips
	client.id = consumer-test-consumer-group-1
	client.rack = 
	connections.max.idle.ms = 540000
	default.api.timeout.ms = 60000
	enable.auto.commit = true
	enable.metrics.push = true
	exclude.internal.topics = true
	fetch.max.bytes = 52428800
	fetch.max.wait.ms = 500
	fetch.min.bytes = 1
	group.id = test-consumer-group
	group.instance.id = null
	group.protocol = classic
	group.remote.assignor = null
	heartbeat.interval.ms = 3000
	interceptor.classes = []
	internal.leave.group.on.close = true
	internal.throw.on.fetch.stable.offset.unsupported = false
	isolation.level = read_uncommitted
	key.deserializer = class org.apache.kafka.common.serialization.StringDeserializer
	max.partition.fetch.bytes = 1048576
	max.poll.interval.ms = 300000
	max.poll.records = 500
	metadata.max.age.ms = 300000
	metadata.recovery.strategy = none
	metric.reporters = []
	metrics.num.samples = 2
	metrics.recording.level = INFO
	metrics.sample.window.ms = 30000
	partition.assignment.strategy = [class org.apache.kafka.clients.consumer.RangeAssignor, class org.apache.kafka.clients.consumer.CooperativeStickyAssignor]
	receive.buffer.bytes = 65536
	reconnect.backoff.max.ms = 1000
	reconnect.backoff.ms = 50
	request.timeout.ms = 30000
	retry.backoff.max.ms = 1000
	retry.backoff.ms = 100
	sasl.client.callback.handler.class = null
	sasl.jaas.config = null
	sasl.kerberos.kinit.cmd = /usr/bin/kinit
	sasl.kerberos.min.time.before.relogin = 60000
	sasl.kerberos.service.name = null
	sasl.kerberos.ticket.renew.jitter = 0.05
	sasl.kerberos.ticket.renew.window.factor = 0.8
	sasl.login.callback.handler.class = null
	sasl.login.class = null
	sasl.login.connect.timeout.ms = null
	sasl.login.read.timeout.ms = null
	sasl.login.refresh.buffer.seconds = 300
	sasl.login.refresh.min.period.seconds = 60
	sasl.login.refresh.window.factor = 0.8
	sasl.login.refresh.window.jitter = 0.05
	sasl.login.retry.backoff.max.ms = 10000
	sasl.login.retry.backoff.ms = 100
	sasl.mechanism = GSSAPI
	sasl.oauthbearer.clock.skew.seconds = 30
	sasl.oauthbearer.expected.audience = null
	sasl.oauthbearer.expected.issuer = null
	sasl.oauthbearer.jwks.endpoint.refresh.ms = 3600000
	sasl.oauthbearer.jwks.endpoint.retry.backoff.max.ms = 10000
	sasl.oauthbearer.jwks.endpoint.retry.backoff.ms = 100
	sasl.oauthbearer.jwks.endpoint.url = null
	sasl.oauthbearer.scope.claim.name = scope
	sasl.oauthbearer.sub.claim.name = sub
	sasl.oauthbearer.token.endpoint.url = null
	security.protocol = PLAINTEXT
	security.providers = null
	send.buffer.bytes = 131072
	session.timeout.ms = 45000
	socket.connection.setup.timeout.max.ms = 30000
	socket.connection.setup.timeout.ms = 10000
	ssl.cipher.suites = null
	ssl.enabled.protocols = [TLSv1.2, TLSv1.3]
	ssl.endpoint.identification.algorithm = https
	ssl.engine.factory.class = null
	ssl.key.password = null
	ssl.keymanager.algorithm = SunX509
	ssl.keystore.certificate.chain = null
	ssl.keystore.key = null
	ssl.keystore.location = null
	ssl.keystore.password = null
	ssl.keystore.type = JKS
	ssl.protocol = TLSv1.3
	ssl.provider = null
	ssl.secure.random.implementation = null
	ssl.trustmanager.algorithm = PKIX
	ssl.truststore.certificates = null
	ssl.truststore.location = null
	ssl.truststore.password = null
	ssl.truststore.type = JKS
	value.deserializer = class org.apache.kafka.common.serialization.StringDeserializer

2025-03-20 21:33:33,960 INFO [restartedMain] o.a.k.c.t.i.KafkaMetricsCollector [KafkaMetricsCollector.java:269] initializing Kafka metrics collector
2025-03-20 21:33:34,094 INFO [restartedMain] o.a.k.c.u.AppInfoParser [AppInfoParser.java:124] Kafka version: 3.8.1
2025-03-20 21:33:34,096 INFO [restartedMain] o.a.k.c.u.AppInfoParser [AppInfoParser.java:125] Kafka commitId: 70d6ff42debf7e17
2025-03-20 21:33:34,096 INFO [restartedMain] o.a.k.c.u.AppInfoParser [AppInfoParser.java:126] Kafka startTimeMs: 1742477614092
2025-03-20 21:33:34,102 INFO [restartedMain] o.a.k.c.c.i.LegacyKafkaConsumer [LegacyKafkaConsumer.java:476] [Consumer clientId=consumer-test-consumer-group-1, groupId=test-consumer-group] Subscribed to topic(s): comment, like, follow
2025-03-20 21:33:34,122 INFO [restartedMain] c.n.c.CommunityApplication [StartupInfoLogger.java:59] Started CommunityApplication in 7.552 seconds (process running for 9.535)
2025-03-20 21:33:34,928 INFO [org.springframework.kafka.KafkaListenerEndpointContainer#0-0-C-1] o.a.k.c.Metadata [Metadata.java:364] [Consumer clientId=consumer-test-consumer-group-1, groupId=test-consumer-group] Cluster ID: cahCa2tqRnq3OYXiEm_sPA
2025-03-20 21:33:34,939 INFO [org.springframework.kafka.KafkaListenerEndpointContainer#0-0-C-1] o.a.k.c.c.i.ConsumerCoordinator [AbstractCoordinator.java:936] [Consumer clientId=consumer-test-consumer-group-1, groupId=test-consumer-group] Discovered group coordinator 10.99.237.116:9092 (id: 2147483647 rack: null)
2025-03-20 21:33:34,950 INFO [org.springframework.kafka.KafkaListenerEndpointContainer#0-0-C-1] o.a.k.c.c.i.ConsumerCoordinator [AbstractCoordinator.java:604] [Consumer clientId=consumer-test-consumer-group-1, groupId=test-consumer-group] (Re-)joining group
2025-03-20 21:33:35,044 INFO [org.springframework.kafka.KafkaListenerEndpointContainer#0-0-C-1] o.a.k.c.c.i.ConsumerCoordinator [AbstractCoordinator.java:1102] [Consumer clientId=consumer-test-consumer-group-1, groupId=test-consumer-group] Request joining group due to: need to re-join with the given member-id: consumer-test-consumer-group-1-5be97ef5-2f9a-4645-b9bb-ff5a6c7e9727
2025-03-20 21:33:35,046 INFO [org.springframework.kafka.KafkaListenerEndpointContainer#0-0-C-1] o.a.k.c.c.i.ConsumerCoordinator [AbstractCoordinator.java:604] [Consumer clientId=consumer-test-consumer-group-1, groupId=test-consumer-group] (Re-)joining group
2025-03-20 21:33:35,102 INFO [org.springframework.kafka.KafkaListenerEndpointContainer#0-0-C-1] o.a.k.c.c.i.ConsumerCoordinator [AbstractCoordinator.java:665] [Consumer clientId=consumer-test-consumer-group-1, groupId=test-consumer-group] Successfully joined group with generation Generation{generationId=7, memberId='consumer-test-consumer-group-1-5be97ef5-2f9a-4645-b9bb-ff5a6c7e9727', protocol='range'}
2025-03-20 21:33:35,112 INFO [org.springframework.kafka.KafkaListenerEndpointContainer#0-0-C-1] o.a.k.c.c.i.ConsumerCoordinator [ConsumerCoordinator.java:663] [Consumer clientId=consumer-test-consumer-group-1, groupId=test-consumer-group] Finished assignment for group at generation 7: {consumer-test-consumer-group-1-5be97ef5-2f9a-4645-b9bb-ff5a6c7e9727=Assignment(partitions=[like-0, comment-0, follow-0])}
2025-03-20 21:33:35,303 INFO [org.springframework.kafka.KafkaListenerEndpointContainer#0-0-C-1] o.a.k.c.c.i.ConsumerCoordinator [AbstractCoordinator.java:842] [Consumer clientId=consumer-test-consumer-group-1, groupId=test-consumer-group] Successfully synced group in generation Generation{generationId=7, memberId='consumer-test-consumer-group-1-5be97ef5-2f9a-4645-b9bb-ff5a6c7e9727', protocol='range'}
2025-03-20 21:33:35,305 INFO [org.springframework.kafka.KafkaListenerEndpointContainer#0-0-C-1] o.a.k.c.c.i.ConsumerCoordinator [ConsumerCoordinator.java:323] [Consumer clientId=consumer-test-consumer-group-1, groupId=test-consumer-group] Notifying assignor about the new Assignment(partitions=[like-0, comment-0, follow-0])
2025-03-20 21:33:35,311 INFO [org.springframework.kafka.KafkaListenerEndpointContainer#0-0-C-1] o.a.k.c.c.i.ConsumerRebalanceListenerInvoker [ConsumerRebalanceListenerInvoker.java:57] [Consumer clientId=consumer-test-consumer-group-1, groupId=test-consumer-group] Adding newly assigned partitions: comment-0, follow-0, like-0
2025-03-20 21:33:35,332 INFO [org.springframework.kafka.KafkaListenerEndpointContainer#0-0-C-1] o.a.k.c.c.i.ConsumerUtils [ConsumerUtils.java:201] Setting offset for partition comment-0 to the committed offset FetchPosition{offset=2, offsetEpoch=Optional[0], currentLeader=LeaderAndEpoch{leader=Optional[10.99.237.116:9092 (id: 0 rack: null)], epoch=absent}}
2025-03-20 21:33:35,333 INFO [org.springframework.kafka.KafkaListenerEndpointContainer#0-0-C-1] o.a.k.c.c.i.ConsumerUtils [ConsumerUtils.java:201] Setting offset for partition like-0 to the committed offset FetchPosition{offset=0, offsetEpoch=Optional.empty, currentLeader=LeaderAndEpoch{leader=Optional[10.99.237.116:9092 (id: 0 rack: null)], epoch=absent}}
2025-03-20 21:33:35,333 INFO [org.springframework.kafka.KafkaListenerEndpointContainer#0-0-C-1] o.a.k.c.c.i.ConsumerUtils [ConsumerUtils.java:201] Setting offset for partition follow-0 to the committed offset FetchPosition{offset=0, offsetEpoch=Optional.empty, currentLeader=LeaderAndEpoch{leader=Optional[10.99.237.116:9092 (id: 0 rack: null)], epoch=absent}}
2025-03-20 21:33:35,336 INFO [org.springframework.kafka.KafkaListenerEndpointContainer#0-0-C-1] o.s.k.l.KafkaMessageListenerContainer [LogAccessor.java:292] test-consumer-group: partitions assigned: [comment-0, follow-0, like-0]
2025-03-20 21:33:38,098 INFO [http-nio-8080-exec-1] o.a.c.c.C.[.[.[/community] [DirectJDKLog.java:173] Initializing Spring DispatcherServlet 'dispatcherServlet'
2025-03-20 21:33:38,099 INFO [http-nio-8080-exec-1] o.s.w.s.DispatcherServlet [FrameworkServlet.java:532] Initializing Servlet 'dispatcherServlet'
2025-03-20 21:33:38,103 INFO [http-nio-8080-exec-1] o.s.w.s.DispatcherServlet [FrameworkServlet.java:554] Completed initialization in 4 ms
2025-03-20 21:33:38,163 INFO [http-nio-8080-exec-1] c.n.c.a.ServiceLogAspect [ServiceLogAspect.java:39] 用户[0:0:0:0:0:0:0:1],在[2025-03-20 21:33:38],访问了[com.nowcoder.community.service.UserService.findLoginTicket].
2025-03-20 21:33:39,182 INFO [http-nio-8080-exec-1] c.n.c.a.ServiceLogAspect [ServiceLogAspect.java:39] 用户[0:0:0:0:0:0:0:1],在[2025-03-20 21:33:39],访问了[com.nowcoder.community.service.UserService.findUserById].
2025-03-20 21:33:39,210 INFO [http-nio-8080-exec-1] c.z.h.HikariDataSource [HikariDataSource.java:109] HikariPool-1 - Starting...
2025-03-20 21:33:39,502 INFO [http-nio-8080-exec-1] c.z.h.p.HikariPool [HikariPool.java:554] HikariPool-1 - Added connection com.mysql.cj.jdbc.ConnectionImpl@3ea9bf60
2025-03-20 21:33:39,506 INFO [http-nio-8080-exec-1] c.z.h.HikariDataSource [HikariDataSource.java:122] HikariPool-1 - Start completed.
2025-03-20 21:33:40,283 INFO [http-nio-8080-exec-4] c.n.c.a.ServiceLogAspect [ServiceLogAspect.java:39] 用户[0:0:0:0:0:0:0:1],在[2025-03-20 21:33:40],访问了[com.nowcoder.community.service.UserService.findLoginTicket].
2025-03-20 21:33:40,288 INFO [http-nio-8080-exec-4] c.n.c.a.ServiceLogAspect [ServiceLogAspect.java:39] 用户[0:0:0:0:0:0:0:1],在[2025-03-20 21:33:40],访问了[com.nowcoder.community.service.UserService.findUserById].
2025-03-20 21:33:48,142 INFO [http-nio-8080-exec-1] c.n.c.a.ServiceLogAspect [ServiceLogAspect.java:39] 用户[0:0:0:0:0:0:0:1],在[2025-03-20 21:33:48],访问了[com.nowcoder.community.service.UserService.findLoginTicket].
2025-03-20 21:33:48,143 INFO [http-nio-8080-exec-1] c.n.c.a.ServiceLogAspect [ServiceLogAspect.java:39] 用户[0:0:0:0:0:0:0:1],在[2025-03-20 21:33:48],访问了[com.nowcoder.community.service.UserService.findUserById].
2025-03-20 21:33:53,349 INFO [http-nio-8080-exec-2] c.n.c.a.ServiceLogAspect [ServiceLogAspect.java:39] 用户[0:0:0:0:0:0:0:1],在[2025-03-20 21:33:53],访问了[com.nowcoder.community.service.UserService.findLoginTicket].
2025-03-20 21:33:53,351 INFO [http-nio-8080-exec-2] c.n.c.a.ServiceLogAspect [ServiceLogAspect.java:39] 用户[0:0:0:0:0:0:0:1],在[2025-03-20 21:33:53],访问了[com.nowcoder.community.service.UserService.findUserById].
2025-03-20 21:33:53,368 INFO [http-nio-8080-exec-2] c.n.c.a.ServiceLogAspect [ServiceLogAspect.java:39] 用户[0:0:0:0:0:0:0:1],在[2025-03-20 21:33:53],访问了[com.nowcoder.community.service.UserService.login].
2025-03-20 21:33:53,468 INFO [http-nio-8080-exec-9] c.n.c.a.ServiceLogAspect [ServiceLogAspect.java:39] 用户[0:0:0:0:0:0:0:1],在[2025-03-20 21:33:53],访问了[com.nowcoder.community.service.UserService.findLoginTicket].
2025-03-20 21:33:53,471 INFO [http-nio-8080-exec-9] c.n.c.a.ServiceLogAspect [ServiceLogAspect.java:39] 用户[0:0:0:0:0:0:0:1],在[2025-03-20 21:33:53],访问了[com.nowcoder.community.service.UserService.findUserById].
2025-03-20 21:33:59,106 INFO [http-nio-8080-exec-8] c.n.c.a.ServiceLogAspect [ServiceLogAspect.java:39] 用户[0:0:0:0:0:0:0:1],在[2025-03-20 21:33:59],访问了[com.nowcoder.community.service.UserService.findLoginTicket].
2025-03-20 21:33:59,107 INFO [http-nio-8080-exec-8] c.n.c.a.ServiceLogAspect [ServiceLogAspect.java:39] 用户[0:0:0:0:0:0:0:1],在[2025-03-20 21:33:59],访问了[com.nowcoder.community.service.UserService.findUserById].
2025-03-20 21:33:59,178 INFO [http-nio-8080-exec-5] c.n.c.a.ServiceLogAspect [ServiceLogAspect.java:39] 用户[0:0:0:0:0:0:0:1],在[2025-03-20 21:33:59],访问了[com.nowcoder.community.service.UserService.findLoginTicket].
2025-03-20 21:33:59,181 INFO [http-nio-8080-exec-5] c.n.c.a.ServiceLogAspect [ServiceLogAspect.java:39] 用户[0:0:0:0:0:0:0:1],在[2025-03-20 21:33:59],访问了[com.nowcoder.community.service.UserService.findUserById].
2025-03-20 21:34:01,327 INFO [http-nio-8080-exec-3] c.n.c.a.ServiceLogAspect [ServiceLogAspect.java:39] 用户[0:0:0:0:0:0:0:1],在[2025-03-20 21:34:01],访问了[com.nowcoder.community.service.UserService.findLoginTicket].
2025-03-20 21:34:01,329 INFO [http-nio-8080-exec-3] c.n.c.a.ServiceLogAspect [ServiceLogAspect.java:39] 用户[0:0:0:0:0:0:0:1],在[2025-03-20 21:34:01],访问了[com.nowcoder.community.service.UserService.findUserById].
2025-03-20 21:34:01,393 INFO [http-nio-8080-exec-8] c.n.c.a.ServiceLogAspect [ServiceLogAspect.java:39] 用户[0:0:0:0:0:0:0:1],在[2025-03-20 21:34:01],访问了[com.nowcoder.community.service.UserService.findLoginTicket].
2025-03-20 21:34:01,397 INFO [http-nio-8080-exec-8] c.n.c.a.ServiceLogAspect [ServiceLogAspect.java:39] 用户[0:0:0:0:0:0:0:1],在[2025-03-20 21:34:01],访问了[com.nowcoder.community.service.UserService.findUserById].
2025-03-20 21:34:07,735 INFO [http-nio-8080-exec-1] c.n.c.a.ServiceLogAspect [ServiceLogAspect.java:39] 用户[0:0:0:0:0:0:0:1],在[2025-03-20 21:34:07],访问了[com.nowcoder.community.service.UserService.findLoginTicket].
2025-03-20 21:34:07,737 INFO [http-nio-8080-exec-1] c.n.c.a.ServiceLogAspect [ServiceLogAspect.java:39] 用户[0:0:0:0:0:0:0:1],在[2025-03-20 21:34:07],访问了[com.nowcoder.community.service.UserService.findUserById].
2025-03-20 21:34:07,739 INFO [http-nio-8080-exec-1] c.n.c.a.ServiceLogAspect [ServiceLogAspect.java:39] 用户[0:0:0:0:0:0:0:1],在[2025-03-20 21:34:07],访问了[com.nowcoder.community.service.UserService.login].
2025-03-20 21:34:07,764 INFO [http-nio-8080-exec-7] c.n.c.a.ServiceLogAspect [ServiceLogAspect.java:39] 用户[0:0:0:0:0:0:0:1],在[2025-03-20 21:34:07],访问了[com.nowcoder.community.service.UserService.findLoginTicket].
2025-03-20 21:34:07,766 INFO [http-nio-8080-exec-7] c.n.c.a.ServiceLogAspect [ServiceLogAspect.java:39] 用户[0:0:0:0:0:0:0:1],在[2025-03-20 21:34:07],访问了[com.nowcoder.community.service.UserService.findUserById].
2025-03-20 21:34:07,773 INFO [http-nio-8080-exec-7] c.n.c.a.ServiceLogAspect [ServiceLogAspect.java:39] 用户[0:0:0:0:0:0:0:1],在[2025-03-20 21:34:07],访问了[com.nowcoder.community.service.DiscussPostService.findDiscussPostRows].
2025-03-20 21:34:07,808 INFO [http-nio-8080-exec-7] c.n.c.a.ServiceLogAspect [ServiceLogAspect.java:39] 用户[0:0:0:0:0:0:0:1],在[2025-03-20 21:34:07],访问了[com.nowcoder.community.service.DiscussPostService.findDiscussPosts].
2025-03-20 21:34:07,818 INFO [http-nio-8080-exec-7] c.n.c.a.ServiceLogAspect [ServiceLogAspect.java:39] 用户[0:0:0:0:0:0:0:1],在[2025-03-20 21:34:07],访问了[com.nowcoder.community.service.UserService.findUserById].
2025-03-20 21:34:07,822 INFO [http-nio-8080-exec-7] c.n.c.a.ServiceLogAspect [ServiceLogAspect.java:39] 用户[0:0:0:0:0:0:0:1],在[2025-03-20 21:34:07],访问了[com.nowcoder.community.service.LikeService.findEntityLikeCount].
2025-03-20 21:34:07,824 INFO [http-nio-8080-exec-7] c.n.c.a.ServiceLogAspect [ServiceLogAspect.java:39] 用户[0:0:0:0:0:0:0:1],在[2025-03-20 21:34:07],访问了[com.nowcoder.community.service.UserService.findUserById].
2025-03-20 21:34:07,825 INFO [http-nio-8080-exec-7] c.n.c.a.ServiceLogAspect [ServiceLogAspect.java:39] 用户[0:0:0:0:0:0:0:1],在[2025-03-20 21:34:07],访问了[com.nowcoder.community.service.LikeService.findEntityLikeCount].
2025-03-20 21:34:07,826 INFO [http-nio-8080-exec-7] c.n.c.a.ServiceLogAspect [ServiceLogAspect.java:39] 用户[0:0:0:0:0:0:0:1],在[2025-03-20 21:34:07],访问了[com.nowcoder.community.service.UserService.findUserById].
2025-03-20 21:34:07,828 INFO [http-nio-8080-exec-7] c.n.c.a.ServiceLogAspect [ServiceLogAspect.java:39] 用户[0:0:0:0:0:0:0:1],在[2025-03-20 21:34:07],访问了[com.nowcoder.community.service.LikeService.findEntityLikeCount].
2025-03-20 21:34:07,829 INFO [http-nio-8080-exec-7] c.n.c.a.ServiceLogAspect [ServiceLogAspect.java:39] 用户[0:0:0:0:0:0:0:1],在[2025-03-20 21:34:07],访问了[com.nowcoder.community.service.UserService.findUserById].
2025-03-20 21:34:07,833 INFO [http-nio-8080-exec-7] c.n.c.a.ServiceLogAspect [ServiceLogAspect.java:39] 用户[0:0:0:0:0:0:0:1],在[2025-03-20 21:34:07],访问了[com.nowcoder.community.service.LikeService.findEntityLikeCount].
2025-03-20 21:34:07,834 INFO [http-nio-8080-exec-7] c.n.c.a.ServiceLogAspect [ServiceLogAspect.java:39] 用户[0:0:0:0:0:0:0:1],在[2025-03-20 21:34:07],访问了[com.nowcoder.community.service.UserService.findUserById].
2025-03-20 21:34:07,835 INFO [http-nio-8080-exec-7] c.n.c.a.ServiceLogAspect [ServiceLogAspect.java:39] 用户[0:0:0:0:0:0:0:1],在[2025-03-20 21:34:07],访问了[com.nowcoder.community.service.LikeService.findEntityLikeCount].
2025-03-20 21:34:07,835 INFO [http-nio-8080-exec-7] c.n.c.a.ServiceLogAspect [ServiceLogAspect.java:39] 用户[0:0:0:0:0:0:0:1],在[2025-03-20 21:34:07],访问了[com.nowcoder.community.service.UserService.findUserById].
2025-03-20 21:34:07,835 INFO [http-nio-8080-exec-7] c.n.c.a.ServiceLogAspect [ServiceLogAspect.java:39] 用户[0:0:0:0:0:0:0:1],在[2025-03-20 21:34:07],访问了[com.nowcoder.community.service.LikeService.findEntityLikeCount].
2025-03-20 21:34:07,837 INFO [http-nio-8080-exec-7] c.n.c.a.ServiceLogAspect [ServiceLogAspect.java:39] 用户[0:0:0:0:0:0:0:1],在[2025-03-20 21:34:07],访问了[com.nowcoder.community.service.UserService.findUserById].
2025-03-20 21:34:07,841 INFO [http-nio-8080-exec-7] c.n.c.a.ServiceLogAspect [ServiceLogAspect.java:39] 用户[0:0:0:0:0:0:0:1],在[2025-03-20 21:34:07],访问了[com.nowcoder.community.service.LikeService.findEntityLikeCount].
2025-03-20 21:34:07,841 INFO [http-nio-8080-exec-7] c.n.c.a.ServiceLogAspect [ServiceLogAspect.java:39] 用户[0:0:0:0:0:0:0:1],在[2025-03-20 21:34:07],访问了[com.nowcoder.community.service.UserService.findUserById].
2025-03-20 21:34:07,844 INFO [http-nio-8080-exec-7] c.n.c.a.ServiceLogAspect [ServiceLogAspect.java:39] 用户[0:0:0:0:0:0:0:1],在[2025-03-20 21:34:07],访问了[com.nowcoder.community.service.LikeService.findEntityLikeCount].
2025-03-20 21:34:07,844 INFO [http-nio-8080-exec-7] c.n.c.a.ServiceLogAspect [ServiceLogAspect.java:39] 用户[0:0:0:0:0:0:0:1],在[2025-03-20 21:34:07],访问了[com.nowcoder.community.service.UserService.findUserById].
2025-03-20 21:34:07,849 INFO [http-nio-8080-exec-7] c.n.c.a.ServiceLogAspect [ServiceLogAspect.java:39] 用户[0:0:0:0:0:0:0:1],在[2025-03-20 21:34:07],访问了[com.nowcoder.community.service.LikeService.findEntityLikeCount].
2025-03-20 21:34:07,850 INFO [http-nio-8080-exec-7] c.n.c.a.ServiceLogAspect [ServiceLogAspect.java:39] 用户[0:0:0:0:0:0:0:1],在[2025-03-20 21:34:07],访问了[com.nowcoder.community.service.UserService.findUserById].
2025-03-20 21:34:07,851 INFO [http-nio-8080-exec-7] c.n.c.a.ServiceLogAspect [ServiceLogAspect.java:39] 用户[0:0:0:0:0:0:0:1],在[2025-03-20 21:34:07],访问了[com.nowcoder.community.service.LikeService.findEntityLikeCount].
2025-03-20 21:34:10,567 INFO [http-nio-8080-exec-6] c.n.c.a.ServiceLogAspect [ServiceLogAspect.java:39] 用户[0:0:0:0:0:0:0:1],在[2025-03-20 21:34:10],访问了[com.nowcoder.community.service.UserService.findLoginTicket].
2025-03-20 21:34:10,568 INFO [http-nio-8080-exec-6] c.n.c.a.ServiceLogAspect [ServiceLogAspect.java:39] 用户[0:0:0:0:0:0:0:1],在[2025-03-20 21:34:10],访问了[com.nowcoder.community.service.UserService.findUserById].
2025-03-20 21:34:10,570 INFO [http-nio-8080-exec-6] c.n.c.a.ServiceLogAspect [ServiceLogAspect.java:39] 用户[0:0:0:0:0:0:0:1],在[2025-03-20 21:34:10],访问了[com.nowcoder.community.service.MessageService.findConversationCount].
2025-03-20 21:34:10,596 INFO [http-nio-8080-exec-6] c.n.c.a.ServiceLogAspect [ServiceLogAspect.java:39] 用户[0:0:0:0:0:0:0:1],在[2025-03-20 21:34:10],访问了[com.nowcoder.community.service.MessageService.findConversations].
2025-03-20 21:34:10,613 INFO [http-nio-8080-exec-6] c.n.c.a.ServiceLogAspect [ServiceLogAspect.java:39] 用户[0:0:0:0:0:0:0:1],在[2025-03-20 21:34:10],访问了[com.nowcoder.community.service.MessageService.findLetterCount].
2025-03-20 21:34:10,616 INFO [http-nio-8080-exec-6] c.n.c.a.ServiceLogAspect [ServiceLogAspect.java:39] 用户[0:0:0:0:0:0:0:1],在[2025-03-20 21:34:10],访问了[com.nowcoder.community.service.MessageService.findLetterUnreadCount].
2025-03-20 21:34:10,626 INFO [http-nio-8080-exec-6] c.n.c.a.ServiceLogAspect [ServiceLogAspect.java:39] 用户[0:0:0:0:0:0:0:1],在[2025-03-20 21:34:10],访问了[com.nowcoder.community.service.UserService.findUserById].
2025-03-20 21:34:10,634 INFO [http-nio-8080-exec-6] c.n.c.a.ServiceLogAspect [ServiceLogAspect.java:39] 用户[0:0:0:0:0:0:0:1],在[2025-03-20 21:34:10],访问了[com.nowcoder.community.service.MessageService.findLetterCount].
2025-03-20 21:34:10,636 INFO [http-nio-8080-exec-6] c.n.c.a.ServiceLogAspect [ServiceLogAspect.java:39] 用户[0:0:0:0:0:0:0:1],在[2025-03-20 21:34:10],访问了[com.nowcoder.community.service.MessageService.findLetterUnreadCount].
2025-03-20 21:34:10,644 INFO [http-nio-8080-exec-6] c.n.c.a.ServiceLogAspect [ServiceLogAspect.java:39] 用户[0:0:0:0:0:0:0:1],在[2025-03-20 21:34:10],访问了[com.nowcoder.community.service.UserService.findUserById].
2025-03-20 21:34:10,648 INFO [http-nio-8080-exec-6] c.n.c.a.ServiceLogAspect [ServiceLogAspect.java:39] 用户[0:0:0:0:0:0:0:1],在[2025-03-20 21:34:10],访问了[com.nowcoder.community.service.MessageService.findLetterCount].
2025-03-20 21:34:10,650 INFO [http-nio-8080-exec-6] c.n.c.a.ServiceLogAspect [ServiceLogAspect.java:39] 用户[0:0:0:0:0:0:0:1],在[2025-03-20 21:34:10],访问了[com.nowcoder.community.service.MessageService.findLetterUnreadCount].
2025-03-20 21:34:10,652 INFO [http-nio-8080-exec-6] c.n.c.a.ServiceLogAspect [ServiceLogAspect.java:39] 用户[0:0:0:0:0:0:0:1],在[2025-03-20 21:34:10],访问了[com.nowcoder.community.service.UserService.findUserById].
2025-03-20 21:34:10,653 INFO [http-nio-8080-exec-6] c.n.c.a.ServiceLogAspect [ServiceLogAspect.java:39] 用户[0:0:0:0:0:0:0:1],在[2025-03-20 21:34:10],访问了[com.nowcoder.community.service.MessageService.findLetterCount].
2025-03-20 21:34:10,654 INFO [http-nio-8080-exec-6] c.n.c.a.ServiceLogAspect [ServiceLogAspect.java:39] 用户[0:0:0:0:0:0:0:1],在[2025-03-20 21:34:10],访问了[com.nowcoder.community.service.MessageService.findLetterUnreadCount].
2025-03-20 21:34:10,663 INFO [http-nio-8080-exec-6] c.n.c.a.ServiceLogAspect [ServiceLogAspect.java:39] 用户[0:0:0:0:0:0:0:1],在[2025-03-20 21:34:10],访问了[com.nowcoder.community.service.UserService.findUserById].
2025-03-20 21:34:10,664 INFO [http-nio-8080-exec-6] c.n.c.a.ServiceLogAspect [ServiceLogAspect.java:39] 用户[0:0:0:0:0:0:0:1],在[2025-03-20 21:34:10],访问了[com.nowcoder.community.service.MessageService.findLetterCount].
2025-03-20 21:34:10,666 INFO [http-nio-8080-exec-6] c.n.c.a.ServiceLogAspect [ServiceLogAspect.java:39] 用户[0:0:0:0:0:0:0:1],在[2025-03-20 21:34:10],访问了[com.nowcoder.community.service.MessageService.findLetterUnreadCount].
2025-03-20 21:34:10,674 INFO [http-nio-8080-exec-6] c.n.c.a.ServiceLogAspect [ServiceLogAspect.java:39] 用户[0:0:0:0:0:0:0:1],在[2025-03-20 21:34:10],访问了[com.nowcoder.community.service.UserService.findUserById].
2025-03-20 21:34:10,678 INFO [http-nio-8080-exec-6] c.n.c.a.ServiceLogAspect [ServiceLogAspect.java:39] 用户[0:0:0:0:0:0:0:1],在[2025-03-20 21:34:10],访问了[com.nowcoder.community.service.MessageService.findLetterUnreadCount].
2025-03-20 21:34:12,707 INFO [http-nio-8080-exec-7] c.n.c.a.ServiceLogAspect [ServiceLogAspect.java:39] 用户[0:0:0:0:0:0:0:1],在[2025-03-20 21:34:12],访问了[com.nowcoder.community.service.UserService.findLoginTicket].
2025-03-20 21:34:12,708 INFO [http-nio-8080-exec-7] c.n.c.a.ServiceLogAspect [ServiceLogAspect.java:39] 用户[0:0:0:0:0:0:0:1],在[2025-03-20 21:34:12],访问了[com.nowcoder.community.service.UserService.findUserById].
2025-03-20 21:34:12,710 INFO [http-nio-8080-exec-7] c.n.c.a.ServiceLogAspect [ServiceLogAspect.java:39] 用户[0:0:0:0:0:0:0:1],在[2025-03-20 21:34:12],访问了[com.nowcoder.community.service.MessageService.findConversationCount].
2025-03-20 21:34:12,719 INFO [http-nio-8080-exec-7] c.n.c.a.ServiceLogAspect [ServiceLogAspect.java:39] 用户[0:0:0:0:0:0:0:1],在[2025-03-20 21:34:12],访问了[com.nowcoder.community.service.MessageService.findConversations].
2025-03-20 21:34:12,729 INFO [http-nio-8080-exec-7] c.n.c.a.ServiceLogAspect [ServiceLogAspect.java:39] 用户[0:0:0:0:0:0:0:1],在[2025-03-20 21:34:12],访问了[com.nowcoder.community.service.MessageService.findLetterCount].
2025-03-20 21:34:12,731 INFO [http-nio-8080-exec-7] c.n.c.a.ServiceLogAspect [ServiceLogAspect.java:39] 用户[0:0:0:0:0:0:0:1],在[2025-03-20 21:34:12],访问了[com.nowcoder.community.service.MessageService.findLetterUnreadCount].
2025-03-20 21:34:12,740 INFO [http-nio-8080-exec-7] c.n.c.a.ServiceLogAspect [ServiceLogAspect.java:39] 用户[0:0:0:0:0:0:0:1],在[2025-03-20 21:34:12],访问了[com.nowcoder.community.service.UserService.findUserById].
2025-03-20 21:34:12,742 INFO [http-nio-8080-exec-7] c.n.c.a.ServiceLogAspect [ServiceLogAspect.java:39] 用户[0:0:0:0:0:0:0:1],在[2025-03-20 21:34:12],访问了[com.nowcoder.community.service.MessageService.findLetterCount].
2025-03-20 21:34:12,744 INFO [http-nio-8080-exec-7] c.n.c.a.ServiceLogAspect [ServiceLogAspect.java:39] 用户[0:0:0:0:0:0:0:1],在[2025-03-20 21:34:12],访问了[com.nowcoder.community.service.MessageService.findLetterUnreadCount].
2025-03-20 21:34:12,752 INFO [http-nio-8080-exec-7] c.n.c.a.ServiceLogAspect [ServiceLogAspect.java:39] 用户[0:0:0:0:0:0:0:1],在[2025-03-20 21:34:12],访问了[com.nowcoder.community.service.UserService.findUserById].
2025-03-20 21:34:12,755 INFO [http-nio-8080-exec-7] c.n.c.a.ServiceLogAspect [ServiceLogAspect.java:39] 用户[0:0:0:0:0:0:0:1],在[2025-03-20 21:34:12],访问了[com.nowcoder.community.service.MessageService.findLetterCount].
2025-03-20 21:34:12,757 INFO [http-nio-8080-exec-7] c.n.c.a.ServiceLogAspect [ServiceLogAspect.java:39] 用户[0:0:0:0:0:0:0:1],在[2025-03-20 21:34:12],访问了[com.nowcoder.community.service.MessageService.findLetterUnreadCount].
2025-03-20 21:34:12,765 INFO [http-nio-8080-exec-7] c.n.c.a.ServiceLogAspect [ServiceLogAspect.java:39] 用户[0:0:0:0:0:0:0:1],在[2025-03-20 21:34:12],访问了[com.nowcoder.community.service.UserService.findUserById].
2025-03-20 21:34:12,769 INFO [http-nio-8080-exec-7] c.n.c.a.ServiceLogAspect [ServiceLogAspect.java:39] 用户[0:0:0:0:0:0:0:1],在[2025-03-20 21:34:12],访问了[com.nowcoder.community.service.MessageService.findLetterCount].
2025-03-20 21:34:12,770 INFO [http-nio-8080-exec-7] c.n.c.a.ServiceLogAspect [ServiceLogAspect.java:39] 用户[0:0:0:0:0:0:0:1],在[2025-03-20 21:34:12],访问了[com.nowcoder.community.service.MessageService.findLetterUnreadCount].
2025-03-20 21:34:12,778 INFO [http-nio-8080-exec-7] c.n.c.a.ServiceLogAspect [ServiceLogAspect.java:39] 用户[0:0:0:0:0:0:0:1],在[2025-03-20 21:34:12],访问了[com.nowcoder.community.service.UserService.findUserById].
2025-03-20 21:34:12,781 INFO [http-nio-8080-exec-7] c.n.c.a.ServiceLogAspect [ServiceLogAspect.java:39] 用户[0:0:0:0:0:0:0:1],在[2025-03-20 21:34:12],访问了[com.nowcoder.community.service.MessageService.findLetterUnreadCount].
2025-03-20 21:34:14,439 INFO [http-nio-8080-exec-6] c.n.c.a.ServiceLogAspect [ServiceLogAspect.java:39] 用户[0:0:0:0:0:0:0:1],在[2025-03-20 21:34:14],访问了[com.nowcoder.community.service.UserService.findLoginTicket].
2025-03-20 21:34:14,441 INFO [http-nio-8080-exec-6] c.n.c.a.ServiceLogAspect [ServiceLogAspect.java:39] 用户[0:0:0:0:0:0:0:1],在[2025-03-20 21:34:14],访问了[com.nowcoder.community.service.UserService.findUserById].
2025-03-20 21:34:14,442 INFO [http-nio-8080-exec-6] c.n.c.a.ServiceLogAspect [ServiceLogAspect.java:39] 用户[0:0:0:0:0:0:0:1],在[2025-03-20 21:34:14],访问了[com.nowcoder.community.service.MessageService.findConversationCount].
2025-03-20 21:34:14,452 INFO [http-nio-8080-exec-6] c.n.c.a.ServiceLogAspect [ServiceLogAspect.java:39] 用户[0:0:0:0:0:0:0:1],在[2025-03-20 21:34:14],访问了[com.nowcoder.community.service.MessageService.findConversations].
2025-03-20 21:34:14,461 INFO [http-nio-8080-exec-6] c.n.c.a.ServiceLogAspect [ServiceLogAspect.java:39] 用户[0:0:0:0:0:0:0:1],在[2025-03-20 21:34:14],访问了[com.nowcoder.community.service.MessageService.findLetterCount].
2025-03-20 21:34:14,462 INFO [http-nio-8080-exec-6] c.n.c.a.ServiceLogAspect [ServiceLogAspect.java:39] 用户[0:0:0:0:0:0:0:1],在[2025-03-20 21:34:14],访问了[com.nowcoder.community.service.MessageService.findLetterUnreadCount].
2025-03-20 21:34:14,471 INFO [http-nio-8080-exec-6] c.n.c.a.ServiceLogAspect [ServiceLogAspect.java:39] 用户[0:0:0:0:0:0:0:1],在[2025-03-20 21:34:14],访问了[com.nowcoder.community.service.UserService.findUserById].
2025-03-20 21:34:14,474 INFO [http-nio-8080-exec-6] c.n.c.a.ServiceLogAspect [ServiceLogAspect.java:39] 用户[0:0:0:0:0:0:0:1],在[2025-03-20 21:34:14],访问了[com.nowcoder.community.service.MessageService.findLetterCount].
2025-03-20 21:34:14,475 INFO [http-nio-8080-exec-6] c.n.c.a.ServiceLogAspect [ServiceLogAspect.java:39] 用户[0:0:0:0:0:0:0:1],在[2025-03-20 21:34:14],访问了[com.nowcoder.community.service.MessageService.findLetterUnreadCount].
2025-03-20 21:34:14,482 INFO [http-nio-8080-exec-6] c.n.c.a.ServiceLogAspect [ServiceLogAspect.java:39] 用户[0:0:0:0:0:0:0:1],在[2025-03-20 21:34:14],访问了[com.nowcoder.community.service.UserService.findUserById].
2025-03-20 21:34:14,484 INFO [http-nio-8080-exec-6] c.n.c.a.ServiceLogAspect [ServiceLogAspect.java:39] 用户[0:0:0:0:0:0:0:1],在[2025-03-20 21:34:14],访问了[com.nowcoder.community.service.MessageService.findLetterCount].
2025-03-20 21:34:14,485 INFO [http-nio-8080-exec-6] c.n.c.a.ServiceLogAspect [ServiceLogAspect.java:39] 用户[0:0:0:0:0:0:0:1],在[2025-03-20 21:34:14],访问了[com.nowcoder.community.service.MessageService.findLetterUnreadCount].
2025-03-20 21:34:14,492 INFO [http-nio-8080-exec-6] c.n.c.a.ServiceLogAspect [ServiceLogAspect.java:39] 用户[0:0:0:0:0:0:0:1],在[2025-03-20 21:34:14],访问了[com.nowcoder.community.service.UserService.findUserById].
2025-03-20 21:34:14,495 INFO [http-nio-8080-exec-6] c.n.c.a.ServiceLogAspect [ServiceLogAspect.java:39] 用户[0:0:0:0:0:0:0:1],在[2025-03-20 21:34:14],访问了[com.nowcoder.community.service.MessageService.findLetterCount].
2025-03-20 21:34:14,496 INFO [http-nio-8080-exec-6] c.n.c.a.ServiceLogAspect [ServiceLogAspect.java:39] 用户[0:0:0:0:0:0:0:1],在[2025-03-20 21:34:14],访问了[com.nowcoder.community.service.MessageService.findLetterUnreadCount].
2025-03-20 21:34:14,504 INFO [http-nio-8080-exec-6] c.n.c.a.ServiceLogAspect [ServiceLogAspect.java:39] 用户[0:0:0:0:0:0:0:1],在[2025-03-20 21:34:14],访问了[com.nowcoder.community.service.UserService.findUserById].
2025-03-20 21:34:14,507 INFO [http-nio-8080-exec-6] c.n.c.a.ServiceLogAspect [ServiceLogAspect.java:39] 用户[0:0:0:0:0:0:0:1],在[2025-03-20 21:34:14],访问了[com.nowcoder.community.service.MessageService.findLetterCount].
2025-03-20 21:34:14,508 INFO [http-nio-8080-exec-6] c.n.c.a.ServiceLogAspect [ServiceLogAspect.java:39] 用户[0:0:0:0:0:0:0:1],在[2025-03-20 21:34:14],访问了[com.nowcoder.community.service.MessageService.findLetterUnreadCount].
2025-03-20 21:34:14,509 INFO [http-nio-8080-exec-6] c.n.c.a.ServiceLogAspect [ServiceLogAspect.java:39] 用户[0:0:0:0:0:0:0:1],在[2025-03-20 21:34:14],访问了[com.nowcoder.community.service.UserService.findUserById].
2025-03-20 21:34:14,511 INFO [http-nio-8080-exec-6] c.n.c.a.ServiceLogAspect [ServiceLogAspect.java:39] 用户[0:0:0:0:0:0:0:1],在[2025-03-20 21:34:14],访问了[com.nowcoder.community.service.MessageService.findLetterUnreadCount].
2025-03-20 21:34:15,808 INFO [http-nio-8080-exec-7] c.n.c.a.ServiceLogAspect [ServiceLogAspect.java:39] 用户[0:0:0:0:0:0:0:1],在[2025-03-20 21:34:15],访问了[com.nowcoder.community.service.UserService.findLoginTicket].
2025-03-20 21:34:15,810 INFO [http-nio-8080-exec-7] c.n.c.a.ServiceLogAspect [ServiceLogAspect.java:39] 用户[0:0:0:0:0:0:0:1],在[2025-03-20 21:34:15],访问了[com.nowcoder.community.service.UserService.findUserById].
2025-03-20 21:34:15,811 INFO [http-nio-8080-exec-7] c.n.c.a.ServiceLogAspect [ServiceLogAspect.java:39] 用户[0:0:0:0:0:0:0:1],在[2025-03-20 21:34:15],访问了[com.nowcoder.community.service.MessageService.findConversationCount].
2025-03-20 21:34:15,822 INFO [http-nio-8080-exec-7] c.n.c.a.ServiceLogAspect [ServiceLogAspect.java:39] 用户[0:0:0:0:0:0:0:1],在[2025-03-20 21:34:15],访问了[com.nowcoder.community.service.MessageService.findConversations].
2025-03-20 21:34:15,832 INFO [http-nio-8080-exec-7] c.n.c.a.ServiceLogAspect [ServiceLogAspect.java:39] 用户[0:0:0:0:0:0:0:1],在[2025-03-20 21:34:15],访问了[com.nowcoder.community.service.MessageService.findLetterCount].
2025-03-20 21:34:15,834 INFO [http-nio-8080-exec-7] c.n.c.a.ServiceLogAspect [ServiceLogAspect.java:39] 用户[0:0:0:0:0:0:0:1],在[2025-03-20 21:34:15],访问了[com.nowcoder.community.service.MessageService.findLetterUnreadCount].
2025-03-20 21:34:15,843 INFO [http-nio-8080-exec-7] c.n.c.a.ServiceLogAspect [ServiceLogAspect.java:39] 用户[0:0:0:0:0:0:0:1],在[2025-03-20 21:34:15],访问了[com.nowcoder.community.service.UserService.findUserById].
2025-03-20 21:34:15,844 INFO [http-nio-8080-exec-7] c.n.c.a.ServiceLogAspect [ServiceLogAspect.java:39] 用户[0:0:0:0:0:0:0:1],在[2025-03-20 21:34:15],访问了[com.nowcoder.community.service.MessageService.findLetterCount].
2025-03-20 21:34:15,847 INFO [http-nio-8080-exec-7] c.n.c.a.ServiceLogAspect [ServiceLogAspect.java:39] 用户[0:0:0:0:0:0:0:1],在[2025-03-20 21:34:15],访问了[com.nowcoder.community.service.MessageService.findLetterUnreadCount].
2025-03-20 21:34:15,856 INFO [http-nio-8080-exec-7] c.n.c.a.ServiceLogAspect [ServiceLogAspect.java:39] 用户[0:0:0:0:0:0:0:1],在[2025-03-20 21:34:15],访问了[com.nowcoder.community.service.UserService.findUserById].
2025-03-20 21:34:15,858 INFO [http-nio-8080-exec-7] c.n.c.a.ServiceLogAspect [ServiceLogAspect.java:39] 用户[0:0:0:0:0:0:0:1],在[2025-03-20 21:34:15],访问了[com.nowcoder.community.service.MessageService.findLetterCount].
2025-03-20 21:34:15,859 INFO [http-nio-8080-exec-7] c.n.c.a.ServiceLogAspect [ServiceLogAspect.java:39] 用户[0:0:0:0:0:0:0:1],在[2025-03-20 21:34:15],访问了[com.nowcoder.community.service.MessageService.findLetterUnreadCount].
2025-03-20 21:34:15,860 INFO [http-nio-8080-exec-7] c.n.c.a.ServiceLogAspect [ServiceLogAspect.java:39] 用户[0:0:0:0:0:0:0:1],在[2025-03-20 21:34:15],访问了[com.nowcoder.community.service.UserService.findUserById].
2025-03-20 21:34:15,861 INFO [http-nio-8080-exec-7] c.n.c.a.ServiceLogAspect [ServiceLogAspect.java:39] 用户[0:0:0:0:0:0:0:1],在[2025-03-20 21:34:15],访问了[com.nowcoder.community.service.MessageService.findLetterCount].
2025-03-20 21:34:15,862 INFO [http-nio-8080-exec-7] c.n.c.a.ServiceLogAspect [ServiceLogAspect.java:39] 用户[0:0:0:0:0:0:0:1],在[2025-03-20 21:34:15],访问了[com.nowcoder.community.service.MessageService.findLetterUnreadCount].
2025-03-20 21:34:15,873 INFO [http-nio-8080-exec-7] c.n.c.a.ServiceLogAspect [ServiceLogAspect.java:39] 用户[0:0:0:0:0:0:0:1],在[2025-03-20 21:34:15],访问了[com.nowcoder.community.service.UserService.findUserById].
2025-03-20 21:34:15,874 INFO [http-nio-8080-exec-7] c.n.c.a.ServiceLogAspect [ServiceLogAspect.java:39] 用户[0:0:0:0:0:0:0:1],在[2025-03-20 21:34:15],访问了[com.nowcoder.community.service.MessageService.findLetterCount].
2025-03-20 21:34:15,876 INFO [http-nio-8080-exec-7] c.n.c.a.ServiceLogAspect [ServiceLogAspect.java:39] 用户[0:0:0:0:0:0:0:1],在[2025-03-20 21:34:15],访问了[com.nowcoder.community.service.MessageService.findLetterUnreadCount].
2025-03-20 21:34:15,885 INFO [http-nio-8080-exec-7] c.n.c.a.ServiceLogAspect [ServiceLogAspect.java:39] 用户[0:0:0:0:0:0:0:1],在[2025-03-20 21:34:15],访问了[com.nowcoder.community.service.UserService.findUserById].
2025-03-20 21:34:15,886 INFO [http-nio-8080-exec-7] c.n.c.a.ServiceLogAspect [ServiceLogAspect.java:39] 用户[0:0:0:0:0:0:0:1],在[2025-03-20 21:34:15],访问了[com.nowcoder.community.service.MessageService.findLetterUnreadCount].
2025-03-20 21:34:17,020 INFO [http-nio-8080-exec-7] c.n.c.a.ServiceLogAspect [ServiceLogAspect.java:39] 用户[0:0:0:0:0:0:0:1],在[2025-03-20 21:34:17],访问了[com.nowcoder.community.service.UserService.findLoginTicket].
2025-03-20 21:34:17,023 INFO [http-nio-8080-exec-7] c.n.c.a.ServiceLogAspect [ServiceLogAspect.java:39] 用户[0:0:0:0:0:0:0:1],在[2025-03-20 21:34:17],访问了[com.nowcoder.community.service.UserService.findUserById].
2025-03-20 21:34:17,024 INFO [http-nio-8080-exec-7] c.n.c.a.ServiceLogAspect [ServiceLogAspect.java:39] 用户[0:0:0:0:0:0:0:1],在[2025-03-20 21:34:17],访问了[com.nowcoder.community.service.MessageService.findLatestNotice].
2025-03-20 21:34:17,126 INFO [http-nio-8080-exec-7] c.n.c.a.ServiceLogAspect [ServiceLogAspect.java:39] 用户[0:0:0:0:0:0:0:1],在[2025-03-20 21:34:17],访问了[com.nowcoder.community.service.UserService.findUserById].
2025-03-20 21:34:17,128 INFO [http-nio-8080-exec-7] c.n.c.a.ServiceLogAspect [ServiceLogAspect.java:39] 用户[0:0:0:0:0:0:0:1],在[2025-03-20 21:34:17],访问了[com.nowcoder.community.service.MessageService.findNoticeCount].
2025-03-20 21:34:17,131 INFO [http-nio-8080-exec-7] c.n.c.a.ServiceLogAspect [ServiceLogAspect.java:39] 用户[0:0:0:0:0:0:0:1],在[2025-03-20 21:34:17],访问了[com.nowcoder.community.service.MessageService.findNoticeUnreadCount].
2025-03-20 21:34:17,133 INFO [http-nio-8080-exec-7] c.n.c.a.ServiceLogAspect [ServiceLogAspect.java:39] 用户[0:0:0:0:0:0:0:1],在[2025-03-20 21:34:17],访问了[com.nowcoder.community.service.MessageService.findLatestNotice].
2025-03-20 21:34:17,147 INFO [http-nio-8080-exec-7] c.n.c.a.ServiceLogAspect [ServiceLogAspect.java:39] 用户[0:0:0:0:0:0:0:1],在[2025-03-20 21:34:17],访问了[com.nowcoder.community.service.UserService.findUserById].
2025-03-20 21:34:17,148 INFO [http-nio-8080-exec-7] c.n.c.a.ServiceLogAspect [ServiceLogAspect.java:39] 用户[0:0:0:0:0:0:0:1],在[2025-03-20 21:34:17],访问了[com.nowcoder.community.service.MessageService.findNoticeCount].
2025-03-20 21:34:17,162 INFO [http-nio-8080-exec-7] c.n.c.a.ServiceLogAspect [ServiceLogAspect.java:39] 用户[0:0:0:0:0:0:0:1],在[2025-03-20 21:34:17],访问了[com.nowcoder.community.service.MessageService.findNoticeUnreadCount].
2025-03-20 21:34:17,177 INFO [http-nio-8080-exec-7] c.n.c.a.ServiceLogAspect [ServiceLogAspect.java:39] 用户[0:0:0:0:0:0:0:1],在[2025-03-20 21:34:17],访问了[com.nowcoder.community.service.MessageService.findLatestNotice].
2025-03-20 21:34:17,187 INFO [http-nio-8080-exec-7] c.n.c.a.ServiceLogAspect [ServiceLogAspect.java:39] 用户[0:0:0:0:0:0:0:1],在[2025-03-20 21:34:17],访问了[com.nowcoder.community.service.UserService.findUserById].
2025-03-20 21:34:17,188 INFO [http-nio-8080-exec-7] c.n.c.a.ServiceLogAspect [ServiceLogAspect.java:39] 用户[0:0:0:0:0:0:0:1],在[2025-03-20 21:34:17],访问了[com.nowcoder.community.service.MessageService.findNoticeCount].
2025-03-20 21:34:17,198 INFO [http-nio-8080-exec-7] c.n.c.a.ServiceLogAspect [ServiceLogAspect.java:39] 用户[0:0:0:0:0:0:0:1],在[2025-03-20 21:34:17],访问了[com.nowcoder.community.service.MessageService.findNoticeUnreadCount].
2025-03-20 21:34:17,208 INFO [http-nio-8080-exec-7] c.n.c.a.ServiceLogAspect [ServiceLogAspect.java:39] 用户[0:0:0:0:0:0:0:1],在[2025-03-20 21:34:17],访问了[com.nowcoder.community.service.MessageService.findLetterUnreadCount].
2025-03-20 21:34:17,209 INFO [http-nio-8080-exec-7] c.n.c.a.ServiceLogAspect [ServiceLogAspect.java:39] 用户[0:0:0:0:0:0:0:1],在[2025-03-20 21:34:17],访问了[com.nowcoder.community.service.MessageService.findNoticeUnreadCount].
2025-03-20 21:34:26,516 INFO [http-nio-8080-exec-3] c.n.c.a.ServiceLogAspect [ServiceLogAspect.java:39] 用户[0:0:0:0:0:0:0:1],在[2025-03-20 21:34:26],访问了[com.nowcoder.community.service.UserService.findLoginTicket].
2025-03-20 21:34:26,518 INFO [http-nio-8080-exec-3] c.n.c.a.ServiceLogAspect [ServiceLogAspect.java:39] 用户[0:0:0:0:0:0:0:1],在[2025-03-20 21:34:26],访问了[com.nowcoder.community.service.UserService.findUserById].
2025-03-20 21:34:26,520 INFO [http-nio-8080-exec-3] c.n.c.a.ServiceLogAspect [ServiceLogAspect.java:39] 用户[0:0:0:0:0:0:0:1],在[2025-03-20 21:34:26],访问了[com.nowcoder.community.service.MessageService.findNoticeCount].
2025-03-20 21:34:26,522 INFO [http-nio-8080-exec-3] c.n.c.a.ServiceLogAspect [ServiceLogAspect.java:39] 用户[0:0:0:0:0:0:0:1],在[2025-03-20 21:34:26],访问了[com.nowcoder.community.service.MessageService.findNotices].
2025-03-20 21:34:26,527 INFO [http-nio-8080-exec-3] c.n.c.a.ServiceLogAspect [ServiceLogAspect.java:39] 用户[0:0:0:0:0:0:0:1],在[2025-03-20 21:34:26],访问了[com.nowcoder.community.service.UserService.findUserById].
2025-03-20 21:34:26,528 INFO [http-nio-8080-exec-3] c.n.c.a.ServiceLogAspect [ServiceLogAspect.java:39] 用户[0:0:0:0:0:0:0:1],在[2025-03-20 21:34:26],访问了[com.nowcoder.community.service.UserService.findUserById].
2025-03-20 21:34:26,532 INFO [http-nio-8080-exec-3] c.n.c.a.ServiceLogAspect [ServiceLogAspect.java:39] 用户[0:0:0:0:0:0:0:1],在[2025-03-20 21:34:26],访问了[com.nowcoder.community.service.UserService.findUserById].
2025-03-20 21:34:26,533 INFO [http-nio-8080-exec-3] c.n.c.a.ServiceLogAspect [ServiceLogAspect.java:39] 用户[0:0:0:0:0:0:0:1],在[2025-03-20 21:34:26],访问了[com.nowcoder.community.service.UserService.findUserById].
2025-03-20 21:34:26,534 INFO [http-nio-8080-exec-3] c.n.c.a.ServiceLogAspect [ServiceLogAspect.java:39] 用户[0:0:0:0:0:0:0:1],在[2025-03-20 21:34:26],访问了[com.nowcoder.community.service.UserService.findUserById].
2025-03-20 21:34:26,535 INFO [http-nio-8080-exec-3] c.n.c.a.ServiceLogAspect [ServiceLogAspect.java:39] 用户[0:0:0:0:0:0:0:1],在[2025-03-20 21:34:26],访问了[com.nowcoder.community.service.UserService.findUserById].
2025-03-20 21:34:26,536 INFO [http-nio-8080-exec-3] c.n.c.a.ServiceLogAspect [ServiceLogAspect.java:39] 用户[0:0:0:0:0:0:0:1],在[2025-03-20 21:34:26],访问了[com.nowcoder.community.service.UserService.findUserById].
2025-03-20 21:34:26,537 INFO [http-nio-8080-exec-3] c.n.c.a.ServiceLogAspect [ServiceLogAspect.java:39] 用户[0:0:0:0:0:0:0:1],在[2025-03-20 21:34:26],访问了[com.nowcoder.community.service.UserService.findUserById].
2025-03-20 21:34:26,537 INFO [http-nio-8080-exec-3] c.n.c.a.ServiceLogAspect [ServiceLogAspect.java:39] 用户[0:0:0:0:0:0:0:1],在[2025-03-20 21:34:26],访问了[com.nowcoder.community.service.UserService.findUserById].
2025-03-20 21:34:26,538 INFO [http-nio-8080-exec-3] c.n.c.a.ServiceLogAspect [ServiceLogAspect.java:39] 用户[0:0:0:0:0:0:0:1],在[2025-03-20 21:34:26],访问了[com.nowcoder.community.service.UserService.findUserById].
2025-03-20 21:34:26,538 INFO [http-nio-8080-exec-3] c.n.c.a.ServiceLogAspect [ServiceLogAspect.java:39] 用户[0:0:0:0:0:0:0:1],在[2025-03-20 21:34:26],访问了[com.nowcoder.community.service.MessageService.readMessage].
2025-03-20 21:34:26,653 INFO [http-nio-8080-exec-1] c.n.c.a.ServiceLogAspect [ServiceLogAspect.java:39] 用户[0:0:0:0:0:0:0:1],在[2025-03-20 21:34:26],访问了[com.nowcoder.community.service.UserService.findLoginTicket].
2025-03-20 21:34:26,653 INFO [http-nio-8080-exec-8] c.n.c.a.ServiceLogAspect [ServiceLogAspect.java:39] 用户[0:0:0:0:0:0:0:1],在[2025-03-20 21:34:26],访问了[com.nowcoder.community.service.UserService.findLoginTicket].
2025-03-20 21:34:26,653 INFO [http-nio-8080-exec-6] c.n.c.a.ServiceLogAspect [ServiceLogAspect.java:39] 用户[0:0:0:0:0:0:0:1],在[2025-03-20 21:34:26],访问了[com.nowcoder.community.service.UserService.findLoginTicket].
2025-03-20 21:34:26,653 INFO [http-nio-8080-exec-10] c.n.c.a.ServiceLogAspect [ServiceLogAspect.java:39] 用户[0:0:0:0:0:0:0:1],在[2025-03-20 21:34:26],访问了[com.nowcoder.community.service.UserService.findLoginTicket].
2025-03-20 21:34:26,656 INFO [http-nio-8080-exec-1] c.n.c.a.ServiceLogAspect [ServiceLogAspect.java:39] 用户[0:0:0:0:0:0:0:1],在[2025-03-20 21:34:26],访问了[com.nowcoder.community.service.UserService.findUserById].
2025-03-20 21:34:26,656 INFO [http-nio-8080-exec-6] c.n.c.a.ServiceLogAspect [ServiceLogAspect.java:39] 用户[0:0:0:0:0:0:0:1],在[2025-03-20 21:34:26],访问了[com.nowcoder.community.service.UserService.findUserById].
2025-03-20 21:34:26,656 INFO [http-nio-8080-exec-8] c.n.c.a.ServiceLogAspect [ServiceLogAspect.java:39] 用户[0:0:0:0:0:0:0:1],在[2025-03-20 21:34:26],访问了[com.nowcoder.community.service.UserService.findUserById].
2025-03-20 21:34:26,656 INFO [http-nio-8080-exec-10] c.n.c.a.ServiceLogAspect [ServiceLogAspect.java:39] 用户[0:0:0:0:0:0:0:1],在[2025-03-20 21:34:26],访问了[com.nowcoder.community.service.UserService.findUserById].
2025-03-20 21:34:34,221 INFO [http-nio-8080-exec-9] c.n.c.a.ServiceLogAspect [ServiceLogAspect.java:39] 用户[0:0:0:0:0:0:0:1],在[2025-03-20 21:34:34],访问了[com.nowcoder.community.service.UserService.findLoginTicket].
2025-03-20 21:34:34,222 INFO [http-nio-8080-exec-9] c.n.c.a.ServiceLogAspect [ServiceLogAspect.java:39] 用户[0:0:0:0:0:0:0:1],在[2025-03-20 21:34:34],访问了[com.nowcoder.community.service.UserService.findUserById].
2025-03-20 21:34:34,224 INFO [http-nio-8080-exec-9] c.n.c.a.ServiceLogAspect [ServiceLogAspect.java:39] 用户[0:0:0:0:0:0:0:1],在[2025-03-20 21:34:34],访问了[com.nowcoder.community.service.DiscussPostService.findDiscussPostRows].
2025-03-20 21:34:34,226 INFO [http-nio-8080-exec-9] c.n.c.a.ServiceLogAspect [ServiceLogAspect.java:39] 用户[0:0:0:0:0:0:0:1],在[2025-03-20 21:34:34],访问了[com.nowcoder.community.service.DiscussPostService.findDiscussPosts].
2025-03-20 21:34:34,231 INFO [http-nio-8080-exec-9] c.n.c.a.ServiceLogAspect [ServiceLogAspect.java:39] 用户[0:0:0:0:0:0:0:1],在[2025-03-20 21:34:34],访问了[com.nowcoder.community.service.UserService.findUserById].
2025-03-20 21:34:34,232 INFO [http-nio-8080-exec-9] c.n.c.a.ServiceLogAspect [ServiceLogAspect.java:39] 用户[0:0:0:0:0:0:0:1],在[2025-03-20 21:34:34],访问了[com.nowcoder.community.service.LikeService.findEntityLikeCount].
2025-03-20 21:34:34,233 INFO [http-nio-8080-exec-9] c.n.c.a.ServiceLogAspect [ServiceLogAspect.java:39] 用户[0:0:0:0:0:0:0:1],在[2025-03-20 21:34:34],访问了[com.nowcoder.community.service.UserService.findUserById].
2025-03-20 21:34:34,234 INFO [http-nio-8080-exec-9] c.n.c.a.ServiceLogAspect [ServiceLogAspect.java:39] 用户[0:0:0:0:0:0:0:1],在[2025-03-20 21:34:34],访问了[com.nowcoder.community.service.LikeService.findEntityLikeCount].
2025-03-20 21:34:34,235 INFO [http-nio-8080-exec-9] c.n.c.a.ServiceLogAspect [ServiceLogAspect.java:39] 用户[0:0:0:0:0:0:0:1],在[2025-03-20 21:34:34],访问了[com.nowcoder.community.service.UserService.findUserById].
2025-03-20 21:34:34,235 INFO [http-nio-8080-exec-9] c.n.c.a.ServiceLogAspect [ServiceLogAspect.java:39] 用户[0:0:0:0:0:0:0:1],在[2025-03-20 21:34:34],访问了[com.nowcoder.community.service.LikeService.findEntityLikeCount].
2025-03-20 21:34:34,236 INFO [http-nio-8080-exec-9] c.n.c.a.ServiceLogAspect [ServiceLogAspect.java:39] 用户[0:0:0:0:0:0:0:1],在[2025-03-20 21:34:34],访问了[com.nowcoder.community.service.UserService.findUserById].
2025-03-20 21:34:34,236 INFO [http-nio-8080-exec-9] c.n.c.a.ServiceLogAspect [ServiceLogAspect.java:39] 用户[0:0:0:0:0:0:0:1],在[2025-03-20 21:34:34],访问了[com.nowcoder.community.service.LikeService.findEntityLikeCount].
2025-03-20 21:34:34,237 INFO [http-nio-8080-exec-9] c.n.c.a.ServiceLogAspect [ServiceLogAspect.java:39] 用户[0:0:0:0:0:0:0:1],在[2025-03-20 21:34:34],访问了[com.nowcoder.community.service.UserService.findUserById].
2025-03-20 21:34:34,238 INFO [http-nio-8080-exec-9] c.n.c.a.ServiceLogAspect [ServiceLogAspect.java:39] 用户[0:0:0:0:0:0:0:1],在[2025-03-20 21:34:34],访问了[com.nowcoder.community.service.LikeService.findEntityLikeCount].
2025-03-20 21:34:34,238 INFO [http-nio-8080-exec-9] c.n.c.a.ServiceLogAspect [ServiceLogAspect.java:39] 用户[0:0:0:0:0:0:0:1],在[2025-03-20 21:34:34],访问了[com.nowcoder.community.service.UserService.findUserById].
2025-03-20 21:34:34,239 INFO [http-nio-8080-exec-9] c.n.c.a.ServiceLogAspect [ServiceLogAspect.java:39] 用户[0:0:0:0:0:0:0:1],在[2025-03-20 21:34:34],访问了[com.nowcoder.community.service.LikeService.findEntityLikeCount].
2025-03-20 21:34:34,239 INFO [http-nio-8080-exec-9] c.n.c.a.ServiceLogAspect [ServiceLogAspect.java:39] 用户[0:0:0:0:0:0:0:1],在[2025-03-20 21:34:34],访问了[com.nowcoder.community.service.UserService.findUserById].
2025-03-20 21:34:34,240 INFO [http-nio-8080-exec-9] c.n.c.a.ServiceLogAspect [ServiceLogAspect.java:39] 用户[0:0:0:0:0:0:0:1],在[2025-03-20 21:34:34],访问了[com.nowcoder.community.service.LikeService.findEntityLikeCount].
2025-03-20 21:34:34,240 INFO [http-nio-8080-exec-9] c.n.c.a.ServiceLogAspect [ServiceLogAspect.java:39] 用户[0:0:0:0:0:0:0:1],在[2025-03-20 21:34:34],访问了[com.nowcoder.community.service.UserService.findUserById].
2025-03-20 21:34:34,240 INFO [http-nio-8080-exec-9] c.n.c.a.ServiceLogAspect [ServiceLogAspect.java:39] 用户[0:0:0:0:0:0:0:1],在[2025-03-20 21:34:34],访问了[com.nowcoder.community.service.LikeService.findEntityLikeCount].
2025-03-20 21:34:34,241 INFO [http-nio-8080-exec-9] c.n.c.a.ServiceLogAspect [ServiceLogAspect.java:39] 用户[0:0:0:0:0:0:0:1],在[2025-03-20 21:34:34],访问了[com.nowcoder.community.service.UserService.findUserById].
2025-03-20 21:34:34,241 INFO [http-nio-8080-exec-9] c.n.c.a.ServiceLogAspect [ServiceLogAspect.java:39] 用户[0:0:0:0:0:0:0:1],在[2025-03-20 21:34:34],访问了[com.nowcoder.community.service.LikeService.findEntityLikeCount].
2025-03-20 21:34:34,241 INFO [http-nio-8080-exec-9] c.n.c.a.ServiceLogAspect [ServiceLogAspect.java:39] 用户[0:0:0:0:0:0:0:1],在[2025-03-20 21:34:34],访问了[com.nowcoder.community.service.UserService.findUserById].
2025-03-20 21:34:34,242 INFO [http-nio-8080-exec-9] c.n.c.a.ServiceLogAspect [ServiceLogAspect.java:39] 用户[0:0:0:0:0:0:0:1],在[2025-03-20 21:34:34],访问了[com.nowcoder.community.service.LikeService.findEntityLikeCount].
2025-03-20 21:34:38,530 INFO [http-nio-8080-exec-1] c.n.c.a.ServiceLogAspect [ServiceLogAspect.java:39] 用户[0:0:0:0:0:0:0:1],在[2025-03-20 21:34:38],访问了[com.nowcoder.community.service.UserService.findLoginTicket].
2025-03-20 21:34:38,531 INFO [http-nio-8080-exec-1] c.n.c.a.ServiceLogAspect [ServiceLogAspect.java:39] 用户[0:0:0:0:0:0:0:1],在[2025-03-20 21:34:38],访问了[com.nowcoder.community.service.UserService.findUserById].
2025-03-20 21:34:38,532 INFO [http-nio-8080-exec-1] c.n.c.a.ServiceLogAspect [ServiceLogAspect.java:39] 用户[0:0:0:0:0:0:0:1],在[2025-03-20 21:34:38],访问了[com.nowcoder.community.service.MessageService.findConversationCount].
2025-03-20 21:34:38,543 INFO [http-nio-8080-exec-1] c.n.c.a.ServiceLogAspect [ServiceLogAspect.java:39] 用户[0:0:0:0:0:0:0:1],在[2025-03-20 21:34:38],访问了[com.nowcoder.community.service.MessageService.findConversations].
2025-03-20 21:34:38,554 INFO [http-nio-8080-exec-1] c.n.c.a.ServiceLogAspect [ServiceLogAspect.java:39] 用户[0:0:0:0:0:0:0:1],在[2025-03-20 21:34:38],访问了[com.nowcoder.community.service.MessageService.findLetterCount].
2025-03-20 21:34:38,555 INFO [http-nio-8080-exec-1] c.n.c.a.ServiceLogAspect [ServiceLogAspect.java:39] 用户[0:0:0:0:0:0:0:1],在[2025-03-20 21:34:38],访问了[com.nowcoder.community.service.MessageService.findLetterUnreadCount].
2025-03-20 21:34:38,564 INFO [http-nio-8080-exec-1] c.n.c.a.ServiceLogAspect [ServiceLogAspect.java:39] 用户[0:0:0:0:0:0:0:1],在[2025-03-20 21:34:38],访问了[com.nowcoder.community.service.UserService.findUserById].
2025-03-20 21:34:38,566 INFO [http-nio-8080-exec-1] c.n.c.a.ServiceLogAspect [ServiceLogAspect.java:39] 用户[0:0:0:0:0:0:0:1],在[2025-03-20 21:34:38],访问了[com.nowcoder.community.service.MessageService.findLetterCount].
2025-03-20 21:34:38,568 INFO [http-nio-8080-exec-1] c.n.c.a.ServiceLogAspect [ServiceLogAspect.java:39] 用户[0:0:0:0:0:0:0:1],在[2025-03-20 21:34:38],访问了[com.nowcoder.community.service.MessageService.findLetterUnreadCount].
2025-03-20 21:34:38,576 INFO [http-nio-8080-exec-1] c.n.c.a.ServiceLogAspect [ServiceLogAspect.java:39] 用户[0:0:0:0:0:0:0:1],在[2025-03-20 21:34:38],访问了[com.nowcoder.community.service.UserService.findUserById].
2025-03-20 21:34:38,577 INFO [http-nio-8080-exec-1] c.n.c.a.ServiceLogAspect [ServiceLogAspect.java:39] 用户[0:0:0:0:0:0:0:1],在[2025-03-20 21:34:38],访问了[com.nowcoder.community.service.MessageService.findLetterCount].
2025-03-20 21:34:38,579 INFO [http-nio-8080-exec-1] c.n.c.a.ServiceLogAspect [ServiceLogAspect.java:39] 用户[0:0:0:0:0:0:0:1],在[2025-03-20 21:34:38],访问了[com.nowcoder.community.service.MessageService.findLetterUnreadCount].
2025-03-20 21:34:38,581 INFO [http-nio-8080-exec-1] c.n.c.a.ServiceLogAspect [ServiceLogAspect.java:39] 用户[0:0:0:0:0:0:0:1],在[2025-03-20 21:34:38],访问了[com.nowcoder.community.service.UserService.findUserById].
2025-03-20 21:34:38,583 INFO [http-nio-8080-exec-1] c.n.c.a.ServiceLogAspect [ServiceLogAspect.java:39] 用户[0:0:0:0:0:0:0:1],在[2025-03-20 21:34:38],访问了[com.nowcoder.community.service.MessageService.findLetterCount].
2025-03-20 21:34:38,585 INFO [http-nio-8080-exec-1] c.n.c.a.ServiceLogAspect [ServiceLogAspect.java:39] 用户[0:0:0:0:0:0:0:1],在[2025-03-20 21:34:38],访问了[com.nowcoder.community.service.MessageService.findLetterUnreadCount].
2025-03-20 21:34:38,594 INFO [http-nio-8080-exec-1] c.n.c.a.ServiceLogAspect [ServiceLogAspect.java:39] 用户[0:0:0:0:0:0:0:1],在[2025-03-20 21:34:38],访问了[com.nowcoder.community.service.UserService.findUserById].
2025-03-20 21:34:38,596 INFO [http-nio-8080-exec-1] c.n.c.a.ServiceLogAspect [ServiceLogAspect.java:39] 用户[0:0:0:0:0:0:0:1],在[2025-03-20 21:34:38],访问了[com.nowcoder.community.service.MessageService.findLetterCount].
2025-03-20 21:34:38,598 INFO [http-nio-8080-exec-1] c.n.c.a.ServiceLogAspect [ServiceLogAspect.java:39] 用户[0:0:0:0:0:0:0:1],在[2025-03-20 21:34:38],访问了[com.nowcoder.community.service.MessageService.findLetterUnreadCount].
2025-03-20 21:34:38,608 INFO [http-nio-8080-exec-1] c.n.c.a.ServiceLogAspect [ServiceLogAspect.java:39] 用户[0:0:0:0:0:0:0:1],在[2025-03-20 21:34:38],访问了[com.nowcoder.community.service.UserService.findUserById].
2025-03-20 21:34:38,609 INFO [http-nio-8080-exec-1] c.n.c.a.ServiceLogAspect [ServiceLogAspect.java:39] 用户[0:0:0:0:0:0:0:1],在[2025-03-20 21:34:38],访问了[com.nowcoder.community.service.MessageService.findLetterUnreadCount].
2025-03-20 21:34:39,682 INFO [http-nio-8080-exec-9] c.n.c.a.ServiceLogAspect [ServiceLogAspect.java:39] 用户[0:0:0:0:0:0:0:1],在[2025-03-20 21:34:39],访问了[com.nowcoder.community.service.UserService.findLoginTicket].
2025-03-20 21:34:39,683 INFO [http-nio-8080-exec-9] c.n.c.a.ServiceLogAspect [ServiceLogAspect.java:39] 用户[0:0:0:0:0:0:0:1],在[2025-03-20 21:34:39],访问了[com.nowcoder.community.service.UserService.findUserById].
2025-03-20 21:34:39,686 INFO [http-nio-8080-exec-9] c.n.c.a.ServiceLogAspect [ServiceLogAspect.java:39] 用户[0:0:0:0:0:0:0:1],在[2025-03-20 21:34:39],访问了[com.nowcoder.community.service.DiscussPostService.findDiscussPostRows].
2025-03-20 21:34:39,688 INFO [http-nio-8080-exec-9] c.n.c.a.ServiceLogAspect [ServiceLogAspect.java:39] 用户[0:0:0:0:0:0:0:1],在[2025-03-20 21:34:39],访问了[com.nowcoder.community.service.DiscussPostService.findDiscussPosts].
2025-03-20 21:34:39,691 INFO [http-nio-8080-exec-9] c.n.c.a.ServiceLogAspect [ServiceLogAspect.java:39] 用户[0:0:0:0:0:0:0:1],在[2025-03-20 21:34:39],访问了[com.nowcoder.community.service.UserService.findUserById].
2025-03-20 21:34:39,692 INFO [http-nio-8080-exec-9] c.n.c.a.ServiceLogAspect [ServiceLogAspect.java:39] 用户[0:0:0:0:0:0:0:1],在[2025-03-20 21:34:39],访问了[com.nowcoder.community.service.LikeService.findEntityLikeCount].
2025-03-20 21:34:39,692 INFO [http-nio-8080-exec-9] c.n.c.a.ServiceLogAspect [ServiceLogAspect.java:39] 用户[0:0:0:0:0:0:0:1],在[2025-03-20 21:34:39],访问了[com.nowcoder.community.service.UserService.findUserById].
2025-03-20 21:34:39,693 INFO [http-nio-8080-exec-9] c.n.c.a.ServiceLogAspect [ServiceLogAspect.java:39] 用户[0:0:0:0:0:0:0:1],在[2025-03-20 21:34:39],访问了[com.nowcoder.community.service.LikeService.findEntityLikeCount].
2025-03-20 21:34:39,694 INFO [http-nio-8080-exec-9] c.n.c.a.ServiceLogAspect [ServiceLogAspect.java:39] 用户[0:0:0:0:0:0:0:1],在[2025-03-20 21:34:39],访问了[com.nowcoder.community.service.UserService.findUserById].
2025-03-20 21:34:39,694 INFO [http-nio-8080-exec-9] c.n.c.a.ServiceLogAspect [ServiceLogAspect.java:39] 用户[0:0:0:0:0:0:0:1],在[2025-03-20 21:34:39],访问了[com.nowcoder.community.service.LikeService.findEntityLikeCount].
2025-03-20 21:34:39,695 INFO [http-nio-8080-exec-9] c.n.c.a.ServiceLogAspect [ServiceLogAspect.java:39] 用户[0:0:0:0:0:0:0:1],在[2025-03-20 21:34:39],访问了[com.nowcoder.community.service.UserService.findUserById].
2025-03-20 21:34:39,695 INFO [http-nio-8080-exec-9] c.n.c.a.ServiceLogAspect [ServiceLogAspect.java:39] 用户[0:0:0:0:0:0:0:1],在[2025-03-20 21:34:39],访问了[com.nowcoder.community.service.LikeService.findEntityLikeCount].
2025-03-20 21:34:39,696 INFO [http-nio-8080-exec-9] c.n.c.a.ServiceLogAspect [ServiceLogAspect.java:39] 用户[0:0:0:0:0:0:0:1],在[2025-03-20 21:34:39],访问了[com.nowcoder.community.service.UserService.findUserById].
2025-03-20 21:34:39,696 INFO [http-nio-8080-exec-9] c.n.c.a.ServiceLogAspect [ServiceLogAspect.java:39] 用户[0:0:0:0:0:0:0:1],在[2025-03-20 21:34:39],访问了[com.nowcoder.community.service.LikeService.findEntityLikeCount].
2025-03-20 21:34:39,697 INFO [http-nio-8080-exec-9] c.n.c.a.ServiceLogAspect [ServiceLogAspect.java:39] 用户[0:0:0:0:0:0:0:1],在[2025-03-20 21:34:39],访问了[com.nowcoder.community.service.UserService.findUserById].
2025-03-20 21:34:39,697 INFO [http-nio-8080-exec-9] c.n.c.a.ServiceLogAspect [ServiceLogAspect.java:39] 用户[0:0:0:0:0:0:0:1],在[2025-03-20 21:34:39],访问了[com.nowcoder.community.service.LikeService.findEntityLikeCount].
2025-03-20 21:34:39,697 INFO [http-nio-8080-exec-9] c.n.c.a.ServiceLogAspect [ServiceLogAspect.java:39] 用户[0:0:0:0:0:0:0:1],在[2025-03-20 21:34:39],访问了[com.nowcoder.community.service.UserService.findUserById].
2025-03-20 21:34:39,698 INFO [http-nio-8080-exec-9] c.n.c.a.ServiceLogAspect [ServiceLogAspect.java:39] 用户[0:0:0:0:0:0:0:1],在[2025-03-20 21:34:39],访问了[com.nowcoder.community.service.LikeService.findEntityLikeCount].
2025-03-20 21:34:39,698 INFO [http-nio-8080-exec-9] c.n.c.a.ServiceLogAspect [ServiceLogAspect.java:39] 用户[0:0:0:0:0:0:0:1],在[2025-03-20 21:34:39],访问了[com.nowcoder.community.service.UserService.findUserById].
2025-03-20 21:34:39,698 INFO [http-nio-8080-exec-9] c.n.c.a.ServiceLogAspect [ServiceLogAspect.java:39] 用户[0:0:0:0:0:0:0:1],在[2025-03-20 21:34:39],访问了[com.nowcoder.community.service.LikeService.findEntityLikeCount].
2025-03-20 21:34:39,699 INFO [http-nio-8080-exec-9] c.n.c.a.ServiceLogAspect [ServiceLogAspect.java:39] 用户[0:0:0:0:0:0:0:1],在[2025-03-20 21:34:39],访问了[com.nowcoder.community.service.UserService.findUserById].
2025-03-20 21:34:39,699 INFO [http-nio-8080-exec-9] c.n.c.a.ServiceLogAspect [ServiceLogAspect.java:39] 用户[0:0:0:0:0:0:0:1],在[2025-03-20 21:34:39],访问了[com.nowcoder.community.service.LikeService.findEntityLikeCount].
2025-03-20 21:34:39,699 INFO [http-nio-8080-exec-9] c.n.c.a.ServiceLogAspect [ServiceLogAspect.java:39] 用户[0:0:0:0:0:0:0:1],在[2025-03-20 21:34:39],访问了[com.nowcoder.community.service.UserService.findUserById].
2025-03-20 21:34:39,700 INFO [http-nio-8080-exec-9] c.n.c.a.ServiceLogAspect [ServiceLogAspect.java:39] 用户[0:0:0:0:0:0:0:1],在[2025-03-20 21:34:39],访问了[com.nowcoder.community.service.LikeService.findEntityLikeCount].
2025-03-20 21:34:41,275 INFO [http-nio-8080-exec-1] c.n.c.a.ServiceLogAspect [ServiceLogAspect.java:39] 用户[0:0:0:0:0:0:0:1],在[2025-03-20 21:34:41],访问了[com.nowcoder.community.service.UserService.findLoginTicket].
2025-03-20 21:34:41,276 INFO [http-nio-8080-exec-1] c.n.c.a.ServiceLogAspect [ServiceLogAspect.java:39] 用户[0:0:0:0:0:0:0:1],在[2025-03-20 21:34:41],访问了[com.nowcoder.community.service.UserService.findUserById].
2025-03-20 21:34:41,278 INFO [http-nio-8080-exec-1] c.n.c.a.ServiceLogAspect [ServiceLogAspect.java:39] 用户[0:0:0:0:0:0:0:1],在[2025-03-20 21:34:41],访问了[com.nowcoder.community.service.UserService.findUserById].
2025-03-20 21:34:41,279 INFO [http-nio-8080-exec-1] c.n.c.a.ServiceLogAspect [ServiceLogAspect.java:39] 用户[0:0:0:0:0:0:0:1],在[2025-03-20 21:34:41],访问了[com.nowcoder.community.service.LikeService.findUserLikeCount].
2025-03-20 21:34:41,280 INFO [http-nio-8080-exec-1] c.n.c.a.ServiceLogAspect [ServiceLogAspect.java:39] 用户[0:0:0:0:0:0:0:1],在[2025-03-20 21:34:41],访问了[com.nowcoder.community.service.FollowService.findFolloweeCount].
2025-03-20 21:34:41,282 INFO [http-nio-8080-exec-1] c.n.c.a.ServiceLogAspect [ServiceLogAspect.java:39] 用户[0:0:0:0:0:0:0:1],在[2025-03-20 21:34:41],访问了[com.nowcoder.community.service.FollowService.findFollowerCount].
2025-03-20 21:34:41,283 INFO [http-nio-8080-exec-1] c.n.c.a.ServiceLogAspect [ServiceLogAspect.java:39] 用户[0:0:0:0:0:0:0:1],在[2025-03-20 21:34:41],访问了[com.nowcoder.community.service.FollowService.hasFollowed].
2025-03-20 21:42:21,851 INFO [http-nio-8080-exec-5] c.n.c.a.ServiceLogAspect [ServiceLogAspect.java:39] 用户[0:0:0:0:0:0:0:1],在[2025-03-20 21:42:21],访问了[com.nowcoder.community.service.UserService.findLoginTicket].
2025-03-20 21:42:21,853 INFO [http-nio-8080-exec-5] c.n.c.a.ServiceLogAspect [ServiceLogAspect.java:39] 用户[0:0:0:0:0:0:0:1],在[2025-03-20 21:42:21],访问了[com.nowcoder.community.service.UserService.findUserById].
2025-03-20 21:42:21,856 INFO [http-nio-8080-exec-5] c.n.c.a.ServiceLogAspect [ServiceLogAspect.java:39] 用户[0:0:0:0:0:0:0:1],在[2025-03-20 21:42:21],访问了[com.nowcoder.community.service.MessageService.findConversationCount].
2025-03-20 21:42:21,869 INFO [http-nio-8080-exec-5] c.n.c.a.ServiceLogAspect [ServiceLogAspect.java:39] 用户[0:0:0:0:0:0:0:1],在[2025-03-20 21:42:21],访问了[com.nowcoder.community.service.MessageService.findConversations].
2025-03-20 21:42:21,878 INFO [http-nio-8080-exec-5] c.n.c.a.ServiceLogAspect [ServiceLogAspect.java:39] 用户[0:0:0:0:0:0:0:1],在[2025-03-20 21:42:21],访问了[com.nowcoder.community.service.MessageService.findLetterCount].
2025-03-20 21:42:21,880 INFO [http-nio-8080-exec-5] c.n.c.a.ServiceLogAspect [ServiceLogAspect.java:39] 用户[0:0:0:0:0:0:0:1],在[2025-03-20 21:42:21],访问了[com.nowcoder.community.service.MessageService.findLetterUnreadCount].
2025-03-20 21:42:21,888 INFO [http-nio-8080-exec-5] c.n.c.a.ServiceLogAspect [ServiceLogAspect.java:39] 用户[0:0:0:0:0:0:0:1],在[2025-03-20 21:42:21],访问了[com.nowcoder.community.service.UserService.findUserById].
2025-03-20 21:42:21,888 INFO [http-nio-8080-exec-5] c.n.c.a.ServiceLogAspect [ServiceLogAspect.java:39] 用户[0:0:0:0:0:0:0:1],在[2025-03-20 21:42:21],访问了[com.nowcoder.community.service.MessageService.findLetterCount].
2025-03-20 21:42:21,889 INFO [http-nio-8080-exec-5] c.n.c.a.ServiceLogAspect [ServiceLogAspect.java:39] 用户[0:0:0:0:0:0:0:1],在[2025-03-20 21:42:21],访问了[com.nowcoder.community.service.MessageService.findLetterUnreadCount].
2025-03-20 21:42:21,897 INFO [http-nio-8080-exec-5] c.n.c.a.ServiceLogAspect [ServiceLogAspect.java:39] 用户[0:0:0:0:0:0:0:1],在[2025-03-20 21:42:21],访问了[com.nowcoder.community.service.UserService.findUserById].
2025-03-20 21:42:21,898 INFO [http-nio-8080-exec-5] c.n.c.a.ServiceLogAspect [ServiceLogAspect.java:39] 用户[0:0:0:0:0:0:0:1],在[2025-03-20 21:42:21],访问了[com.nowcoder.community.service.MessageService.findLetterCount].
2025-03-20 21:42:21,899 INFO [http-nio-8080-exec-5] c.n.c.a.ServiceLogAspect [ServiceLogAspect.java:39] 用户[0:0:0:0:0:0:0:1],在[2025-03-20 21:42:21],访问了[com.nowcoder.community.service.MessageService.findLetterUnreadCount].
2025-03-20 21:42:21,900 INFO [http-nio-8080-exec-5] c.n.c.a.ServiceLogAspect [ServiceLogAspect.java:39] 用户[0:0:0:0:0:0:0:1],在[2025-03-20 21:42:21],访问了[com.nowcoder.community.service.UserService.findUserById].
2025-03-20 21:42:21,901 INFO [http-nio-8080-exec-5] c.n.c.a.ServiceLogAspect [ServiceLogAspect.java:39] 用户[0:0:0:0:0:0:0:1],在[2025-03-20 21:42:21],访问了[com.nowcoder.community.service.MessageService.findLetterCount].
2025-03-20 21:42:21,902 INFO [http-nio-8080-exec-5] c.n.c.a.ServiceLogAspect [ServiceLogAspect.java:39] 用户[0:0:0:0:0:0:0:1],在[2025-03-20 21:42:21],访问了[com.nowcoder.community.service.MessageService.findLetterUnreadCount].
2025-03-20 21:42:21,911 INFO [http-nio-8080-exec-5] c.n.c.a.ServiceLogAspect [ServiceLogAspect.java:39] 用户[0:0:0:0:0:0:0:1],在[2025-03-20 21:42:21],访问了[com.nowcoder.community.service.UserService.findUserById].
2025-03-20 21:42:21,912 INFO [http-nio-8080-exec-5] c.n.c.a.ServiceLogAspect [ServiceLogAspect.java:39] 用户[0:0:0:0:0:0:0:1],在[2025-03-20 21:42:21],访问了[com.nowcoder.community.service.MessageService.findLetterCount].
2025-03-20 21:42:21,913 INFO [http-nio-8080-exec-5] c.n.c.a.ServiceLogAspect [ServiceLogAspect.java:39] 用户[0:0:0:0:0:0:0:1],在[2025-03-20 21:42:21],访问了[com.nowcoder.community.service.MessageService.findLetterUnreadCount].
2025-03-20 21:42:21,921 INFO [http-nio-8080-exec-5] c.n.c.a.ServiceLogAspect [ServiceLogAspect.java:39] 用户[0:0:0:0:0:0:0:1],在[2025-03-20 21:42:21],访问了[com.nowcoder.community.service.UserService.findUserById].
2025-03-20 21:42:21,922 INFO [http-nio-8080-exec-5] c.n.c.a.ServiceLogAspect [ServiceLogAspect.java:39] 用户[0:0:0:0:0:0:0:1],在[2025-03-20 21:42:21],访问了[com.nowcoder.community.service.MessageService.findLetterUnreadCount].
2025-03-20 21:42:23,547 INFO [http-nio-8080-exec-10] c.n.c.a.ServiceLogAspect [ServiceLogAspect.java:39] 用户[0:0:0:0:0:0:0:1],在[2025-03-20 21:42:23],访问了[com.nowcoder.community.service.UserService.findLoginTicket].
2025-03-20 21:42:23,547 INFO [http-nio-8080-exec-10] c.n.c.a.ServiceLogAspect [ServiceLogAspect.java:39] 用户[0:0:0:0:0:0:0:1],在[2025-03-20 21:42:23],访问了[com.nowcoder.community.service.UserService.findUserById].
2025-03-20 21:42:23,549 INFO [http-nio-8080-exec-10] c.n.c.a.ServiceLogAspect [ServiceLogAspect.java:39] 用户[0:0:0:0:0:0:0:1],在[2025-03-20 21:42:23],访问了[com.nowcoder.community.service.MessageService.findLatestNotice].
2025-03-20 21:42:23,551 INFO [http-nio-8080-exec-10] c.n.c.a.ServiceLogAspect [ServiceLogAspect.java:39] 用户[0:0:0:0:0:0:0:1],在[2025-03-20 21:42:23],访问了[com.nowcoder.community.service.UserService.findUserById].
2025-03-20 21:42:23,552 INFO [http-nio-8080-exec-10] c.n.c.a.ServiceLogAspect [ServiceLogAspect.java:39] 用户[0:0:0:0:0:0:0:1],在[2025-03-20 21:42:23],访问了[com.nowcoder.community.service.MessageService.findNoticeCount].
2025-03-20 21:42:23,553 INFO [http-nio-8080-exec-10] c.n.c.a.ServiceLogAspect [ServiceLogAspect.java:39] 用户[0:0:0:0:0:0:0:1],在[2025-03-20 21:42:23],访问了[com.nowcoder.community.service.MessageService.findNoticeUnreadCount].
2025-03-20 21:42:23,554 INFO [http-nio-8080-exec-10] c.n.c.a.ServiceLogAspect [ServiceLogAspect.java:39] 用户[0:0:0:0:0:0:0:1],在[2025-03-20 21:42:23],访问了[com.nowcoder.community.service.MessageService.findLatestNotice].
2025-03-20 21:42:23,565 INFO [http-nio-8080-exec-10] c.n.c.a.ServiceLogAspect [ServiceLogAspect.java:39] 用户[0:0:0:0:0:0:0:1],在[2025-03-20 21:42:23],访问了[com.nowcoder.community.service.UserService.findUserById].
2025-03-20 21:42:23,566 INFO [http-nio-8080-exec-10] c.n.c.a.ServiceLogAspect [ServiceLogAspect.java:39] 用户[0:0:0:0:0:0:0:1],在[2025-03-20 21:42:23],访问了[com.nowcoder.community.service.MessageService.findNoticeCount].
2025-03-20 21:42:23,577 INFO [http-nio-8080-exec-10] c.n.c.a.ServiceLogAspect [ServiceLogAspect.java:39] 用户[0:0:0:0:0:0:0:1],在[2025-03-20 21:42:23],访问了[com.nowcoder.community.service.MessageService.findNoticeUnreadCount].
2025-03-20 21:42:23,589 INFO [http-nio-8080-exec-10] c.n.c.a.ServiceLogAspect [ServiceLogAspect.java:39] 用户[0:0:0:0:0:0:0:1],在[2025-03-20 21:42:23],访问了[com.nowcoder.community.service.MessageService.findLatestNotice].
2025-03-20 21:42:23,596 INFO [http-nio-8080-exec-10] c.n.c.a.ServiceLogAspect [ServiceLogAspect.java:39] 用户[0:0:0:0:0:0:0:1],在[2025-03-20 21:42:23],访问了[com.nowcoder.community.service.UserService.findUserById].
2025-03-20 21:42:23,597 INFO [http-nio-8080-exec-10] c.n.c.a.ServiceLogAspect [ServiceLogAspect.java:39] 用户[0:0:0:0:0:0:0:1],在[2025-03-20 21:42:23],访问了[com.nowcoder.community.service.MessageService.findNoticeCount].
2025-03-20 21:42:23,605 INFO [http-nio-8080-exec-10] c.n.c.a.ServiceLogAspect [ServiceLogAspect.java:39] 用户[0:0:0:0:0:0:0:1],在[2025-03-20 21:42:23],访问了[com.nowcoder.community.service.MessageService.findNoticeUnreadCount].
2025-03-20 21:42:23,613 INFO [http-nio-8080-exec-10] c.n.c.a.ServiceLogAspect [ServiceLogAspect.java:39] 用户[0:0:0:0:0:0:0:1],在[2025-03-20 21:42:23],访问了[com.nowcoder.community.service.MessageService.findLetterUnreadCount].
2025-03-20 21:42:23,614 INFO [http-nio-8080-exec-10] c.n.c.a.ServiceLogAspect [ServiceLogAspect.java:39] 用户[0:0:0:0:0:0:0:1],在[2025-03-20 21:42:23],访问了[com.nowcoder.community.service.MessageService.findNoticeUnreadCount].
2025-03-20 21:42:27,454 INFO [http-nio-8080-exec-6] c.n.c.a.ServiceLogAspect [ServiceLogAspect.java:39] 用户[0:0:0:0:0:0:0:1],在[2025-03-20 21:42:27],访问了[com.nowcoder.community.service.UserService.findLoginTicket].
2025-03-20 21:42:27,455 INFO [http-nio-8080-exec-6] c.n.c.a.ServiceLogAspect [ServiceLogAspect.java:39] 用户[0:0:0:0:0:0:0:1],在[2025-03-20 21:42:27],访问了[com.nowcoder.community.service.UserService.findUserById].
2025-03-20 21:42:27,456 INFO [http-nio-8080-exec-6] c.n.c.a.ServiceLogAspect [ServiceLogAspect.java:39] 用户[0:0:0:0:0:0:0:1],在[2025-03-20 21:42:27],访问了[com.nowcoder.community.service.DiscussPostService.findDiscussPostRows].
2025-03-20 21:42:27,459 INFO [http-nio-8080-exec-6] c.n.c.a.ServiceLogAspect [ServiceLogAspect.java:39] 用户[0:0:0:0:0:0:0:1],在[2025-03-20 21:42:27],访问了[com.nowcoder.community.service.DiscussPostService.findDiscussPosts].
2025-03-20 21:42:27,460 INFO [http-nio-8080-exec-6] c.n.c.a.ServiceLogAspect [ServiceLogAspect.java:39] 用户[0:0:0:0:0:0:0:1],在[2025-03-20 21:42:27],访问了[com.nowcoder.community.service.UserService.findUserById].
2025-03-20 21:42:27,461 INFO [http-nio-8080-exec-6] c.n.c.a.ServiceLogAspect [ServiceLogAspect.java:39] 用户[0:0:0:0:0:0:0:1],在[2025-03-20 21:42:27],访问了[com.nowcoder.community.service.LikeService.findEntityLikeCount].
2025-03-20 21:42:27,461 INFO [http-nio-8080-exec-6] c.n.c.a.ServiceLogAspect [ServiceLogAspect.java:39] 用户[0:0:0:0:0:0:0:1],在[2025-03-20 21:42:27],访问了[com.nowcoder.community.service.UserService.findUserById].
2025-03-20 21:42:27,462 INFO [http-nio-8080-exec-6] c.n.c.a.ServiceLogAspect [ServiceLogAspect.java:39] 用户[0:0:0:0:0:0:0:1],在[2025-03-20 21:42:27],访问了[com.nowcoder.community.service.LikeService.findEntityLikeCount].
2025-03-20 21:42:27,462 INFO [http-nio-8080-exec-6] c.n.c.a.ServiceLogAspect [ServiceLogAspect.java:39] 用户[0:0:0:0:0:0:0:1],在[2025-03-20 21:42:27],访问了[com.nowcoder.community.service.UserService.findUserById].
2025-03-20 21:42:27,462 INFO [http-nio-8080-exec-6] c.n.c.a.ServiceLogAspect [ServiceLogAspect.java:39] 用户[0:0:0:0:0:0:0:1],在[2025-03-20 21:42:27],访问了[com.nowcoder.community.service.LikeService.findEntityLikeCount].
2025-03-20 21:42:27,463 INFO [http-nio-8080-exec-6] c.n.c.a.ServiceLogAspect [ServiceLogAspect.java:39] 用户[0:0:0:0:0:0:0:1],在[2025-03-20 21:42:27],访问了[com.nowcoder.community.service.UserService.findUserById].
2025-03-20 21:42:27,463 INFO [http-nio-8080-exec-6] c.n.c.a.ServiceLogAspect [ServiceLogAspect.java:39] 用户[0:0:0:0:0:0:0:1],在[2025-03-20 21:42:27],访问了[com.nowcoder.community.service.LikeService.findEntityLikeCount].
2025-03-20 21:42:27,463 INFO [http-nio-8080-exec-6] c.n.c.a.ServiceLogAspect [ServiceLogAspect.java:39] 用户[0:0:0:0:0:0:0:1],在[2025-03-20 21:42:27],访问了[com.nowcoder.community.service.UserService.findUserById].
2025-03-20 21:42:27,463 INFO [http-nio-8080-exec-6] c.n.c.a.ServiceLogAspect [ServiceLogAspect.java:39] 用户[0:0:0:0:0:0:0:1],在[2025-03-20 21:42:27],访问了[com.nowcoder.community.service.LikeService.findEntityLikeCount].
2025-03-20 21:42:27,463 INFO [http-nio-8080-exec-6] c.n.c.a.ServiceLogAspect [ServiceLogAspect.java:39] 用户[0:0:0:0:0:0:0:1],在[2025-03-20 21:42:27],访问了[com.nowcoder.community.service.UserService.findUserById].
2025-03-20 21:42:27,464 INFO [http-nio-8080-exec-6] c.n.c.a.ServiceLogAspect [ServiceLogAspect.java:39] 用户[0:0:0:0:0:0:0:1],在[2025-03-20 21:42:27],访问了[com.nowcoder.community.service.LikeService.findEntityLikeCount].
2025-03-20 21:42:27,464 INFO [http-nio-8080-exec-6] c.n.c.a.ServiceLogAspect [ServiceLogAspect.java:39] 用户[0:0:0:0:0:0:0:1],在[2025-03-20 21:42:27],访问了[com.nowcoder.community.service.UserService.findUserById].
2025-03-20 21:42:27,464 INFO [http-nio-8080-exec-6] c.n.c.a.ServiceLogAspect [ServiceLogAspect.java:39] 用户[0:0:0:0:0:0:0:1],在[2025-03-20 21:42:27],访问了[com.nowcoder.community.service.LikeService.findEntityLikeCount].
2025-03-20 21:42:27,464 INFO [http-nio-8080-exec-6] c.n.c.a.ServiceLogAspect [ServiceLogAspect.java:39] 用户[0:0:0:0:0:0:0:1],在[2025-03-20 21:42:27],访问了[com.nowcoder.community.service.UserService.findUserById].
2025-03-20 21:42:27,465 INFO [http-nio-8080-exec-6] c.n.c.a.ServiceLogAspect [ServiceLogAspect.java:39] 用户[0:0:0:0:0:0:0:1],在[2025-03-20 21:42:27],访问了[com.nowcoder.community.service.LikeService.findEntityLikeCount].
2025-03-20 21:42:27,465 INFO [http-nio-8080-exec-6] c.n.c.a.ServiceLogAspect [ServiceLogAspect.java:39] 用户[0:0:0:0:0:0:0:1],在[2025-03-20 21:42:27],访问了[com.nowcoder.community.service.UserService.findUserById].
2025-03-20 21:42:27,465 INFO [http-nio-8080-exec-6] c.n.c.a.ServiceLogAspect [ServiceLogAspect.java:39] 用户[0:0:0:0:0:0:0:1],在[2025-03-20 21:42:27],访问了[com.nowcoder.community.service.LikeService.findEntityLikeCount].
2025-03-20 21:42:27,465 INFO [http-nio-8080-exec-6] c.n.c.a.ServiceLogAspect [ServiceLogAspect.java:39] 用户[0:0:0:0:0:0:0:1],在[2025-03-20 21:42:27],访问了[com.nowcoder.community.service.UserService.findUserById].
2025-03-20 21:42:27,465 INFO [http-nio-8080-exec-6] c.n.c.a.ServiceLogAspect [ServiceLogAspect.java:39] 用户[0:0:0:0:0:0:0:1],在[2025-03-20 21:42:27],访问了[com.nowcoder.community.service.LikeService.findEntityLikeCount].
2025-03-20 21:42:28,452 INFO [http-nio-8080-exec-3] c.n.c.a.ServiceLogAspect [ServiceLogAspect.java:39] 用户[0:0:0:0:0:0:0:1],在[2025-03-20 21:42:28],访问了[com.nowcoder.community.service.UserService.findLoginTicket].
2025-03-20 21:42:28,453 INFO [http-nio-8080-exec-3] c.n.c.a.ServiceLogAspect [ServiceLogAspect.java:39] 用户[0:0:0:0:0:0:0:1],在[2025-03-20 21:42:28],访问了[com.nowcoder.community.service.UserService.findUserById].
2025-03-20 21:42:28,454 INFO [http-nio-8080-exec-3] c.n.c.a.ServiceLogAspect [ServiceLogAspect.java:39] 用户[0:0:0:0:0:0:0:1],在[2025-03-20 21:42:28],访问了[com.nowcoder.community.service.MessageService.findConversationCount].
2025-03-20 21:42:28,463 INFO [http-nio-8080-exec-3] c.n.c.a.ServiceLogAspect [ServiceLogAspect.java:39] 用户[0:0:0:0:0:0:0:1],在[2025-03-20 21:42:28],访问了[com.nowcoder.community.service.MessageService.findConversations].
2025-03-20 21:42:28,471 INFO [http-nio-8080-exec-3] c.n.c.a.ServiceLogAspect [ServiceLogAspect.java:39] 用户[0:0:0:0:0:0:0:1],在[2025-03-20 21:42:28],访问了[com.nowcoder.community.service.MessageService.findLetterCount].
2025-03-20 21:42:28,472 INFO [http-nio-8080-exec-3] c.n.c.a.ServiceLogAspect [ServiceLogAspect.java:39] 用户[0:0:0:0:0:0:0:1],在[2025-03-20 21:42:28],访问了[com.nowcoder.community.service.MessageService.findLetterUnreadCount].
2025-03-20 21:42:28,479 INFO [http-nio-8080-exec-3] c.n.c.a.ServiceLogAspect [ServiceLogAspect.java:39] 用户[0:0:0:0:0:0:0:1],在[2025-03-20 21:42:28],访问了[com.nowcoder.community.service.UserService.findUserById].
2025-03-20 21:42:28,480 INFO [http-nio-8080-exec-3] c.n.c.a.ServiceLogAspect [ServiceLogAspect.java:39] 用户[0:0:0:0:0:0:0:1],在[2025-03-20 21:42:28],访问了[com.nowcoder.community.service.MessageService.findLetterCount].
2025-03-20 21:42:28,481 INFO [http-nio-8080-exec-3] c.n.c.a.ServiceLogAspect [ServiceLogAspect.java:39] 用户[0:0:0:0:0:0:0:1],在[2025-03-20 21:42:28],访问了[com.nowcoder.community.service.MessageService.findLetterUnreadCount].
2025-03-20 21:42:28,489 INFO [http-nio-8080-exec-3] c.n.c.a.ServiceLogAspect [ServiceLogAspect.java:39] 用户[0:0:0:0:0:0:0:1],在[2025-03-20 21:42:28],访问了[com.nowcoder.community.service.UserService.findUserById].
2025-03-20 21:42:28,490 INFO [http-nio-8080-exec-3] c.n.c.a.ServiceLogAspect [ServiceLogAspect.java:39] 用户[0:0:0:0:0:0:0:1],在[2025-03-20 21:42:28],访问了[com.nowcoder.community.service.MessageService.findLetterCount].
2025-03-20 21:42:28,491 INFO [http-nio-8080-exec-3] c.n.c.a.ServiceLogAspect [ServiceLogAspect.java:39] 用户[0:0:0:0:0:0:0:1],在[2025-03-20 21:42:28],访问了[com.nowcoder.community.service.MessageService.findLetterUnreadCount].
2025-03-20 21:42:28,491 INFO [http-nio-8080-exec-3] c.n.c.a.ServiceLogAspect [ServiceLogAspect.java:39] 用户[0:0:0:0:0:0:0:1],在[2025-03-20 21:42:28],访问了[com.nowcoder.community.service.UserService.findUserById].
2025-03-20 21:42:28,492 INFO [http-nio-8080-exec-3] c.n.c.a.ServiceLogAspect [ServiceLogAspect.java:39] 用户[0:0:0:0:0:0:0:1],在[2025-03-20 21:42:28],访问了[com.nowcoder.community.service.MessageService.findLetterCount].
2025-03-20 21:42:28,493 INFO [http-nio-8080-exec-3] c.n.c.a.ServiceLogAspect [ServiceLogAspect.java:39] 用户[0:0:0:0:0:0:0:1],在[2025-03-20 21:42:28],访问了[com.nowcoder.community.service.MessageService.findLetterUnreadCount].
2025-03-20 21:42:28,499 INFO [http-nio-8080-exec-3] c.n.c.a.ServiceLogAspect [ServiceLogAspect.java:39] 用户[0:0:0:0:0:0:0:1],在[2025-03-20 21:42:28],访问了[com.nowcoder.community.service.UserService.findUserById].
2025-03-20 21:42:28,500 INFO [http-nio-8080-exec-3] c.n.c.a.ServiceLogAspect [ServiceLogAspect.java:39] 用户[0:0:0:0:0:0:0:1],在[2025-03-20 21:42:28],访问了[com.nowcoder.community.service.MessageService.findLetterCount].
2025-03-20 21:42:28,501 INFO [http-nio-8080-exec-3] c.n.c.a.ServiceLogAspect [ServiceLogAspect.java:39] 用户[0:0:0:0:0:0:0:1],在[2025-03-20 21:42:28],访问了[com.nowcoder.community.service.MessageService.findLetterUnreadCount].
2025-03-20 21:42:28,509 INFO [http-nio-8080-exec-3] c.n.c.a.ServiceLogAspect [ServiceLogAspect.java:39] 用户[0:0:0:0:0:0:0:1],在[2025-03-20 21:42:28],访问了[com.nowcoder.community.service.UserService.findUserById].
2025-03-20 21:42:28,509 INFO [http-nio-8080-exec-3] c.n.c.a.ServiceLogAspect [ServiceLogAspect.java:39] 用户[0:0:0:0:0:0:0:1],在[2025-03-20 21:42:28],访问了[com.nowcoder.community.service.MessageService.findLetterUnreadCount].
2025-03-20 21:42:29,562 INFO [http-nio-8080-exec-6] c.n.c.a.ServiceLogAspect [ServiceLogAspect.java:39] 用户[0:0:0:0:0:0:0:1],在[2025-03-20 21:42:29],访问了[com.nowcoder.community.service.UserService.findLoginTicket].
2025-03-20 21:42:29,562 INFO [http-nio-8080-exec-6] c.n.c.a.ServiceLogAspect [ServiceLogAspect.java:39] 用户[0:0:0:0:0:0:0:1],在[2025-03-20 21:42:29],访问了[com.nowcoder.community.service.UserService.findUserById].
2025-03-20 21:42:29,563 INFO [http-nio-8080-exec-6] c.n.c.a.ServiceLogAspect [ServiceLogAspect.java:39] 用户[0:0:0:0:0:0:0:1],在[2025-03-20 21:42:29],访问了[com.nowcoder.community.service.DiscussPostService.findDiscussPostRows].
2025-03-20 21:42:29,565 INFO [http-nio-8080-exec-6] c.n.c.a.ServiceLogAspect [ServiceLogAspect.java:39] 用户[0:0:0:0:0:0:0:1],在[2025-03-20 21:42:29],访问了[com.nowcoder.community.service.DiscussPostService.findDiscussPosts].
2025-03-20 21:42:29,567 INFO [http-nio-8080-exec-6] c.n.c.a.ServiceLogAspect [ServiceLogAspect.java:39] 用户[0:0:0:0:0:0:0:1],在[2025-03-20 21:42:29],访问了[com.nowcoder.community.service.UserService.findUserById].
2025-03-20 21:42:29,568 INFO [http-nio-8080-exec-6] c.n.c.a.ServiceLogAspect [ServiceLogAspect.java:39] 用户[0:0:0:0:0:0:0:1],在[2025-03-20 21:42:29],访问了[com.nowcoder.community.service.LikeService.findEntityLikeCount].
2025-03-20 21:42:29,568 INFO [http-nio-8080-exec-6] c.n.c.a.ServiceLogAspect [ServiceLogAspect.java:39] 用户[0:0:0:0:0:0:0:1],在[2025-03-20 21:42:29],访问了[com.nowcoder.community.service.UserService.findUserById].
2025-03-20 21:42:29,568 INFO [http-nio-8080-exec-6] c.n.c.a.ServiceLogAspect [ServiceLogAspect.java:39] 用户[0:0:0:0:0:0:0:1],在[2025-03-20 21:42:29],访问了[com.nowcoder.community.service.LikeService.findEntityLikeCount].
2025-03-20 21:42:29,568 INFO [http-nio-8080-exec-6] c.n.c.a.ServiceLogAspect [ServiceLogAspect.java:39] 用户[0:0:0:0:0:0:0:1],在[2025-03-20 21:42:29],访问了[com.nowcoder.community.service.UserService.findUserById].
2025-03-20 21:42:29,569 INFO [http-nio-8080-exec-6] c.n.c.a.ServiceLogAspect [ServiceLogAspect.java:39] 用户[0:0:0:0:0:0:0:1],在[2025-03-20 21:42:29],访问了[com.nowcoder.community.service.LikeService.findEntityLikeCount].
2025-03-20 21:42:29,569 INFO [http-nio-8080-exec-6] c.n.c.a.ServiceLogAspect [ServiceLogAspect.java:39] 用户[0:0:0:0:0:0:0:1],在[2025-03-20 21:42:29],访问了[com.nowcoder.community.service.UserService.findUserById].
2025-03-20 21:42:29,569 INFO [http-nio-8080-exec-6] c.n.c.a.ServiceLogAspect [ServiceLogAspect.java:39] 用户[0:0:0:0:0:0:0:1],在[2025-03-20 21:42:29],访问了[com.nowcoder.community.service.LikeService.findEntityLikeCount].
2025-03-20 21:42:29,569 INFO [http-nio-8080-exec-6] c.n.c.a.ServiceLogAspect [ServiceLogAspect.java:39] 用户[0:0:0:0:0:0:0:1],在[2025-03-20 21:42:29],访问了[com.nowcoder.community.service.UserService.findUserById].
2025-03-20 21:42:29,570 INFO [http-nio-8080-exec-6] c.n.c.a.ServiceLogAspect [ServiceLogAspect.java:39] 用户[0:0:0:0:0:0:0:1],在[2025-03-20 21:42:29],访问了[com.nowcoder.community.service.LikeService.findEntityLikeCount].
2025-03-20 21:42:29,570 INFO [http-nio-8080-exec-6] c.n.c.a.ServiceLogAspect [ServiceLogAspect.java:39] 用户[0:0:0:0:0:0:0:1],在[2025-03-20 21:42:29],访问了[com.nowcoder.community.service.UserService.findUserById].
2025-03-20 21:42:29,570 INFO [http-nio-8080-exec-6] c.n.c.a.ServiceLogAspect [ServiceLogAspect.java:39] 用户[0:0:0:0:0:0:0:1],在[2025-03-20 21:42:29],访问了[com.nowcoder.community.service.LikeService.findEntityLikeCount].
2025-03-20 21:42:29,570 INFO [http-nio-8080-exec-6] c.n.c.a.ServiceLogAspect [ServiceLogAspect.java:39] 用户[0:0:0:0:0:0:0:1],在[2025-03-20 21:42:29],访问了[com.nowcoder.community.service.UserService.findUserById].
2025-03-20 21:42:29,571 INFO [http-nio-8080-exec-6] c.n.c.a.ServiceLogAspect [ServiceLogAspect.java:39] 用户[0:0:0:0:0:0:0:1],在[2025-03-20 21:42:29],访问了[com.nowcoder.community.service.LikeService.findEntityLikeCount].
2025-03-20 21:42:29,571 INFO [http-nio-8080-exec-6] c.n.c.a.ServiceLogAspect [ServiceLogAspect.java:39] 用户[0:0:0:0:0:0:0:1],在[2025-03-20 21:42:29],访问了[com.nowcoder.community.service.UserService.findUserById].
2025-03-20 21:42:29,571 INFO [http-nio-8080-exec-6] c.n.c.a.ServiceLogAspect [ServiceLogAspect.java:39] 用户[0:0:0:0:0:0:0:1],在[2025-03-20 21:42:29],访问了[com.nowcoder.community.service.LikeService.findEntityLikeCount].
2025-03-20 21:42:29,571 INFO [http-nio-8080-exec-6] c.n.c.a.ServiceLogAspect [ServiceLogAspect.java:39] 用户[0:0:0:0:0:0:0:1],在[2025-03-20 21:42:29],访问了[com.nowcoder.community.service.UserService.findUserById].
2025-03-20 21:42:29,572 INFO [http-nio-8080-exec-6] c.n.c.a.ServiceLogAspect [ServiceLogAspect.java:39] 用户[0:0:0:0:0:0:0:1],在[2025-03-20 21:42:29],访问了[com.nowcoder.community.service.LikeService.findEntityLikeCount].
2025-03-20 21:42:29,572 INFO [http-nio-8080-exec-6] c.n.c.a.ServiceLogAspect [ServiceLogAspect.java:39] 用户[0:0:0:0:0:0:0:1],在[2025-03-20 21:42:29],访问了[com.nowcoder.community.service.UserService.findUserById].
2025-03-20 21:42:29,572 INFO [http-nio-8080-exec-6] c.n.c.a.ServiceLogAspect [ServiceLogAspect.java:39] 用户[0:0:0:0:0:0:0:1],在[2025-03-20 21:42:29],访问了[com.nowcoder.community.service.LikeService.findEntityLikeCount].
2025-03-20 21:42:30,455 INFO [http-nio-8080-exec-3] c.n.c.a.ServiceLogAspect [ServiceLogAspect.java:39] 用户[0:0:0:0:0:0:0:1],在[2025-03-20 21:42:30],访问了[com.nowcoder.community.service.UserService.findLoginTicket].
2025-03-20 21:42:30,456 INFO [http-nio-8080-exec-3] c.n.c.a.ServiceLogAspect [ServiceLogAspect.java:39] 用户[0:0:0:0:0:0:0:1],在[2025-03-20 21:42:30],访问了[com.nowcoder.community.service.UserService.findUserById].
2025-03-20 21:42:30,457 INFO [http-nio-8080-exec-3] c.n.c.a.ServiceLogAspect [ServiceLogAspect.java:39] 用户[0:0:0:0:0:0:0:1],在[2025-03-20 21:42:30],访问了[com.nowcoder.community.service.MessageService.findConversationCount].
2025-03-20 21:42:30,466 INFO [http-nio-8080-exec-3] c.n.c.a.ServiceLogAspect [ServiceLogAspect.java:39] 用户[0:0:0:0:0:0:0:1],在[2025-03-20 21:42:30],访问了[com.nowcoder.community.service.MessageService.findConversations].
2025-03-20 21:42:30,473 INFO [http-nio-8080-exec-3] c.n.c.a.ServiceLogAspect [ServiceLogAspect.java:39] 用户[0:0:0:0:0:0:0:1],在[2025-03-20 21:42:30],访问了[com.nowcoder.community.service.MessageService.findLetterCount].
2025-03-20 21:42:30,474 INFO [http-nio-8080-exec-3] c.n.c.a.ServiceLogAspect [ServiceLogAspect.java:39] 用户[0:0:0:0:0:0:0:1],在[2025-03-20 21:42:30],访问了[com.nowcoder.community.service.MessageService.findLetterUnreadCount].
2025-03-20 21:42:30,482 INFO [http-nio-8080-exec-3] c.n.c.a.ServiceLogAspect [ServiceLogAspect.java:39] 用户[0:0:0:0:0:0:0:1],在[2025-03-20 21:42:30],访问了[com.nowcoder.community.service.UserService.findUserById].
2025-03-20 21:42:30,483 INFO [http-nio-8080-exec-3] c.n.c.a.ServiceLogAspect [ServiceLogAspect.java:39] 用户[0:0:0:0:0:0:0:1],在[2025-03-20 21:42:30],访问了[com.nowcoder.community.service.MessageService.findLetterCount].
2025-03-20 21:42:30,484 INFO [http-nio-8080-exec-3] c.n.c.a.ServiceLogAspect [ServiceLogAspect.java:39] 用户[0:0:0:0:0:0:0:1],在[2025-03-20 21:42:30],访问了[com.nowcoder.community.service.MessageService.findLetterUnreadCount].
2025-03-20 21:42:30,491 INFO [http-nio-8080-exec-3] c.n.c.a.ServiceLogAspect [ServiceLogAspect.java:39] 用户[0:0:0:0:0:0:0:1],在[2025-03-20 21:42:30],访问了[com.nowcoder.community.service.UserService.findUserById].
2025-03-20 21:42:30,492 INFO [http-nio-8080-exec-3] c.n.c.a.ServiceLogAspect [ServiceLogAspect.java:39] 用户[0:0:0:0:0:0:0:1],在[2025-03-20 21:42:30],访问了[com.nowcoder.community.service.MessageService.findLetterCount].
2025-03-20 21:42:30,493 INFO [http-nio-8080-exec-3] c.n.c.a.ServiceLogAspect [ServiceLogAspect.java:39] 用户[0:0:0:0:0:0:0:1],在[2025-03-20 21:42:30],访问了[com.nowcoder.community.service.MessageService.findLetterUnreadCount].
2025-03-20 21:42:30,494 INFO [http-nio-8080-exec-3] c.n.c.a.ServiceLogAspect [ServiceLogAspect.java:39] 用户[0:0:0:0:0:0:0:1],在[2025-03-20 21:42:30],访问了[com.nowcoder.community.service.UserService.findUserById].
2025-03-20 21:42:30,494 INFO [http-nio-8080-exec-3] c.n.c.a.ServiceLogAspect [ServiceLogAspect.java:39] 用户[0:0:0:0:0:0:0:1],在[2025-03-20 21:42:30],访问了[com.nowcoder.community.service.MessageService.findLetterCount].
2025-03-20 21:42:30,495 INFO [http-nio-8080-exec-3] c.n.c.a.ServiceLogAspect [ServiceLogAspect.java:39] 用户[0:0:0:0:0:0:0:1],在[2025-03-20 21:42:30],访问了[com.nowcoder.community.service.MessageService.findLetterUnreadCount].
2025-03-20 21:42:30,503 INFO [http-nio-8080-exec-3] c.n.c.a.ServiceLogAspect [ServiceLogAspect.java:39] 用户[0:0:0:0:0:0:0:1],在[2025-03-20 21:42:30],访问了[com.nowcoder.community.service.UserService.findUserById].
2025-03-20 21:42:30,504 INFO [http-nio-8080-exec-3] c.n.c.a.ServiceLogAspect [ServiceLogAspect.java:39] 用户[0:0:0:0:0:0:0:1],在[2025-03-20 21:42:30],访问了[com.nowcoder.community.service.MessageService.findLetterCount].
2025-03-20 21:42:30,505 INFO [http-nio-8080-exec-3] c.n.c.a.ServiceLogAspect [ServiceLogAspect.java:39] 用户[0:0:0:0:0:0:0:1],在[2025-03-20 21:42:30],访问了[com.nowcoder.community.service.MessageService.findLetterUnreadCount].
2025-03-20 21:42:30,512 INFO [http-nio-8080-exec-3] c.n.c.a.ServiceLogAspect [ServiceLogAspect.java:39] 用户[0:0:0:0:0:0:0:1],在[2025-03-20 21:42:30],访问了[com.nowcoder.community.service.UserService.findUserById].
2025-03-20 21:42:30,513 INFO [http-nio-8080-exec-3] c.n.c.a.ServiceLogAspect [ServiceLogAspect.java:39] 用户[0:0:0:0:0:0:0:1],在[2025-03-20 21:42:30],访问了[com.nowcoder.community.service.MessageService.findLetterUnreadCount].
2025-03-20 21:42:32,966 INFO [http-nio-8080-exec-6] c.n.c.a.ServiceLogAspect [ServiceLogAspect.java:39] 用户[0:0:0:0:0:0:0:1],在[2025-03-20 21:42:32],访问了[com.nowcoder.community.service.UserService.findLoginTicket].
2025-03-20 21:42:32,967 INFO [http-nio-8080-exec-6] c.n.c.a.ServiceLogAspect [ServiceLogAspect.java:39] 用户[0:0:0:0:0:0:0:1],在[2025-03-20 21:42:32],访问了[com.nowcoder.community.service.UserService.findUserById].
2025-03-20 21:42:32,969 INFO [http-nio-8080-exec-6] c.n.c.a.ServiceLogAspect [ServiceLogAspect.java:39] 用户[0:0:0:0:0:0:0:1],在[2025-03-20 21:42:32],访问了[com.nowcoder.community.service.DiscussPostService.findDiscussPostRows].
2025-03-20 21:42:32,970 INFO [http-nio-8080-exec-6] c.n.c.a.ServiceLogAspect [ServiceLogAspect.java:39] 用户[0:0:0:0:0:0:0:1],在[2025-03-20 21:42:32],访问了[com.nowcoder.community.service.DiscussPostService.findDiscussPosts].
2025-03-20 21:42:32,973 INFO [http-nio-8080-exec-6] c.n.c.a.ServiceLogAspect [ServiceLogAspect.java:39] 用户[0:0:0:0:0:0:0:1],在[2025-03-20 21:42:32],访问了[com.nowcoder.community.service.UserService.findUserById].
2025-03-20 21:42:32,974 INFO [http-nio-8080-exec-6] c.n.c.a.ServiceLogAspect [ServiceLogAspect.java:39] 用户[0:0:0:0:0:0:0:1],在[2025-03-20 21:42:32],访问了[com.nowcoder.community.service.LikeService.findEntityLikeCount].
2025-03-20 21:42:32,974 INFO [http-nio-8080-exec-6] c.n.c.a.ServiceLogAspect [ServiceLogAspect.java:39] 用户[0:0:0:0:0:0:0:1],在[2025-03-20 21:42:32],访问了[com.nowcoder.community.service.UserService.findUserById].
2025-03-20 21:42:32,974 INFO [http-nio-8080-exec-6] c.n.c.a.ServiceLogAspect [ServiceLogAspect.java:39] 用户[0:0:0:0:0:0:0:1],在[2025-03-20 21:42:32],访问了[com.nowcoder.community.service.LikeService.findEntityLikeCount].
2025-03-20 21:42:32,975 INFO [http-nio-8080-exec-6] c.n.c.a.ServiceLogAspect [ServiceLogAspect.java:39] 用户[0:0:0:0:0:0:0:1],在[2025-03-20 21:42:32],访问了[com.nowcoder.community.service.UserService.findUserById].
2025-03-20 21:42:32,975 INFO [http-nio-8080-exec-6] c.n.c.a.ServiceLogAspect [ServiceLogAspect.java:39] 用户[0:0:0:0:0:0:0:1],在[2025-03-20 21:42:32],访问了[com.nowcoder.community.service.LikeService.findEntityLikeCount].
2025-03-20 21:42:32,975 INFO [http-nio-8080-exec-6] c.n.c.a.ServiceLogAspect [ServiceLogAspect.java:39] 用户[0:0:0:0:0:0:0:1],在[2025-03-20 21:42:32],访问了[com.nowcoder.community.service.UserService.findUserById].
2025-03-20 21:42:32,976 INFO [http-nio-8080-exec-6] c.n.c.a.ServiceLogAspect [ServiceLogAspect.java:39] 用户[0:0:0:0:0:0:0:1],在[2025-03-20 21:42:32],访问了[com.nowcoder.community.service.LikeService.findEntityLikeCount].
2025-03-20 21:42:32,976 INFO [http-nio-8080-exec-6] c.n.c.a.ServiceLogAspect [ServiceLogAspect.java:39] 用户[0:0:0:0:0:0:0:1],在[2025-03-20 21:42:32],访问了[com.nowcoder.community.service.UserService.findUserById].
2025-03-20 21:42:32,976 INFO [http-nio-8080-exec-6] c.n.c.a.ServiceLogAspect [ServiceLogAspect.java:39] 用户[0:0:0:0:0:0:0:1],在[2025-03-20 21:42:32],访问了[com.nowcoder.community.service.LikeService.findEntityLikeCount].
2025-03-20 21:42:32,976 INFO [http-nio-8080-exec-6] c.n.c.a.ServiceLogAspect [ServiceLogAspect.java:39] 用户[0:0:0:0:0:0:0:1],在[2025-03-20 21:42:32],访问了[com.nowcoder.community.service.UserService.findUserById].
2025-03-20 21:42:32,977 INFO [http-nio-8080-exec-6] c.n.c.a.ServiceLogAspect [ServiceLogAspect.java:39] 用户[0:0:0:0:0:0:0:1],在[2025-03-20 21:42:32],访问了[com.nowcoder.community.service.LikeService.findEntityLikeCount].
2025-03-20 21:42:32,977 INFO [http-nio-8080-exec-6] c.n.c.a.ServiceLogAspect [ServiceLogAspect.java:39] 用户[0:0:0:0:0:0:0:1],在[2025-03-20 21:42:32],访问了[com.nowcoder.community.service.UserService.findUserById].
2025-03-20 21:42:32,979 INFO [http-nio-8080-exec-6] c.n.c.a.ServiceLogAspect [ServiceLogAspect.java:39] 用户[0:0:0:0:0:0:0:1],在[2025-03-20 21:42:32],访问了[com.nowcoder.community.service.LikeService.findEntityLikeCount].
2025-03-20 21:42:32,979 INFO [http-nio-8080-exec-6] c.n.c.a.ServiceLogAspect [ServiceLogAspect.java:39] 用户[0:0:0:0:0:0:0:1],在[2025-03-20 21:42:32],访问了[com.nowcoder.community.service.UserService.findUserById].
2025-03-20 21:42:32,979 INFO [http-nio-8080-exec-6] c.n.c.a.ServiceLogAspect [ServiceLogAspect.java:39] 用户[0:0:0:0:0:0:0:1],在[2025-03-20 21:42:32],访问了[com.nowcoder.community.service.LikeService.findEntityLikeCount].
2025-03-20 21:42:32,979 INFO [http-nio-8080-exec-6] c.n.c.a.ServiceLogAspect [ServiceLogAspect.java:39] 用户[0:0:0:0:0:0:0:1],在[2025-03-20 21:42:32],访问了[com.nowcoder.community.service.UserService.findUserById].
2025-03-20 21:42:32,979 INFO [http-nio-8080-exec-6] c.n.c.a.ServiceLogAspect [ServiceLogAspect.java:39] 用户[0:0:0:0:0:0:0:1],在[2025-03-20 21:42:32],访问了[com.nowcoder.community.service.LikeService.findEntityLikeCount].
2025-03-20 21:42:32,980 INFO [http-nio-8080-exec-6] c.n.c.a.ServiceLogAspect [ServiceLogAspect.java:39] 用户[0:0:0:0:0:0:0:1],在[2025-03-20 21:42:32],访问了[com.nowcoder.community.service.UserService.findUserById].
2025-03-20 21:42:32,980 INFO [http-nio-8080-exec-6] c.n.c.a.ServiceLogAspect [ServiceLogAspect.java:39] 用户[0:0:0:0:0:0:0:1],在[2025-03-20 21:42:32],访问了[com.nowcoder.community.service.LikeService.findEntityLikeCount].
2025-03-20 21:42:35,362 INFO [org.springframework.kafka.KafkaListenerEndpointContainer#0-0-C-1] o.a.k.c.NetworkClient [NetworkClient.java:1017] [Consumer clientId=consumer-test-consumer-group-1, groupId=test-consumer-group] Node -1 disconnected.
2025-03-20 21:42:44,805 INFO [org.springframework.kafka.KafkaListenerEndpointContainer#0-0-C-1] o.a.k.c.c.i.ConsumerRebalanceListenerInvoker [ConsumerRebalanceListenerInvoker.java:79] [Consumer clientId=consumer-test-consumer-group-1, groupId=test-consumer-group] Revoke previously assigned partitions comment-0, follow-0, like-0
2025-03-20 21:42:44,805 INFO [org.springframework.kafka.KafkaListenerEndpointContainer#0-0-C-1] o.s.k.l.KafkaMessageListenerContainer [LogAccessor.java:292] test-consumer-group: partitions revoked: [comment-0, follow-0, like-0]
2025-03-20 21:42:44,805 INFO [org.springframework.kafka.KafkaListenerEndpointContainer#0-0-C-1] o.a.k.c.c.i.ConsumerCoordinator [AbstractCoordinator.java:1173] [Consumer clientId=consumer-test-consumer-group-1, groupId=test-consumer-group] Member consumer-test-consumer-group-1-5be97ef5-2f9a-4645-b9bb-ff5a6c7e9727 sending LeaveGroup request to coordinator 10.99.237.116:9092 (id: 2147483647 rack: null) due to the consumer unsubscribed from all topics
2025-03-20 21:42:44,805 INFO [org.springframework.kafka.KafkaListenerEndpointContainer#0-0-C-1] o.a.k.c.c.i.ConsumerCoordinator [AbstractCoordinator.java:1055] [Consumer clientId=consumer-test-consumer-group-1, groupId=test-consumer-group] Resetting generation and member id due to: consumer pro-actively leaving the group
2025-03-20 21:42:44,805 INFO [org.springframework.kafka.KafkaListenerEndpointContainer#0-0-C-1] o.a.k.c.c.i.ConsumerCoordinator [AbstractCoordinator.java:1102] [Consumer clientId=consumer-test-consumer-group-1, groupId=test-consumer-group] Request joining group due to: consumer pro-actively leaving the group
2025-03-20 21:42:44,805 INFO [org.springframework.kafka.KafkaListenerEndpointContainer#0-0-C-1] o.a.k.c.c.i.LegacyKafkaConsumer [LegacyKafkaConsumer.java:547] [Consumer clientId=consumer-test-consumer-group-1, groupId=test-consumer-group] Unsubscribed all topics or patterns and assigned partitions
2025-03-20 21:42:44,806 INFO [org.springframework.kafka.KafkaListenerEndpointContainer#0-0-C-1] o.a.k.c.c.i.ConsumerCoordinator [AbstractCoordinator.java:1055] [Consumer clientId=consumer-test-consumer-group-1, groupId=test-consumer-group] Resetting generation and member id due to: consumer pro-actively leaving the group
2025-03-20 21:42:44,807 INFO [org.springframework.kafka.KafkaListenerEndpointContainer#0-0-C-1] o.a.k.c.c.i.ConsumerCoordinator [AbstractCoordinator.java:1102] [Consumer clientId=consumer-test-consumer-group-1, groupId=test-consumer-group] Request joining group due to: consumer pro-actively leaving the group
2025-03-20 21:42:45,080 INFO [org.springframework.kafka.KafkaListenerEndpointContainer#0-0-C-1] o.a.k.c.m.Metrics [Metrics.java:684] Metrics scheduler closed
2025-03-20 21:42:45,080 INFO [org.springframework.kafka.KafkaListenerEndpointContainer#0-0-C-1] o.a.k.c.m.Metrics [Metrics.java:688] Closing reporter org.apache.kafka.common.metrics.JmxReporter
2025-03-20 21:42:45,081 INFO [org.springframework.kafka.KafkaListenerEndpointContainer#0-0-C-1] o.a.k.c.m.Metrics [Metrics.java:688] Closing reporter org.apache.kafka.common.telemetry.internals.ClientTelemetryReporter
2025-03-20 21:42:45,081 INFO [org.springframework.kafka.KafkaListenerEndpointContainer#0-0-C-1] o.a.k.c.m.Metrics [Metrics.java:694] Metrics reporters closed
2025-03-20 21:42:45,089 INFO [org.springframework.kafka.KafkaListenerEndpointContainer#0-0-C-1] o.a.k.c.u.AppInfoParser [AppInfoParser.java:88] App info kafka.consumer for consumer-test-consumer-group-1 unregistered
2025-03-20 21:42:45,090 INFO [org.springframework.kafka.KafkaListenerEndpointContainer#0-0-C-1] o.s.k.l.KafkaMessageListenerContainer [LogAccessor.java:292] test-consumer-group: Consumer stopped
2025-03-20 21:42:45,093 INFO [SpringApplicationShutdownHook] o.s.b.w.e.t.GracefulShutdown [GracefulShutdown.java:54] Commencing graceful shutdown. Waiting for active requests to complete
2025-03-20 21:42:45,252 INFO [tomcat-shutdown] o.s.b.w.e.t.GracefulShutdown [GracefulShutdown.java:76] Graceful shutdown complete
2025-03-20 21:42:45,294 INFO [SpringApplicationShutdownHook] c.z.h.HikariDataSource [HikariDataSource.java:349] HikariPool-1 - Shutdown initiated...
2025-03-20 21:42:45,305 INFO [SpringApplicationShutdownHook] c.z.h.HikariDataSource [HikariDataSource.java:351] HikariPool-1 - Shutdown completed.
2025-03-20 21:48:10,973 INFO [restartedMain] c.n.c.CommunityApplication [StartupInfoLogger.java:53] Starting CommunityApplication using Java 17.0.10 with PID 32232 (E:\javacode\workspace4vscode\nk\community\community\target\classes started by 40782 in E:\javacode\workspace4vscode\nk\community)
2025-03-20 21:48:10,975 INFO [restartedMain] c.n.c.CommunityApplication [SpringApplication.java:652] No active profile set, falling back to 1 default profile: "default"
2025-03-20 21:48:11,017 INFO [restartedMain] o.s.b.d.e.DevToolsPropertyDefaultsPostProcessor [DeferredLog.java:252] Devtools property defaults active! Set 'spring.devtools.add-properties' to 'false' to disable
2025-03-20 21:48:11,018 INFO [restartedMain] o.s.b.d.e.DevToolsPropertyDefaultsPostProcessor [DeferredLog.java:252] For additional web related logging consider setting the 'logging.level.web' property to 'DEBUG'
2025-03-20 21:48:11,853 INFO [restartedMain] o.s.d.r.c.RepositoryConfigurationDelegate [RepositoryConfigurationDelegate.java:295] Multiple Spring Data modules found, entering strict repository configuration mode
2025-03-20 21:48:11,857 INFO [restartedMain] o.s.d.r.c.RepositoryConfigurationDelegate [RepositoryConfigurationDelegate.java:143] Bootstrapping Spring Data Redis repositories in DEFAULT mode.
2025-03-20 21:48:11,892 INFO [restartedMain] o.s.d.r.c.RepositoryConfigurationDelegate [RepositoryConfigurationDelegate.java:211] Finished Spring Data repository scanning in 18 ms. Found 0 Redis repository interfaces.
2025-03-20 21:48:12,835 INFO [restartedMain] o.s.b.w.e.t.TomcatWebServer [TomcatWebServer.java:111] Tomcat initialized with port 8080 (http)
2025-03-20 21:48:12,849 INFO [restartedMain] o.a.c.h.Http11NioProtocol [DirectJDKLog.java:173] Initializing ProtocolHandler ["http-nio-8080"]
2025-03-20 21:48:12,850 INFO [restartedMain] o.a.c.c.StandardService [DirectJDKLog.java:173] Starting service [Tomcat]
2025-03-20 21:48:12,851 INFO [restartedMain] o.a.c.c.StandardEngine [DirectJDKLog.java:173] Starting Servlet engine: [Apache Tomcat/10.1.34]
2025-03-20 21:48:12,949 INFO [restartedMain] o.a.c.c.C.[.[.[/community] [DirectJDKLog.java:173] Initializing Spring embedded WebApplicationContext
2025-03-20 21:48:12,950 INFO [restartedMain] o.s.b.w.s.c.ServletWebServerApplicationContext [ServletWebServerApplicationContext.java:296] Root WebApplicationContext: initialization completed in 1932 ms
2025-03-20 21:48:13,953 INFO [restartedMain] o.s.b.a.w.s.WelcomePageHandlerMapping [WelcomePageHandlerMapping.java:59] Adding welcome page template: index
2025-03-20 21:48:14,687 INFO [restartedMain] o.s.b.d.a.OptionalLiveReloadServer [OptionalLiveReloadServer.java:59] LiveReload server is running on port 35729
2025-03-20 21:48:14,737 INFO [restartedMain] o.a.c.h.Http11NioProtocol [DirectJDKLog.java:173] Starting ProtocolHandler ["http-nio-8080"]
2025-03-20 21:48:14,759 INFO [restartedMain] o.s.b.w.e.t.TomcatWebServer [TomcatWebServer.java:243] Tomcat started on port 8080 (http) with context path '/community'
2025-03-20 21:48:14,803 INFO [restartedMain] o.a.k.c.c.ConsumerConfig [AbstractConfig.java:372] ConsumerConfig values: 
	allow.auto.create.topics = true
	auto.commit.interval.ms = 3000
	auto.include.jmx.reporter = true
	auto.offset.reset = latest
	bootstrap.servers = [localhost:9092]
	check.crcs = true
	client.dns.lookup = use_all_dns_ips
	client.id = consumer-test-consumer-group-1
	client.rack = 
	connections.max.idle.ms = 540000
	default.api.timeout.ms = 60000
	enable.auto.commit = true
	enable.metrics.push = true
	exclude.internal.topics = true
	fetch.max.bytes = 52428800
	fetch.max.wait.ms = 500
	fetch.min.bytes = 1
	group.id = test-consumer-group
	group.instance.id = null
	group.protocol = classic
	group.remote.assignor = null
	heartbeat.interval.ms = 3000
	interceptor.classes = []
	internal.leave.group.on.close = true
	internal.throw.on.fetch.stable.offset.unsupported = false
	isolation.level = read_uncommitted
	key.deserializer = class org.apache.kafka.common.serialization.StringDeserializer
	max.partition.fetch.bytes = 1048576
	max.poll.interval.ms = 300000
	max.poll.records = 500
	metadata.max.age.ms = 300000
	metadata.recovery.strategy = none
	metric.reporters = []
	metrics.num.samples = 2
	metrics.recording.level = INFO
	metrics.sample.window.ms = 30000
	partition.assignment.strategy = [class org.apache.kafka.clients.consumer.RangeAssignor, class org.apache.kafka.clients.consumer.CooperativeStickyAssignor]
	receive.buffer.bytes = 65536
	reconnect.backoff.max.ms = 1000
	reconnect.backoff.ms = 50
	request.timeout.ms = 30000
	retry.backoff.max.ms = 1000
	retry.backoff.ms = 100
	sasl.client.callback.handler.class = null
	sasl.jaas.config = null
	sasl.kerberos.kinit.cmd = /usr/bin/kinit
	sasl.kerberos.min.time.before.relogin = 60000
	sasl.kerberos.service.name = null
	sasl.kerberos.ticket.renew.jitter = 0.05
	sasl.kerberos.ticket.renew.window.factor = 0.8
	sasl.login.callback.handler.class = null
	sasl.login.class = null
	sasl.login.connect.timeout.ms = null
	sasl.login.read.timeout.ms = null
	sasl.login.refresh.buffer.seconds = 300
	sasl.login.refresh.min.period.seconds = 60
	sasl.login.refresh.window.factor = 0.8
	sasl.login.refresh.window.jitter = 0.05
	sasl.login.retry.backoff.max.ms = 10000
	sasl.login.retry.backoff.ms = 100
	sasl.mechanism = GSSAPI
	sasl.oauthbearer.clock.skew.seconds = 30
	sasl.oauthbearer.expected.audience = null
	sasl.oauthbearer.expected.issuer = null
	sasl.oauthbearer.jwks.endpoint.refresh.ms = 3600000
	sasl.oauthbearer.jwks.endpoint.retry.backoff.max.ms = 10000
	sasl.oauthbearer.jwks.endpoint.retry.backoff.ms = 100
	sasl.oauthbearer.jwks.endpoint.url = null
	sasl.oauthbearer.scope.claim.name = scope
	sasl.oauthbearer.sub.claim.name = sub
	sasl.oauthbearer.token.endpoint.url = null
	security.protocol = PLAINTEXT
	security.providers = null
	send.buffer.bytes = 131072
	session.timeout.ms = 45000
	socket.connection.setup.timeout.max.ms = 30000
	socket.connection.setup.timeout.ms = 10000
	ssl.cipher.suites = null
	ssl.enabled.protocols = [TLSv1.2, TLSv1.3]
	ssl.endpoint.identification.algorithm = https
	ssl.engine.factory.class = null
	ssl.key.password = null
	ssl.keymanager.algorithm = SunX509
	ssl.keystore.certificate.chain = null
	ssl.keystore.key = null
	ssl.keystore.location = null
	ssl.keystore.password = null
	ssl.keystore.type = JKS
	ssl.protocol = TLSv1.3
	ssl.provider = null
	ssl.secure.random.implementation = null
	ssl.trustmanager.algorithm = PKIX
	ssl.truststore.certificates = null
	ssl.truststore.location = null
	ssl.truststore.password = null
	ssl.truststore.type = JKS
	value.deserializer = class org.apache.kafka.common.serialization.StringDeserializer

2025-03-20 21:48:14,852 INFO [restartedMain] o.a.k.c.t.i.KafkaMetricsCollector [KafkaMetricsCollector.java:269] initializing Kafka metrics collector
2025-03-20 21:48:14,944 INFO [restartedMain] o.a.k.c.u.AppInfoParser [AppInfoParser.java:124] Kafka version: 3.8.1
2025-03-20 21:48:14,946 INFO [restartedMain] o.a.k.c.u.AppInfoParser [AppInfoParser.java:125] Kafka commitId: 70d6ff42debf7e17
2025-03-20 21:48:14,946 INFO [restartedMain] o.a.k.c.u.AppInfoParser [AppInfoParser.java:126] Kafka startTimeMs: 1742478494943
2025-03-20 21:48:14,950 INFO [restartedMain] o.a.k.c.c.i.LegacyKafkaConsumer [LegacyKafkaConsumer.java:476] [Consumer clientId=consumer-test-consumer-group-1, groupId=test-consumer-group] Subscribed to topic(s): comment, like, follow
2025-03-20 21:48:14,969 INFO [restartedMain] c.n.c.CommunityApplication [StartupInfoLogger.java:59] Started CommunityApplication in 4.547 seconds (process running for 5.471)
2025-03-20 21:48:15,293 INFO [org.springframework.kafka.KafkaListenerEndpointContainer#0-0-C-1] o.a.k.c.Metadata [Metadata.java:364] [Consumer clientId=consumer-test-consumer-group-1, groupId=test-consumer-group] Cluster ID: cahCa2tqRnq3OYXiEm_sPA
2025-03-20 21:48:15,294 INFO [org.springframework.kafka.KafkaListenerEndpointContainer#0-0-C-1] o.a.k.c.c.i.ConsumerCoordinator [AbstractCoordinator.java:936] [Consumer clientId=consumer-test-consumer-group-1, groupId=test-consumer-group] Discovered group coordinator 10.99.237.116:9092 (id: 2147483647 rack: null)
2025-03-20 21:48:15,298 INFO [org.springframework.kafka.KafkaListenerEndpointContainer#0-0-C-1] o.a.k.c.c.i.ConsumerCoordinator [AbstractCoordinator.java:604] [Consumer clientId=consumer-test-consumer-group-1, groupId=test-consumer-group] (Re-)joining group
2025-03-20 21:48:15,309 INFO [org.springframework.kafka.KafkaListenerEndpointContainer#0-0-C-1] o.a.k.c.c.i.ConsumerCoordinator [AbstractCoordinator.java:1102] [Consumer clientId=consumer-test-consumer-group-1, groupId=test-consumer-group] Request joining group due to: need to re-join with the given member-id: consumer-test-consumer-group-1-b8c79aa9-0a9e-46af-91d4-189769650512
2025-03-20 21:48:15,309 INFO [org.springframework.kafka.KafkaListenerEndpointContainer#0-0-C-1] o.a.k.c.c.i.ConsumerCoordinator [AbstractCoordinator.java:604] [Consumer clientId=consumer-test-consumer-group-1, groupId=test-consumer-group] (Re-)joining group
2025-03-20 21:48:15,312 INFO [org.springframework.kafka.KafkaListenerEndpointContainer#0-0-C-1] o.a.k.c.c.i.ConsumerCoordinator [AbstractCoordinator.java:665] [Consumer clientId=consumer-test-consumer-group-1, groupId=test-consumer-group] Successfully joined group with generation Generation{generationId=9, memberId='consumer-test-consumer-group-1-b8c79aa9-0a9e-46af-91d4-189769650512', protocol='range'}
2025-03-20 21:48:15,318 INFO [org.springframework.kafka.KafkaListenerEndpointContainer#0-0-C-1] o.a.k.c.c.i.ConsumerCoordinator [ConsumerCoordinator.java:663] [Consumer clientId=consumer-test-consumer-group-1, groupId=test-consumer-group] Finished assignment for group at generation 9: {consumer-test-consumer-group-1-b8c79aa9-0a9e-46af-91d4-189769650512=Assignment(partitions=[like-0, comment-0, follow-0])}
2025-03-20 21:48:15,323 INFO [org.springframework.kafka.KafkaListenerEndpointContainer#0-0-C-1] o.a.k.c.c.i.ConsumerCoordinator [AbstractCoordinator.java:842] [Consumer clientId=consumer-test-consumer-group-1, groupId=test-consumer-group] Successfully synced group in generation Generation{generationId=9, memberId='consumer-test-consumer-group-1-b8c79aa9-0a9e-46af-91d4-189769650512', protocol='range'}
2025-03-20 21:48:15,323 INFO [org.springframework.kafka.KafkaListenerEndpointContainer#0-0-C-1] o.a.k.c.c.i.ConsumerCoordinator [ConsumerCoordinator.java:323] [Consumer clientId=consumer-test-consumer-group-1, groupId=test-consumer-group] Notifying assignor about the new Assignment(partitions=[like-0, comment-0, follow-0])
2025-03-20 21:48:15,326 INFO [org.springframework.kafka.KafkaListenerEndpointContainer#0-0-C-1] o.a.k.c.c.i.ConsumerRebalanceListenerInvoker [ConsumerRebalanceListenerInvoker.java:57] [Consumer clientId=consumer-test-consumer-group-1, groupId=test-consumer-group] Adding newly assigned partitions: comment-0, follow-0, like-0
2025-03-20 21:48:15,333 INFO [org.springframework.kafka.KafkaListenerEndpointContainer#0-0-C-1] o.a.k.c.c.i.ConsumerUtils [ConsumerUtils.java:201] Setting offset for partition comment-0 to the committed offset FetchPosition{offset=2, offsetEpoch=Optional[0], currentLeader=LeaderAndEpoch{leader=Optional[10.99.237.116:9092 (id: 0 rack: null)], epoch=absent}}
2025-03-20 21:48:15,334 INFO [org.springframework.kafka.KafkaListenerEndpointContainer#0-0-C-1] o.a.k.c.c.i.ConsumerUtils [ConsumerUtils.java:201] Setting offset for partition like-0 to the committed offset FetchPosition{offset=0, offsetEpoch=Optional.empty, currentLeader=LeaderAndEpoch{leader=Optional[10.99.237.116:9092 (id: 0 rack: null)], epoch=absent}}
2025-03-20 21:48:15,334 INFO [org.springframework.kafka.KafkaListenerEndpointContainer#0-0-C-1] o.a.k.c.c.i.ConsumerUtils [ConsumerUtils.java:201] Setting offset for partition follow-0 to the committed offset FetchPosition{offset=0, offsetEpoch=Optional.empty, currentLeader=LeaderAndEpoch{leader=Optional[10.99.237.116:9092 (id: 0 rack: null)], epoch=absent}}
2025-03-20 21:48:15,335 INFO [org.springframework.kafka.KafkaListenerEndpointContainer#0-0-C-1] o.s.k.l.KafkaMessageListenerContainer [LogAccessor.java:292] test-consumer-group: partitions assigned: [comment-0, follow-0, like-0]
2025-03-20 21:48:47,758 INFO [http-nio-8080-exec-1] o.a.c.c.C.[.[.[/community] [DirectJDKLog.java:173] Initializing Spring DispatcherServlet 'dispatcherServlet'
2025-03-20 21:48:47,759 INFO [http-nio-8080-exec-1] o.s.w.s.DispatcherServlet [FrameworkServlet.java:532] Initializing Servlet 'dispatcherServlet'
2025-03-20 21:48:47,760 INFO [http-nio-8080-exec-1] o.s.w.s.DispatcherServlet [FrameworkServlet.java:554] Completed initialization in 1 ms
2025-03-20 21:48:47,792 INFO [http-nio-8080-exec-1] c.n.c.a.ServiceLogAspect [ServiceLogAspect.java:39] 用户[0:0:0:0:0:0:0:1],在[2025-03-20 21:48:47],访问了[com.nowcoder.community.service.UserService.findLoginTicket].
2025-03-20 21:48:48,319 INFO [http-nio-8080-exec-1] c.n.c.a.ServiceLogAspect [ServiceLogAspect.java:39] 用户[0:0:0:0:0:0:0:1],在[2025-03-20 21:48:48],访问了[com.nowcoder.community.service.UserService.findUserById].
2025-03-20 21:48:48,346 INFO [http-nio-8080-exec-1] c.n.c.a.ServiceLogAspect [ServiceLogAspect.java:39] 用户[0:0:0:0:0:0:0:1],在[2025-03-20 21:48:48],访问了[com.nowcoder.community.service.MessageService.findConversationCount].
2025-03-20 21:48:48,361 INFO [http-nio-8080-exec-1] c.z.h.HikariDataSource [HikariDataSource.java:109] HikariPool-1 - Starting...
2025-03-20 21:48:48,524 INFO [http-nio-8080-exec-1] c.z.h.p.HikariPool [HikariPool.java:554] HikariPool-1 - Added connection com.mysql.cj.jdbc.ConnectionImpl@3aea5d01
2025-03-20 21:48:48,526 INFO [http-nio-8080-exec-1] c.z.h.HikariDataSource [HikariDataSource.java:122] HikariPool-1 - Start completed.
2025-03-20 21:48:48,592 INFO [http-nio-8080-exec-1] c.n.c.a.ServiceLogAspect [ServiceLogAspect.java:39] 用户[0:0:0:0:0:0:0:1],在[2025-03-20 21:48:48],访问了[com.nowcoder.community.service.MessageService.findConversations].
2025-03-20 21:48:48,610 INFO [http-nio-8080-exec-1] c.n.c.a.ServiceLogAspect [ServiceLogAspect.java:39] 用户[0:0:0:0:0:0:0:1],在[2025-03-20 21:48:48],访问了[com.nowcoder.community.service.MessageService.findLetterCount].
2025-03-20 21:48:48,613 INFO [http-nio-8080-exec-1] c.n.c.a.ServiceLogAspect [ServiceLogAspect.java:39] 用户[0:0:0:0:0:0:0:1],在[2025-03-20 21:48:48],访问了[com.nowcoder.community.service.MessageService.findLetterUnreadCount].
2025-03-20 21:48:48,637 INFO [http-nio-8080-exec-1] c.n.c.a.ServiceLogAspect [ServiceLogAspect.java:39] 用户[0:0:0:0:0:0:0:1],在[2025-03-20 21:48:48],访问了[com.nowcoder.community.service.UserService.findUserById].
2025-03-20 21:48:48,639 INFO [http-nio-8080-exec-1] c.n.c.a.ServiceLogAspect [ServiceLogAspect.java:39] 用户[0:0:0:0:0:0:0:1],在[2025-03-20 21:48:48],访问了[com.nowcoder.community.service.MessageService.findLetterCount].
2025-03-20 21:48:48,641 INFO [http-nio-8080-exec-1] c.n.c.a.ServiceLogAspect [ServiceLogAspect.java:39] 用户[0:0:0:0:0:0:0:1],在[2025-03-20 21:48:48],访问了[com.nowcoder.community.service.MessageService.findLetterUnreadCount].
2025-03-20 21:48:48,651 INFO [http-nio-8080-exec-1] c.n.c.a.ServiceLogAspect [ServiceLogAspect.java:39] 用户[0:0:0:0:0:0:0:1],在[2025-03-20 21:48:48],访问了[com.nowcoder.community.service.UserService.findUserById].
2025-03-20 21:48:48,652 INFO [http-nio-8080-exec-1] c.n.c.a.ServiceLogAspect [ServiceLogAspect.java:39] 用户[0:0:0:0:0:0:0:1],在[2025-03-20 21:48:48],访问了[com.nowcoder.community.service.MessageService.findLetterCount].
2025-03-20 21:48:48,654 INFO [http-nio-8080-exec-1] c.n.c.a.ServiceLogAspect [ServiceLogAspect.java:39] 用户[0:0:0:0:0:0:0:1],在[2025-03-20 21:48:48],访问了[com.nowcoder.community.service.MessageService.findLetterUnreadCount].
2025-03-20 21:48:48,656 INFO [http-nio-8080-exec-1] c.n.c.a.ServiceLogAspect [ServiceLogAspect.java:39] 用户[0:0:0:0:0:0:0:1],在[2025-03-20 21:48:48],访问了[com.nowcoder.community.service.UserService.findUserById].
2025-03-20 21:48:48,657 INFO [http-nio-8080-exec-1] c.n.c.a.ServiceLogAspect [ServiceLogAspect.java:39] 用户[0:0:0:0:0:0:0:1],在[2025-03-20 21:48:48],访问了[com.nowcoder.community.service.MessageService.findLetterCount].
2025-03-20 21:48:48,658 INFO [http-nio-8080-exec-1] c.n.c.a.ServiceLogAspect [ServiceLogAspect.java:39] 用户[0:0:0:0:0:0:0:1],在[2025-03-20 21:48:48],访问了[com.nowcoder.community.service.MessageService.findLetterUnreadCount].
2025-03-20 21:48:48,667 INFO [http-nio-8080-exec-1] c.n.c.a.ServiceLogAspect [ServiceLogAspect.java:39] 用户[0:0:0:0:0:0:0:1],在[2025-03-20 21:48:48],访问了[com.nowcoder.community.service.UserService.findUserById].
2025-03-20 21:48:48,669 INFO [http-nio-8080-exec-1] c.n.c.a.ServiceLogAspect [ServiceLogAspect.java:39] 用户[0:0:0:0:0:0:0:1],在[2025-03-20 21:48:48],访问了[com.nowcoder.community.service.MessageService.findLetterCount].
2025-03-20 21:48:48,671 INFO [http-nio-8080-exec-1] c.n.c.a.ServiceLogAspect [ServiceLogAspect.java:39] 用户[0:0:0:0:0:0:0:1],在[2025-03-20 21:48:48],访问了[com.nowcoder.community.service.MessageService.findLetterUnreadCount].
2025-03-20 21:48:48,680 INFO [http-nio-8080-exec-1] c.n.c.a.ServiceLogAspect [ServiceLogAspect.java:39] 用户[0:0:0:0:0:0:0:1],在[2025-03-20 21:48:48],访问了[com.nowcoder.community.service.UserService.findUserById].
2025-03-20 21:48:48,682 INFO [http-nio-8080-exec-1] c.n.c.a.ServiceLogAspect [ServiceLogAspect.java:39] 用户[0:0:0:0:0:0:0:1],在[2025-03-20 21:48:48],访问了[com.nowcoder.community.service.MessageService.findLetterUnreadCount].
2025-03-20 21:48:51,665 INFO [http-nio-8080-exec-6] c.n.c.a.ServiceLogAspect [ServiceLogAspect.java:39] 用户[0:0:0:0:0:0:0:1],在[2025-03-20 21:48:51],访问了[com.nowcoder.community.service.UserService.findLoginTicket].
2025-03-20 21:48:51,666 INFO [http-nio-8080-exec-6] c.n.c.a.ServiceLogAspect [ServiceLogAspect.java:39] 用户[0:0:0:0:0:0:0:1],在[2025-03-20 21:48:51],访问了[com.nowcoder.community.service.UserService.findUserById].
2025-03-20 21:48:51,667 INFO [http-nio-8080-exec-6] c.n.c.a.ServiceLogAspect [ServiceLogAspect.java:39] 用户[0:0:0:0:0:0:0:1],在[2025-03-20 21:48:51],访问了[com.nowcoder.community.service.MessageService.findLatestNotice].
2025-03-20 21:48:51,742 INFO [http-nio-8080-exec-6] c.n.c.a.ServiceLogAspect [ServiceLogAspect.java:39] 用户[0:0:0:0:0:0:0:1],在[2025-03-20 21:48:51],访问了[com.nowcoder.community.service.UserService.findUserById].
2025-03-20 21:48:51,743 INFO [http-nio-8080-exec-6] c.n.c.a.ServiceLogAspect [ServiceLogAspect.java:39] 用户[0:0:0:0:0:0:0:1],在[2025-03-20 21:48:51],访问了[com.nowcoder.community.service.MessageService.findNoticeCount].
2025-03-20 21:48:51,746 INFO [http-nio-8080-exec-6] c.n.c.a.ServiceLogAspect [ServiceLogAspect.java:39] 用户[0:0:0:0:0:0:0:1],在[2025-03-20 21:48:51],访问了[com.nowcoder.community.service.MessageService.findNoticeUnreadCount].
2025-03-20 21:48:51,748 INFO [http-nio-8080-exec-6] c.n.c.a.ServiceLogAspect [ServiceLogAspect.java:39] 用户[0:0:0:0:0:0:0:1],在[2025-03-20 21:48:51],访问了[com.nowcoder.community.service.MessageService.findLatestNotice].
2025-03-20 21:48:51,761 INFO [http-nio-8080-exec-6] c.n.c.a.ServiceLogAspect [ServiceLogAspect.java:39] 用户[0:0:0:0:0:0:0:1],在[2025-03-20 21:48:51],访问了[com.nowcoder.community.service.UserService.findUserById].
2025-03-20 21:48:51,762 INFO [http-nio-8080-exec-6] c.n.c.a.ServiceLogAspect [ServiceLogAspect.java:39] 用户[0:0:0:0:0:0:0:1],在[2025-03-20 21:48:51],访问了[com.nowcoder.community.service.MessageService.findNoticeCount].
2025-03-20 21:48:51,773 INFO [http-nio-8080-exec-6] c.n.c.a.ServiceLogAspect [ServiceLogAspect.java:39] 用户[0:0:0:0:0:0:0:1],在[2025-03-20 21:48:51],访问了[com.nowcoder.community.service.MessageService.findNoticeUnreadCount].
2025-03-20 21:48:51,784 INFO [http-nio-8080-exec-6] c.n.c.a.ServiceLogAspect [ServiceLogAspect.java:39] 用户[0:0:0:0:0:0:0:1],在[2025-03-20 21:48:51],访问了[com.nowcoder.community.service.MessageService.findLatestNotice].
2025-03-20 21:48:51,794 INFO [http-nio-8080-exec-6] c.n.c.a.ServiceLogAspect [ServiceLogAspect.java:39] 用户[0:0:0:0:0:0:0:1],在[2025-03-20 21:48:51],访问了[com.nowcoder.community.service.UserService.findUserById].
2025-03-20 21:48:51,795 INFO [http-nio-8080-exec-6] c.n.c.a.ServiceLogAspect [ServiceLogAspect.java:39] 用户[0:0:0:0:0:0:0:1],在[2025-03-20 21:48:51],访问了[com.nowcoder.community.service.MessageService.findNoticeCount].
2025-03-20 21:48:51,803 INFO [http-nio-8080-exec-6] c.n.c.a.ServiceLogAspect [ServiceLogAspect.java:39] 用户[0:0:0:0:0:0:0:1],在[2025-03-20 21:48:51],访问了[com.nowcoder.community.service.MessageService.findNoticeUnreadCount].
2025-03-20 21:48:51,812 INFO [http-nio-8080-exec-6] c.n.c.a.ServiceLogAspect [ServiceLogAspect.java:39] 用户[0:0:0:0:0:0:0:1],在[2025-03-20 21:48:51],访问了[com.nowcoder.community.service.MessageService.findLetterUnreadCount].
2025-03-20 21:48:51,814 INFO [http-nio-8080-exec-6] c.n.c.a.ServiceLogAspect [ServiceLogAspect.java:39] 用户[0:0:0:0:0:0:0:1],在[2025-03-20 21:48:51],访问了[com.nowcoder.community.service.MessageService.findNoticeUnreadCount].
2025-03-20 21:48:57,821 INFO [http-nio-8080-exec-10] c.n.c.a.ServiceLogAspect [ServiceLogAspect.java:39] 用户[0:0:0:0:0:0:0:1],在[2025-03-20 21:48:57],访问了[com.nowcoder.community.service.UserService.findLoginTicket].
2025-03-20 21:48:57,824 INFO [http-nio-8080-exec-10] c.n.c.a.ServiceLogAspect [ServiceLogAspect.java:39] 用户[0:0:0:0:0:0:0:1],在[2025-03-20 21:48:57],访问了[com.nowcoder.community.service.UserService.findUserById].
2025-03-20 21:48:57,827 INFO [http-nio-8080-exec-10] c.n.c.a.ServiceLogAspect [ServiceLogAspect.java:39] 用户[0:0:0:0:0:0:0:1],在[2025-03-20 21:48:57],访问了[com.nowcoder.community.service.MessageService.findNoticeCount].
2025-03-20 21:48:57,830 INFO [http-nio-8080-exec-10] c.n.c.a.ServiceLogAspect [ServiceLogAspect.java:39] 用户[0:0:0:0:0:0:0:1],在[2025-03-20 21:48:57],访问了[com.nowcoder.community.service.MessageService.findNotices].
2025-03-20 21:48:57,832 INFO [http-nio-8080-exec-10] c.n.c.a.ServiceLogAspect [ServiceLogAspect.java:39] 用户[0:0:0:0:0:0:0:1],在[2025-03-20 21:48:57],访问了[com.nowcoder.community.service.UserService.findUserById].
2025-03-20 21:48:57,833 INFO [http-nio-8080-exec-10] c.n.c.a.ServiceLogAspect [ServiceLogAspect.java:39] 用户[0:0:0:0:0:0:0:1],在[2025-03-20 21:48:57],访问了[com.nowcoder.community.service.UserService.findUserById].
2025-03-20 21:48:57,834 INFO [http-nio-8080-exec-10] c.n.c.a.ServiceLogAspect [ServiceLogAspect.java:39] 用户[0:0:0:0:0:0:0:1],在[2025-03-20 21:48:57],访问了[com.nowcoder.community.service.UserService.findUserById].
2025-03-20 21:48:57,834 INFO [http-nio-8080-exec-10] c.n.c.a.ServiceLogAspect [ServiceLogAspect.java:39] 用户[0:0:0:0:0:0:0:1],在[2025-03-20 21:48:57],访问了[com.nowcoder.community.service.UserService.findUserById].
2025-03-20 21:48:57,835 INFO [http-nio-8080-exec-10] c.n.c.a.ServiceLogAspect [ServiceLogAspect.java:39] 用户[0:0:0:0:0:0:0:1],在[2025-03-20 21:48:57],访问了[com.nowcoder.community.service.UserService.findUserById].
2025-03-20 21:48:57,837 INFO [http-nio-8080-exec-10] c.n.c.a.ServiceLogAspect [ServiceLogAspect.java:39] 用户[0:0:0:0:0:0:0:1],在[2025-03-20 21:48:57],访问了[com.nowcoder.community.service.UserService.findUserById].
2025-03-20 21:48:57,838 INFO [http-nio-8080-exec-10] c.n.c.a.ServiceLogAspect [ServiceLogAspect.java:39] 用户[0:0:0:0:0:0:0:1],在[2025-03-20 21:48:57],访问了[com.nowcoder.community.service.UserService.findUserById].
2025-03-20 21:48:57,840 INFO [http-nio-8080-exec-10] c.n.c.a.ServiceLogAspect [ServiceLogAspect.java:39] 用户[0:0:0:0:0:0:0:1],在[2025-03-20 21:48:57],访问了[com.nowcoder.community.service.UserService.findUserById].
2025-03-20 21:48:57,840 INFO [http-nio-8080-exec-10] c.n.c.a.ServiceLogAspect [ServiceLogAspect.java:39] 用户[0:0:0:0:0:0:0:1],在[2025-03-20 21:48:57],访问了[com.nowcoder.community.service.UserService.findUserById].
2025-03-20 21:48:57,841 INFO [http-nio-8080-exec-10] c.n.c.a.ServiceLogAspect [ServiceLogAspect.java:39] 用户[0:0:0:0:0:0:0:1],在[2025-03-20 21:48:57],访问了[com.nowcoder.community.service.UserService.findUserById].
2025-03-20 21:48:59,872 INFO [http-nio-8080-exec-4] c.n.c.a.ServiceLogAspect [ServiceLogAspect.java:39] 用户[0:0:0:0:0:0:0:1],在[2025-03-20 21:48:59],访问了[com.nowcoder.community.service.UserService.findLoginTicket].
2025-03-20 21:48:59,874 INFO [http-nio-8080-exec-4] c.n.c.a.ServiceLogAspect [ServiceLogAspect.java:39] 用户[0:0:0:0:0:0:0:1],在[2025-03-20 21:48:59],访问了[com.nowcoder.community.service.UserService.findUserById].
2025-03-20 21:48:59,875 INFO [http-nio-8080-exec-4] c.n.c.a.ServiceLogAspect [ServiceLogAspect.java:39] 用户[0:0:0:0:0:0:0:1],在[2025-03-20 21:48:59],访问了[com.nowcoder.community.service.MessageService.findNoticeCount].
2025-03-20 21:48:59,878 INFO [http-nio-8080-exec-4] c.n.c.a.ServiceLogAspect [ServiceLogAspect.java:39] 用户[0:0:0:0:0:0:0:1],在[2025-03-20 21:48:59],访问了[com.nowcoder.community.service.MessageService.findNotices].
2025-03-20 21:48:59,882 INFO [http-nio-8080-exec-4] c.n.c.a.ServiceLogAspect [ServiceLogAspect.java:39] 用户[0:0:0:0:0:0:0:1],在[2025-03-20 21:48:59],访问了[com.nowcoder.community.service.UserService.findUserById].
2025-03-20 21:48:59,884 INFO [http-nio-8080-exec-4] c.n.c.a.ServiceLogAspect [ServiceLogAspect.java:39] 用户[0:0:0:0:0:0:0:1],在[2025-03-20 21:48:59],访问了[com.nowcoder.community.service.UserService.findUserById].
2025-03-20 21:48:59,884 INFO [http-nio-8080-exec-4] c.n.c.a.ServiceLogAspect [ServiceLogAspect.java:39] 用户[0:0:0:0:0:0:0:1],在[2025-03-20 21:48:59],访问了[com.nowcoder.community.service.UserService.findUserById].
2025-03-20 21:48:59,885 INFO [http-nio-8080-exec-4] c.n.c.a.ServiceLogAspect [ServiceLogAspect.java:39] 用户[0:0:0:0:0:0:0:1],在[2025-03-20 21:48:59],访问了[com.nowcoder.community.service.UserService.findUserById].
2025-03-20 21:48:59,886 INFO [http-nio-8080-exec-4] c.n.c.a.ServiceLogAspect [ServiceLogAspect.java:39] 用户[0:0:0:0:0:0:0:1],在[2025-03-20 21:48:59],访问了[com.nowcoder.community.service.UserService.findUserById].
2025-03-20 21:48:59,886 INFO [http-nio-8080-exec-4] c.n.c.a.ServiceLogAspect [ServiceLogAspect.java:39] 用户[0:0:0:0:0:0:0:1],在[2025-03-20 21:48:59],访问了[com.nowcoder.community.service.UserService.findUserById].
2025-03-20 21:48:59,887 INFO [http-nio-8080-exec-4] c.n.c.a.ServiceLogAspect [ServiceLogAspect.java:39] 用户[0:0:0:0:0:0:0:1],在[2025-03-20 21:48:59],访问了[com.nowcoder.community.service.UserService.findUserById].
2025-03-20 21:48:59,887 INFO [http-nio-8080-exec-4] c.n.c.a.ServiceLogAspect [ServiceLogAspect.java:39] 用户[0:0:0:0:0:0:0:1],在[2025-03-20 21:48:59],访问了[com.nowcoder.community.service.UserService.findUserById].
2025-03-20 21:48:59,887 INFO [http-nio-8080-exec-4] c.n.c.a.ServiceLogAspect [ServiceLogAspect.java:39] 用户[0:0:0:0:0:0:0:1],在[2025-03-20 21:48:59],访问了[com.nowcoder.community.service.UserService.findUserById].
2025-03-20 21:48:59,889 INFO [http-nio-8080-exec-4] c.n.c.a.ServiceLogAspect [ServiceLogAspect.java:39] 用户[0:0:0:0:0:0:0:1],在[2025-03-20 21:48:59],访问了[com.nowcoder.community.service.UserService.findUserById].
2025-03-20 21:48:59,889 INFO [http-nio-8080-exec-4] c.n.c.a.ServiceLogAspect [ServiceLogAspect.java:39] 用户[0:0:0:0:0:0:0:1],在[2025-03-20 21:48:59],访问了[com.nowcoder.community.service.MessageService.readMessage].
2025-03-20 21:49:01,643 INFO [http-nio-8080-exec-10] c.n.c.a.ServiceLogAspect [ServiceLogAspect.java:39] 用户[0:0:0:0:0:0:0:1],在[2025-03-20 21:49:01],访问了[com.nowcoder.community.service.UserService.findLoginTicket].
2025-03-20 21:49:01,644 INFO [http-nio-8080-exec-10] c.n.c.a.ServiceLogAspect [ServiceLogAspect.java:39] 用户[0:0:0:0:0:0:0:1],在[2025-03-20 21:49:01],访问了[com.nowcoder.community.service.UserService.findUserById].
2025-03-20 21:49:01,645 INFO [http-nio-8080-exec-10] c.n.c.a.ServiceLogAspect [ServiceLogAspect.java:39] 用户[0:0:0:0:0:0:0:1],在[2025-03-20 21:49:01],访问了[com.nowcoder.community.service.MessageService.findNoticeCount].
2025-03-20 21:49:01,647 INFO [http-nio-8080-exec-10] c.n.c.a.ServiceLogAspect [ServiceLogAspect.java:39] 用户[0:0:0:0:0:0:0:1],在[2025-03-20 21:49:01],访问了[com.nowcoder.community.service.MessageService.findNotices].
2025-03-20 21:49:01,649 INFO [http-nio-8080-exec-10] c.n.c.a.ServiceLogAspect [ServiceLogAspect.java:39] 用户[0:0:0:0:0:0:0:1],在[2025-03-20 21:49:01],访问了[com.nowcoder.community.service.UserService.findUserById].
2025-03-20 21:49:01,651 INFO [http-nio-8080-exec-10] c.n.c.a.ServiceLogAspect [ServiceLogAspect.java:39] 用户[0:0:0:0:0:0:0:1],在[2025-03-20 21:49:01],访问了[com.nowcoder.community.service.UserService.findUserById].
2025-03-20 21:49:01,651 INFO [http-nio-8080-exec-10] c.n.c.a.ServiceLogAspect [ServiceLogAspect.java:39] 用户[0:0:0:0:0:0:0:1],在[2025-03-20 21:49:01],访问了[com.nowcoder.community.service.UserService.findUserById].
2025-03-20 21:49:01,651 INFO [http-nio-8080-exec-10] c.n.c.a.ServiceLogAspect [ServiceLogAspect.java:39] 用户[0:0:0:0:0:0:0:1],在[2025-03-20 21:49:01],访问了[com.nowcoder.community.service.UserService.findUserById].
2025-03-20 21:49:01,652 INFO [http-nio-8080-exec-10] c.n.c.a.ServiceLogAspect [ServiceLogAspect.java:39] 用户[0:0:0:0:0:0:0:1],在[2025-03-20 21:49:01],访问了[com.nowcoder.community.service.UserService.findUserById].
2025-03-20 21:49:01,652 INFO [http-nio-8080-exec-10] c.n.c.a.ServiceLogAspect [ServiceLogAspect.java:39] 用户[0:0:0:0:0:0:0:1],在[2025-03-20 21:49:01],访问了[com.nowcoder.community.service.UserService.findUserById].
2025-03-20 21:49:01,652 INFO [http-nio-8080-exec-10] c.n.c.a.ServiceLogAspect [ServiceLogAspect.java:39] 用户[0:0:0:0:0:0:0:1],在[2025-03-20 21:49:01],访问了[com.nowcoder.community.service.UserService.findUserById].
2025-03-20 21:49:01,653 INFO [http-nio-8080-exec-10] c.n.c.a.ServiceLogAspect [ServiceLogAspect.java:39] 用户[0:0:0:0:0:0:0:1],在[2025-03-20 21:49:01],访问了[com.nowcoder.community.service.UserService.findUserById].
2025-03-20 21:49:01,653 INFO [http-nio-8080-exec-10] c.n.c.a.ServiceLogAspect [ServiceLogAspect.java:39] 用户[0:0:0:0:0:0:0:1],在[2025-03-20 21:49:01],访问了[com.nowcoder.community.service.UserService.findUserById].
2025-03-20 21:49:01,654 INFO [http-nio-8080-exec-10] c.n.c.a.ServiceLogAspect [ServiceLogAspect.java:39] 用户[0:0:0:0:0:0:0:1],在[2025-03-20 21:49:01],访问了[com.nowcoder.community.service.UserService.findUserById].
2025-03-20 21:49:01,654 INFO [http-nio-8080-exec-10] c.n.c.a.ServiceLogAspect [ServiceLogAspect.java:39] 用户[0:0:0:0:0:0:0:1],在[2025-03-20 21:49:01],访问了[com.nowcoder.community.service.MessageService.readMessage].
2025-03-20 21:49:03,134 INFO [http-nio-8080-exec-4] c.n.c.a.ServiceLogAspect [ServiceLogAspect.java:39] 用户[0:0:0:0:0:0:0:1],在[2025-03-20 21:49:03],访问了[com.nowcoder.community.service.UserService.findLoginTicket].
2025-03-20 21:49:03,135 INFO [http-nio-8080-exec-4] c.n.c.a.ServiceLogAspect [ServiceLogAspect.java:39] 用户[0:0:0:0:0:0:0:1],在[2025-03-20 21:49:03],访问了[com.nowcoder.community.service.UserService.findUserById].
2025-03-20 21:49:03,136 INFO [http-nio-8080-exec-4] c.n.c.a.ServiceLogAspect [ServiceLogAspect.java:39] 用户[0:0:0:0:0:0:0:1],在[2025-03-20 21:49:03],访问了[com.nowcoder.community.service.DiscussPostService.findDiscussPostRows].
2025-03-20 21:49:03,145 INFO [http-nio-8080-exec-4] c.n.c.a.ServiceLogAspect [ServiceLogAspect.java:39] 用户[0:0:0:0:0:0:0:1],在[2025-03-20 21:49:03],访问了[com.nowcoder.community.service.DiscussPostService.findDiscussPosts].
2025-03-20 21:49:03,149 INFO [http-nio-8080-exec-4] c.n.c.a.ServiceLogAspect [ServiceLogAspect.java:39] 用户[0:0:0:0:0:0:0:1],在[2025-03-20 21:49:03],访问了[com.nowcoder.community.service.UserService.findUserById].
2025-03-20 21:49:03,150 INFO [http-nio-8080-exec-4] c.n.c.a.ServiceLogAspect [ServiceLogAspect.java:39] 用户[0:0:0:0:0:0:0:1],在[2025-03-20 21:49:03],访问了[com.nowcoder.community.service.LikeService.findEntityLikeCount].
2025-03-20 21:49:03,151 INFO [http-nio-8080-exec-4] c.n.c.a.ServiceLogAspect [ServiceLogAspect.java:39] 用户[0:0:0:0:0:0:0:1],在[2025-03-20 21:49:03],访问了[com.nowcoder.community.service.UserService.findUserById].
2025-03-20 21:49:03,151 INFO [http-nio-8080-exec-4] c.n.c.a.ServiceLogAspect [ServiceLogAspect.java:39] 用户[0:0:0:0:0:0:0:1],在[2025-03-20 21:49:03],访问了[com.nowcoder.community.service.LikeService.findEntityLikeCount].
2025-03-20 21:49:03,151 INFO [http-nio-8080-exec-4] c.n.c.a.ServiceLogAspect [ServiceLogAspect.java:39] 用户[0:0:0:0:0:0:0:1],在[2025-03-20 21:49:03],访问了[com.nowcoder.community.service.UserService.findUserById].
2025-03-20 21:49:03,152 INFO [http-nio-8080-exec-4] c.n.c.a.ServiceLogAspect [ServiceLogAspect.java:39] 用户[0:0:0:0:0:0:0:1],在[2025-03-20 21:49:03],访问了[com.nowcoder.community.service.LikeService.findEntityLikeCount].
2025-03-20 21:49:03,152 INFO [http-nio-8080-exec-4] c.n.c.a.ServiceLogAspect [ServiceLogAspect.java:39] 用户[0:0:0:0:0:0:0:1],在[2025-03-20 21:49:03],访问了[com.nowcoder.community.service.UserService.findUserById].
2025-03-20 21:49:03,152 INFO [http-nio-8080-exec-4] c.n.c.a.ServiceLogAspect [ServiceLogAspect.java:39] 用户[0:0:0:0:0:0:0:1],在[2025-03-20 21:49:03],访问了[com.nowcoder.community.service.LikeService.findEntityLikeCount].
2025-03-20 21:49:03,154 INFO [http-nio-8080-exec-4] c.n.c.a.ServiceLogAspect [ServiceLogAspect.java:39] 用户[0:0:0:0:0:0:0:1],在[2025-03-20 21:49:03],访问了[com.nowcoder.community.service.UserService.findUserById].
2025-03-20 21:49:03,154 INFO [http-nio-8080-exec-4] c.n.c.a.ServiceLogAspect [ServiceLogAspect.java:39] 用户[0:0:0:0:0:0:0:1],在[2025-03-20 21:49:03],访问了[com.nowcoder.community.service.LikeService.findEntityLikeCount].
2025-03-20 21:49:03,154 INFO [http-nio-8080-exec-4] c.n.c.a.ServiceLogAspect [ServiceLogAspect.java:39] 用户[0:0:0:0:0:0:0:1],在[2025-03-20 21:49:03],访问了[com.nowcoder.community.service.UserService.findUserById].
2025-03-20 21:49:03,155 INFO [http-nio-8080-exec-4] c.n.c.a.ServiceLogAspect [ServiceLogAspect.java:39] 用户[0:0:0:0:0:0:0:1],在[2025-03-20 21:49:03],访问了[com.nowcoder.community.service.LikeService.findEntityLikeCount].
2025-03-20 21:49:03,155 INFO [http-nio-8080-exec-4] c.n.c.a.ServiceLogAspect [ServiceLogAspect.java:39] 用户[0:0:0:0:0:0:0:1],在[2025-03-20 21:49:03],访问了[com.nowcoder.community.service.UserService.findUserById].
2025-03-20 21:49:03,155 INFO [http-nio-8080-exec-4] c.n.c.a.ServiceLogAspect [ServiceLogAspect.java:39] 用户[0:0:0:0:0:0:0:1],在[2025-03-20 21:49:03],访问了[com.nowcoder.community.service.LikeService.findEntityLikeCount].
2025-03-20 21:49:03,156 INFO [http-nio-8080-exec-4] c.n.c.a.ServiceLogAspect [ServiceLogAspect.java:39] 用户[0:0:0:0:0:0:0:1],在[2025-03-20 21:49:03],访问了[com.nowcoder.community.service.UserService.findUserById].
2025-03-20 21:49:03,156 INFO [http-nio-8080-exec-4] c.n.c.a.ServiceLogAspect [ServiceLogAspect.java:39] 用户[0:0:0:0:0:0:0:1],在[2025-03-20 21:49:03],访问了[com.nowcoder.community.service.LikeService.findEntityLikeCount].
2025-03-20 21:49:03,156 INFO [http-nio-8080-exec-4] c.n.c.a.ServiceLogAspect [ServiceLogAspect.java:39] 用户[0:0:0:0:0:0:0:1],在[2025-03-20 21:49:03],访问了[com.nowcoder.community.service.UserService.findUserById].
2025-03-20 21:49:03,157 INFO [http-nio-8080-exec-4] c.n.c.a.ServiceLogAspect [ServiceLogAspect.java:39] 用户[0:0:0:0:0:0:0:1],在[2025-03-20 21:49:03],访问了[com.nowcoder.community.service.LikeService.findEntityLikeCount].
2025-03-20 21:49:03,157 INFO [http-nio-8080-exec-4] c.n.c.a.ServiceLogAspect [ServiceLogAspect.java:39] 用户[0:0:0:0:0:0:0:1],在[2025-03-20 21:49:03],访问了[com.nowcoder.community.service.UserService.findUserById].
2025-03-20 21:49:03,157 INFO [http-nio-8080-exec-4] c.n.c.a.ServiceLogAspect [ServiceLogAspect.java:39] 用户[0:0:0:0:0:0:0:1],在[2025-03-20 21:49:03],访问了[com.nowcoder.community.service.LikeService.findEntityLikeCount].
2025-03-20 21:49:41,557 INFO [http-nio-8080-exec-10] c.n.c.a.ServiceLogAspect [ServiceLogAspect.java:39] 用户[0:0:0:0:0:0:0:1],在[2025-03-20 21:49:41],访问了[com.nowcoder.community.service.UserService.findLoginTicket].
2025-03-20 21:49:41,558 INFO [http-nio-8080-exec-10] c.n.c.a.ServiceLogAspect [ServiceLogAspect.java:39] 用户[0:0:0:0:0:0:0:1],在[2025-03-20 21:49:41],访问了[com.nowcoder.community.service.UserService.findUserById].
2025-03-20 21:49:41,559 INFO [http-nio-8080-exec-10] c.n.c.a.ServiceLogAspect [ServiceLogAspect.java:39] 用户[0:0:0:0:0:0:0:1],在[2025-03-20 21:49:41],访问了[com.nowcoder.community.service.MessageService.findConversationCount].
2025-03-20 21:49:41,568 INFO [http-nio-8080-exec-10] c.n.c.a.ServiceLogAspect [ServiceLogAspect.java:39] 用户[0:0:0:0:0:0:0:1],在[2025-03-20 21:49:41],访问了[com.nowcoder.community.service.MessageService.findConversations].
2025-03-20 21:49:41,579 INFO [http-nio-8080-exec-10] c.n.c.a.ServiceLogAspect [ServiceLogAspect.java:39] 用户[0:0:0:0:0:0:0:1],在[2025-03-20 21:49:41],访问了[com.nowcoder.community.service.MessageService.findLetterCount].
2025-03-20 21:49:41,580 INFO [http-nio-8080-exec-10] c.n.c.a.ServiceLogAspect [ServiceLogAspect.java:39] 用户[0:0:0:0:0:0:0:1],在[2025-03-20 21:49:41],访问了[com.nowcoder.community.service.MessageService.findLetterUnreadCount].
2025-03-20 21:49:41,587 INFO [http-nio-8080-exec-10] c.n.c.a.ServiceLogAspect [ServiceLogAspect.java:39] 用户[0:0:0:0:0:0:0:1],在[2025-03-20 21:49:41],访问了[com.nowcoder.community.service.UserService.findUserById].
2025-03-20 21:49:41,589 INFO [http-nio-8080-exec-10] c.n.c.a.ServiceLogAspect [ServiceLogAspect.java:39] 用户[0:0:0:0:0:0:0:1],在[2025-03-20 21:49:41],访问了[com.nowcoder.community.service.MessageService.findLetterCount].
2025-03-20 21:49:41,591 INFO [http-nio-8080-exec-10] c.n.c.a.ServiceLogAspect [ServiceLogAspect.java:39] 用户[0:0:0:0:0:0:0:1],在[2025-03-20 21:49:41],访问了[com.nowcoder.community.service.MessageService.findLetterUnreadCount].
2025-03-20 21:49:41,599 INFO [http-nio-8080-exec-10] c.n.c.a.ServiceLogAspect [ServiceLogAspect.java:39] 用户[0:0:0:0:0:0:0:1],在[2025-03-20 21:49:41],访问了[com.nowcoder.community.service.UserService.findUserById].
2025-03-20 21:49:41,600 INFO [http-nio-8080-exec-10] c.n.c.a.ServiceLogAspect [ServiceLogAspect.java:39] 用户[0:0:0:0:0:0:0:1],在[2025-03-20 21:49:41],访问了[com.nowcoder.community.service.MessageService.findLetterCount].
2025-03-20 21:49:41,601 INFO [http-nio-8080-exec-10] c.n.c.a.ServiceLogAspect [ServiceLogAspect.java:39] 用户[0:0:0:0:0:0:0:1],在[2025-03-20 21:49:41],访问了[com.nowcoder.community.service.MessageService.findLetterUnreadCount].
2025-03-20 21:49:41,602 INFO [http-nio-8080-exec-10] c.n.c.a.ServiceLogAspect [ServiceLogAspect.java:39] 用户[0:0:0:0:0:0:0:1],在[2025-03-20 21:49:41],访问了[com.nowcoder.community.service.UserService.findUserById].
2025-03-20 21:49:41,603 INFO [http-nio-8080-exec-10] c.n.c.a.ServiceLogAspect [ServiceLogAspect.java:39] 用户[0:0:0:0:0:0:0:1],在[2025-03-20 21:49:41],访问了[com.nowcoder.community.service.MessageService.findLetterCount].
2025-03-20 21:49:41,604 INFO [http-nio-8080-exec-10] c.n.c.a.ServiceLogAspect [ServiceLogAspect.java:39] 用户[0:0:0:0:0:0:0:1],在[2025-03-20 21:49:41],访问了[com.nowcoder.community.service.MessageService.findLetterUnreadCount].
2025-03-20 21:49:41,612 INFO [http-nio-8080-exec-10] c.n.c.a.ServiceLogAspect [ServiceLogAspect.java:39] 用户[0:0:0:0:0:0:0:1],在[2025-03-20 21:49:41],访问了[com.nowcoder.community.service.UserService.findUserById].
2025-03-20 21:49:41,613 INFO [http-nio-8080-exec-10] c.n.c.a.ServiceLogAspect [ServiceLogAspect.java:39] 用户[0:0:0:0:0:0:0:1],在[2025-03-20 21:49:41],访问了[com.nowcoder.community.service.MessageService.findLetterCount].
2025-03-20 21:49:41,614 INFO [http-nio-8080-exec-10] c.n.c.a.ServiceLogAspect [ServiceLogAspect.java:39] 用户[0:0:0:0:0:0:0:1],在[2025-03-20 21:49:41],访问了[com.nowcoder.community.service.MessageService.findLetterUnreadCount].
2025-03-20 21:49:41,622 INFO [http-nio-8080-exec-10] c.n.c.a.ServiceLogAspect [ServiceLogAspect.java:39] 用户[0:0:0:0:0:0:0:1],在[2025-03-20 21:49:41],访问了[com.nowcoder.community.service.UserService.findUserById].
2025-03-20 21:49:41,624 INFO [http-nio-8080-exec-10] c.n.c.a.ServiceLogAspect [ServiceLogAspect.java:39] 用户[0:0:0:0:0:0:0:1],在[2025-03-20 21:49:41],访问了[com.nowcoder.community.service.MessageService.findLetterUnreadCount].
2025-03-20 21:49:43,269 INFO [http-nio-8080-exec-4] c.n.c.a.ServiceLogAspect [ServiceLogAspect.java:39] 用户[0:0:0:0:0:0:0:1],在[2025-03-20 21:49:43],访问了[com.nowcoder.community.service.UserService.findLoginTicket].
2025-03-20 21:49:43,271 INFO [http-nio-8080-exec-4] c.n.c.a.ServiceLogAspect [ServiceLogAspect.java:39] 用户[0:0:0:0:0:0:0:1],在[2025-03-20 21:49:43],访问了[com.nowcoder.community.service.UserService.findUserById].
2025-03-20 21:49:43,271 INFO [http-nio-8080-exec-4] c.n.c.a.ServiceLogAspect [ServiceLogAspect.java:39] 用户[0:0:0:0:0:0:0:1],在[2025-03-20 21:49:43],访问了[com.nowcoder.community.service.MessageService.findLatestNotice].
2025-03-20 21:49:43,274 INFO [http-nio-8080-exec-4] c.n.c.a.ServiceLogAspect [ServiceLogAspect.java:39] 用户[0:0:0:0:0:0:0:1],在[2025-03-20 21:49:43],访问了[com.nowcoder.community.service.UserService.findUserById].
2025-03-20 21:49:43,275 INFO [http-nio-8080-exec-4] c.n.c.a.ServiceLogAspect [ServiceLogAspect.java:39] 用户[0:0:0:0:0:0:0:1],在[2025-03-20 21:49:43],访问了[com.nowcoder.community.service.MessageService.findNoticeCount].
2025-03-20 21:49:43,276 INFO [http-nio-8080-exec-4] c.n.c.a.ServiceLogAspect [ServiceLogAspect.java:39] 用户[0:0:0:0:0:0:0:1],在[2025-03-20 21:49:43],访问了[com.nowcoder.community.service.MessageService.findNoticeUnreadCount].
2025-03-20 21:49:43,278 INFO [http-nio-8080-exec-4] c.n.c.a.ServiceLogAspect [ServiceLogAspect.java:39] 用户[0:0:0:0:0:0:0:1],在[2025-03-20 21:49:43],访问了[com.nowcoder.community.service.MessageService.findLatestNotice].
2025-03-20 21:49:43,289 INFO [http-nio-8080-exec-4] c.n.c.a.ServiceLogAspect [ServiceLogAspect.java:39] 用户[0:0:0:0:0:0:0:1],在[2025-03-20 21:49:43],访问了[com.nowcoder.community.service.UserService.findUserById].
2025-03-20 21:49:43,290 INFO [http-nio-8080-exec-4] c.n.c.a.ServiceLogAspect [ServiceLogAspect.java:39] 用户[0:0:0:0:0:0:0:1],在[2025-03-20 21:49:43],访问了[com.nowcoder.community.service.MessageService.findNoticeCount].
2025-03-20 21:49:43,301 INFO [http-nio-8080-exec-4] c.n.c.a.ServiceLogAspect [ServiceLogAspect.java:39] 用户[0:0:0:0:0:0:0:1],在[2025-03-20 21:49:43],访问了[com.nowcoder.community.service.MessageService.findNoticeUnreadCount].
2025-03-20 21:49:43,312 INFO [http-nio-8080-exec-4] c.n.c.a.ServiceLogAspect [ServiceLogAspect.java:39] 用户[0:0:0:0:0:0:0:1],在[2025-03-20 21:49:43],访问了[com.nowcoder.community.service.MessageService.findLatestNotice].
2025-03-20 21:49:43,321 INFO [http-nio-8080-exec-4] c.n.c.a.ServiceLogAspect [ServiceLogAspect.java:39] 用户[0:0:0:0:0:0:0:1],在[2025-03-20 21:49:43],访问了[com.nowcoder.community.service.UserService.findUserById].
2025-03-20 21:49:43,322 INFO [http-nio-8080-exec-4] c.n.c.a.ServiceLogAspect [ServiceLogAspect.java:39] 用户[0:0:0:0:0:0:0:1],在[2025-03-20 21:49:43],访问了[com.nowcoder.community.service.MessageService.findNoticeCount].
2025-03-20 21:49:43,331 INFO [http-nio-8080-exec-4] c.n.c.a.ServiceLogAspect [ServiceLogAspect.java:39] 用户[0:0:0:0:0:0:0:1],在[2025-03-20 21:49:43],访问了[com.nowcoder.community.service.MessageService.findNoticeUnreadCount].
2025-03-20 21:49:43,339 INFO [http-nio-8080-exec-4] c.n.c.a.ServiceLogAspect [ServiceLogAspect.java:39] 用户[0:0:0:0:0:0:0:1],在[2025-03-20 21:49:43],访问了[com.nowcoder.community.service.MessageService.findLetterUnreadCount].
2025-03-20 21:49:43,340 INFO [http-nio-8080-exec-4] c.n.c.a.ServiceLogAspect [ServiceLogAspect.java:39] 用户[0:0:0:0:0:0:0:1],在[2025-03-20 21:49:43],访问了[com.nowcoder.community.service.MessageService.findNoticeUnreadCount].
2025-03-20 21:50:21,285 INFO [http-nio-8080-exec-10] c.n.c.a.ServiceLogAspect [ServiceLogAspect.java:39] 用户[0:0:0:0:0:0:0:1],在[2025-03-20 21:50:21],访问了[com.nowcoder.community.service.UserService.findLoginTicket].
2025-03-20 21:50:21,287 INFO [http-nio-8080-exec-10] c.n.c.a.ServiceLogAspect [ServiceLogAspect.java:39] 用户[0:0:0:0:0:0:0:1],在[2025-03-20 21:50:21],访问了[com.nowcoder.community.service.UserService.findUserById].
2025-03-20 21:50:21,288 INFO [http-nio-8080-exec-10] c.n.c.a.ServiceLogAspect [ServiceLogAspect.java:39] 用户[0:0:0:0:0:0:0:1],在[2025-03-20 21:50:21],访问了[com.nowcoder.community.service.MessageService.findNoticeCount].
2025-03-20 21:50:21,291 INFO [http-nio-8080-exec-10] c.n.c.a.ServiceLogAspect [ServiceLogAspect.java:39] 用户[0:0:0:0:0:0:0:1],在[2025-03-20 21:50:21],访问了[com.nowcoder.community.service.MessageService.findNotices].
2025-03-20 21:50:21,294 INFO [http-nio-8080-exec-10] c.n.c.a.ServiceLogAspect [ServiceLogAspect.java:39] 用户[0:0:0:0:0:0:0:1],在[2025-03-20 21:50:21],访问了[com.nowcoder.community.service.UserService.findUserById].
2025-03-20 21:50:21,295 INFO [http-nio-8080-exec-10] c.n.c.a.ServiceLogAspect [ServiceLogAspect.java:39] 用户[0:0:0:0:0:0:0:1],在[2025-03-20 21:50:21],访问了[com.nowcoder.community.service.UserService.findUserById].
2025-03-20 21:50:21,296 INFO [http-nio-8080-exec-10] c.n.c.a.ServiceLogAspect [ServiceLogAspect.java:39] 用户[0:0:0:0:0:0:0:1],在[2025-03-20 21:50:21],访问了[com.nowcoder.community.service.UserService.findUserById].
2025-03-20 21:50:21,296 INFO [http-nio-8080-exec-10] c.n.c.a.ServiceLogAspect [ServiceLogAspect.java:39] 用户[0:0:0:0:0:0:0:1],在[2025-03-20 21:50:21],访问了[com.nowcoder.community.service.UserService.findUserById].
2025-03-20 21:50:21,296 INFO [http-nio-8080-exec-10] c.n.c.a.ServiceLogAspect [ServiceLogAspect.java:39] 用户[0:0:0:0:0:0:0:1],在[2025-03-20 21:50:21],访问了[com.nowcoder.community.service.UserService.findUserById].
2025-03-20 21:50:21,297 INFO [http-nio-8080-exec-10] c.n.c.a.ServiceLogAspect [ServiceLogAspect.java:39] 用户[0:0:0:0:0:0:0:1],在[2025-03-20 21:50:21],访问了[com.nowcoder.community.service.UserService.findUserById].
2025-03-20 21:50:21,298 INFO [http-nio-8080-exec-10] c.n.c.a.ServiceLogAspect [ServiceLogAspect.java:39] 用户[0:0:0:0:0:0:0:1],在[2025-03-20 21:50:21],访问了[com.nowcoder.community.service.UserService.findUserById].
2025-03-20 21:50:21,298 INFO [http-nio-8080-exec-10] c.n.c.a.ServiceLogAspect [ServiceLogAspect.java:39] 用户[0:0:0:0:0:0:0:1],在[2025-03-20 21:50:21],访问了[com.nowcoder.community.service.UserService.findUserById].
2025-03-20 21:50:21,299 INFO [http-nio-8080-exec-10] c.n.c.a.ServiceLogAspect [ServiceLogAspect.java:39] 用户[0:0:0:0:0:0:0:1],在[2025-03-20 21:50:21],访问了[com.nowcoder.community.service.UserService.findUserById].
2025-03-20 21:50:21,299 INFO [http-nio-8080-exec-10] c.n.c.a.ServiceLogAspect [ServiceLogAspect.java:39] 用户[0:0:0:0:0:0:0:1],在[2025-03-20 21:50:21],访问了[com.nowcoder.community.service.UserService.findUserById].
2025-03-20 21:50:40,095 INFO [http-nio-8080-exec-7] c.n.c.a.ServiceLogAspect [ServiceLogAspect.java:39] 用户[0:0:0:0:0:0:0:1],在[2025-03-20 21:50:40],访问了[com.nowcoder.community.service.UserService.findLoginTicket].
2025-03-20 21:50:40,097 INFO [http-nio-8080-exec-7] c.n.c.a.ServiceLogAspect [ServiceLogAspect.java:39] 用户[0:0:0:0:0:0:0:1],在[2025-03-20 21:50:40],访问了[com.nowcoder.community.service.UserService.findUserById].
2025-03-20 21:50:40,099 INFO [http-nio-8080-exec-7] c.n.c.a.ServiceLogAspect [ServiceLogAspect.java:39] 用户[0:0:0:0:0:0:0:1],在[2025-03-20 21:50:40],访问了[com.nowcoder.community.service.MessageService.findNoticeCount].
2025-03-20 21:50:40,102 INFO [http-nio-8080-exec-7] c.n.c.a.ServiceLogAspect [ServiceLogAspect.java:39] 用户[0:0:0:0:0:0:0:1],在[2025-03-20 21:50:40],访问了[com.nowcoder.community.service.MessageService.findNotices].
2025-03-20 21:50:40,104 INFO [http-nio-8080-exec-7] c.n.c.a.ServiceLogAspect [ServiceLogAspect.java:39] 用户[0:0:0:0:0:0:0:1],在[2025-03-20 21:50:40],访问了[com.nowcoder.community.service.UserService.findUserById].
2025-03-20 21:50:40,105 INFO [http-nio-8080-exec-7] c.n.c.a.ServiceLogAspect [ServiceLogAspect.java:39] 用户[0:0:0:0:0:0:0:1],在[2025-03-20 21:50:40],访问了[com.nowcoder.community.service.UserService.findUserById].
2025-03-20 21:50:40,105 INFO [http-nio-8080-exec-7] c.n.c.a.ServiceLogAspect [ServiceLogAspect.java:39] 用户[0:0:0:0:0:0:0:1],在[2025-03-20 21:50:40],访问了[com.nowcoder.community.service.UserService.findUserById].
2025-03-20 21:50:40,106 INFO [http-nio-8080-exec-7] c.n.c.a.ServiceLogAspect [ServiceLogAspect.java:39] 用户[0:0:0:0:0:0:0:1],在[2025-03-20 21:50:40],访问了[com.nowcoder.community.service.UserService.findUserById].
2025-03-20 21:50:40,106 INFO [http-nio-8080-exec-7] c.n.c.a.ServiceLogAspect [ServiceLogAspect.java:39] 用户[0:0:0:0:0:0:0:1],在[2025-03-20 21:50:40],访问了[com.nowcoder.community.service.UserService.findUserById].
2025-03-20 21:50:40,107 INFO [http-nio-8080-exec-7] c.n.c.a.ServiceLogAspect [ServiceLogAspect.java:39] 用户[0:0:0:0:0:0:0:1],在[2025-03-20 21:50:40],访问了[com.nowcoder.community.service.UserService.findUserById].
2025-03-20 21:50:40,107 INFO [http-nio-8080-exec-7] c.n.c.a.ServiceLogAspect [ServiceLogAspect.java:39] 用户[0:0:0:0:0:0:0:1],在[2025-03-20 21:50:40],访问了[com.nowcoder.community.service.UserService.findUserById].
2025-03-20 21:50:40,108 INFO [http-nio-8080-exec-7] c.n.c.a.ServiceLogAspect [ServiceLogAspect.java:39] 用户[0:0:0:0:0:0:0:1],在[2025-03-20 21:50:40],访问了[com.nowcoder.community.service.UserService.findUserById].
2025-03-20 21:50:40,108 INFO [http-nio-8080-exec-7] c.n.c.a.ServiceLogAspect [ServiceLogAspect.java:39] 用户[0:0:0:0:0:0:0:1],在[2025-03-20 21:50:40],访问了[com.nowcoder.community.service.UserService.findUserById].
2025-03-20 21:50:40,108 INFO [http-nio-8080-exec-7] c.n.c.a.ServiceLogAspect [ServiceLogAspect.java:39] 用户[0:0:0:0:0:0:0:1],在[2025-03-20 21:50:40],访问了[com.nowcoder.community.service.UserService.findUserById].
2025-03-20 21:50:46,043 INFO [http-nio-8080-exec-3] c.n.c.a.ServiceLogAspect [ServiceLogAspect.java:39] 用户[0:0:0:0:0:0:0:1],在[2025-03-20 21:50:46],访问了[com.nowcoder.community.service.UserService.findLoginTicket].
2025-03-20 21:50:46,044 INFO [http-nio-8080-exec-3] c.n.c.a.ServiceLogAspect [ServiceLogAspect.java:39] 用户[0:0:0:0:0:0:0:1],在[2025-03-20 21:50:46],访问了[com.nowcoder.community.service.UserService.findUserById].
2025-03-20 21:50:46,045 INFO [http-nio-8080-exec-3] c.n.c.a.ServiceLogAspect [ServiceLogAspect.java:39] 用户[0:0:0:0:0:0:0:1],在[2025-03-20 21:50:46],访问了[com.nowcoder.community.service.MessageService.findNoticeCount].
2025-03-20 21:50:46,046 INFO [http-nio-8080-exec-3] c.n.c.a.ServiceLogAspect [ServiceLogAspect.java:39] 用户[0:0:0:0:0:0:0:1],在[2025-03-20 21:50:46],访问了[com.nowcoder.community.service.MessageService.findNotices].
2025-03-20 21:50:46,048 INFO [http-nio-8080-exec-3] c.n.c.a.ServiceLogAspect [ServiceLogAspect.java:39] 用户[0:0:0:0:0:0:0:1],在[2025-03-20 21:50:46],访问了[com.nowcoder.community.service.UserService.findUserById].
2025-03-20 21:50:46,049 INFO [http-nio-8080-exec-3] c.n.c.a.ServiceLogAspect [ServiceLogAspect.java:39] 用户[0:0:0:0:0:0:0:1],在[2025-03-20 21:50:46],访问了[com.nowcoder.community.service.UserService.findUserById].
2025-03-20 21:50:46,049 INFO [http-nio-8080-exec-3] c.n.c.a.ServiceLogAspect [ServiceLogAspect.java:39] 用户[0:0:0:0:0:0:0:1],在[2025-03-20 21:50:46],访问了[com.nowcoder.community.service.UserService.findUserById].
2025-03-20 21:50:46,049 INFO [http-nio-8080-exec-3] c.n.c.a.ServiceLogAspect [ServiceLogAspect.java:39] 用户[0:0:0:0:0:0:0:1],在[2025-03-20 21:50:46],访问了[com.nowcoder.community.service.UserService.findUserById].
2025-03-20 21:50:46,050 INFO [http-nio-8080-exec-3] c.n.c.a.ServiceLogAspect [ServiceLogAspect.java:39] 用户[0:0:0:0:0:0:0:1],在[2025-03-20 21:50:46],访问了[com.nowcoder.community.service.UserService.findUserById].
2025-03-20 21:50:46,050 INFO [http-nio-8080-exec-3] c.n.c.a.ServiceLogAspect [ServiceLogAspect.java:39] 用户[0:0:0:0:0:0:0:1],在[2025-03-20 21:50:46],访问了[com.nowcoder.community.service.UserService.findUserById].
2025-03-20 21:50:46,051 INFO [http-nio-8080-exec-3] c.n.c.a.ServiceLogAspect [ServiceLogAspect.java:39] 用户[0:0:0:0:0:0:0:1],在[2025-03-20 21:50:46],访问了[com.nowcoder.community.service.UserService.findUserById].
2025-03-20 21:50:46,051 INFO [http-nio-8080-exec-3] c.n.c.a.ServiceLogAspect [ServiceLogAspect.java:39] 用户[0:0:0:0:0:0:0:1],在[2025-03-20 21:50:46],访问了[com.nowcoder.community.service.UserService.findUserById].
2025-03-20 21:50:46,052 INFO [http-nio-8080-exec-3] c.n.c.a.ServiceLogAspect [ServiceLogAspect.java:39] 用户[0:0:0:0:0:0:0:1],在[2025-03-20 21:50:46],访问了[com.nowcoder.community.service.UserService.findUserById].
2025-03-20 21:50:46,052 INFO [http-nio-8080-exec-3] c.n.c.a.ServiceLogAspect [ServiceLogAspect.java:39] 用户[0:0:0:0:0:0:0:1],在[2025-03-20 21:50:46],访问了[com.nowcoder.community.service.UserService.findUserById].
2025-03-20 21:50:47,161 INFO [http-nio-8080-exec-7] c.n.c.a.ServiceLogAspect [ServiceLogAspect.java:39] 用户[0:0:0:0:0:0:0:1],在[2025-03-20 21:50:47],访问了[com.nowcoder.community.service.UserService.findLoginTicket].
2025-03-20 21:50:47,162 INFO [http-nio-8080-exec-7] c.n.c.a.ServiceLogAspect [ServiceLogAspect.java:39] 用户[0:0:0:0:0:0:0:1],在[2025-03-20 21:50:47],访问了[com.nowcoder.community.service.UserService.findUserById].
2025-03-20 21:50:47,163 INFO [http-nio-8080-exec-7] c.n.c.a.ServiceLogAspect [ServiceLogAspect.java:39] 用户[0:0:0:0:0:0:0:1],在[2025-03-20 21:50:47],访问了[com.nowcoder.community.service.MessageService.findLatestNotice].
2025-03-20 21:50:47,165 INFO [http-nio-8080-exec-7] c.n.c.a.ServiceLogAspect [ServiceLogAspect.java:39] 用户[0:0:0:0:0:0:0:1],在[2025-03-20 21:50:47],访问了[com.nowcoder.community.service.UserService.findUserById].
2025-03-20 21:50:47,166 INFO [http-nio-8080-exec-7] c.n.c.a.ServiceLogAspect [ServiceLogAspect.java:39] 用户[0:0:0:0:0:0:0:1],在[2025-03-20 21:50:47],访问了[com.nowcoder.community.service.MessageService.findNoticeCount].
2025-03-20 21:50:47,167 INFO [http-nio-8080-exec-7] c.n.c.a.ServiceLogAspect [ServiceLogAspect.java:39] 用户[0:0:0:0:0:0:0:1],在[2025-03-20 21:50:47],访问了[com.nowcoder.community.service.MessageService.findNoticeUnreadCount].
2025-03-20 21:50:47,168 INFO [http-nio-8080-exec-7] c.n.c.a.ServiceLogAspect [ServiceLogAspect.java:39] 用户[0:0:0:0:0:0:0:1],在[2025-03-20 21:50:47],访问了[com.nowcoder.community.service.MessageService.findLatestNotice].
2025-03-20 21:50:47,180 INFO [http-nio-8080-exec-7] c.n.c.a.ServiceLogAspect [ServiceLogAspect.java:39] 用户[0:0:0:0:0:0:0:1],在[2025-03-20 21:50:47],访问了[com.nowcoder.community.service.UserService.findUserById].
2025-03-20 21:50:47,180 INFO [http-nio-8080-exec-7] c.n.c.a.ServiceLogAspect [ServiceLogAspect.java:39] 用户[0:0:0:0:0:0:0:1],在[2025-03-20 21:50:47],访问了[com.nowcoder.community.service.MessageService.findNoticeCount].
2025-03-20 21:50:47,192 INFO [http-nio-8080-exec-7] c.n.c.a.ServiceLogAspect [ServiceLogAspect.java:39] 用户[0:0:0:0:0:0:0:1],在[2025-03-20 21:50:47],访问了[com.nowcoder.community.service.MessageService.findNoticeUnreadCount].
2025-03-20 21:50:47,204 INFO [http-nio-8080-exec-7] c.n.c.a.ServiceLogAspect [ServiceLogAspect.java:39] 用户[0:0:0:0:0:0:0:1],在[2025-03-20 21:50:47],访问了[com.nowcoder.community.service.MessageService.findLatestNotice].
2025-03-20 21:50:47,212 INFO [http-nio-8080-exec-7] c.n.c.a.ServiceLogAspect [ServiceLogAspect.java:39] 用户[0:0:0:0:0:0:0:1],在[2025-03-20 21:50:47],访问了[com.nowcoder.community.service.UserService.findUserById].
2025-03-20 21:50:47,213 INFO [http-nio-8080-exec-7] c.n.c.a.ServiceLogAspect [ServiceLogAspect.java:39] 用户[0:0:0:0:0:0:0:1],在[2025-03-20 21:50:47],访问了[com.nowcoder.community.service.MessageService.findNoticeCount].
2025-03-20 21:50:47,222 INFO [http-nio-8080-exec-7] c.n.c.a.ServiceLogAspect [ServiceLogAspect.java:39] 用户[0:0:0:0:0:0:0:1],在[2025-03-20 21:50:47],访问了[com.nowcoder.community.service.MessageService.findNoticeUnreadCount].
2025-03-20 21:50:47,229 INFO [http-nio-8080-exec-7] c.n.c.a.ServiceLogAspect [ServiceLogAspect.java:39] 用户[0:0:0:0:0:0:0:1],在[2025-03-20 21:50:47],访问了[com.nowcoder.community.service.MessageService.findLetterUnreadCount].
2025-03-20 21:50:47,231 INFO [http-nio-8080-exec-7] c.n.c.a.ServiceLogAspect [ServiceLogAspect.java:39] 用户[0:0:0:0:0:0:0:1],在[2025-03-20 21:50:47],访问了[com.nowcoder.community.service.MessageService.findNoticeUnreadCount].
2025-03-20 21:50:49,384 INFO [http-nio-8080-exec-2] c.n.c.a.ServiceLogAspect [ServiceLogAspect.java:39] 用户[0:0:0:0:0:0:0:1],在[2025-03-20 21:50:49],访问了[com.nowcoder.community.service.UserService.findLoginTicket].
2025-03-20 21:50:49,385 INFO [http-nio-8080-exec-2] c.n.c.a.ServiceLogAspect [ServiceLogAspect.java:39] 用户[0:0:0:0:0:0:0:1],在[2025-03-20 21:50:49],访问了[com.nowcoder.community.service.UserService.findUserById].
2025-03-20 21:50:49,387 INFO [http-nio-8080-exec-2] c.n.c.a.ServiceLogAspect [ServiceLogAspect.java:39] 用户[0:0:0:0:0:0:0:1],在[2025-03-20 21:50:49],访问了[com.nowcoder.community.service.MessageService.findNoticeCount].
2025-03-20 21:50:49,389 INFO [http-nio-8080-exec-2] c.n.c.a.ServiceLogAspect [ServiceLogAspect.java:39] 用户[0:0:0:0:0:0:0:1],在[2025-03-20 21:50:49],访问了[com.nowcoder.community.service.MessageService.findNotices].
2025-03-20 21:50:49,391 INFO [http-nio-8080-exec-2] c.n.c.a.ServiceLogAspect [ServiceLogAspect.java:39] 用户[0:0:0:0:0:0:0:1],在[2025-03-20 21:50:49],访问了[com.nowcoder.community.service.UserService.findUserById].
2025-03-20 21:50:49,392 INFO [http-nio-8080-exec-2] c.n.c.a.ServiceLogAspect [ServiceLogAspect.java:39] 用户[0:0:0:0:0:0:0:1],在[2025-03-20 21:50:49],访问了[com.nowcoder.community.service.UserService.findUserById].
2025-03-20 21:50:49,393 INFO [http-nio-8080-exec-2] c.n.c.a.ServiceLogAspect [ServiceLogAspect.java:39] 用户[0:0:0:0:0:0:0:1],在[2025-03-20 21:50:49],访问了[com.nowcoder.community.service.UserService.findUserById].
2025-03-20 21:50:49,393 INFO [http-nio-8080-exec-2] c.n.c.a.ServiceLogAspect [ServiceLogAspect.java:39] 用户[0:0:0:0:0:0:0:1],在[2025-03-20 21:50:49],访问了[com.nowcoder.community.service.UserService.findUserById].
2025-03-20 21:50:49,394 INFO [http-nio-8080-exec-2] c.n.c.a.ServiceLogAspect [ServiceLogAspect.java:39] 用户[0:0:0:0:0:0:0:1],在[2025-03-20 21:50:49],访问了[com.nowcoder.community.service.UserService.findUserById].
2025-03-20 21:50:49,394 INFO [http-nio-8080-exec-2] c.n.c.a.ServiceLogAspect [ServiceLogAspect.java:39] 用户[0:0:0:0:0:0:0:1],在[2025-03-20 21:50:49],访问了[com.nowcoder.community.service.UserService.findUserById].
2025-03-20 21:50:49,394 INFO [http-nio-8080-exec-2] c.n.c.a.ServiceLogAspect [ServiceLogAspect.java:39] 用户[0:0:0:0:0:0:0:1],在[2025-03-20 21:50:49],访问了[com.nowcoder.community.service.UserService.findUserById].
2025-03-20 21:50:49,395 INFO [http-nio-8080-exec-2] c.n.c.a.ServiceLogAspect [ServiceLogAspect.java:39] 用户[0:0:0:0:0:0:0:1],在[2025-03-20 21:50:49],访问了[com.nowcoder.community.service.UserService.findUserById].
2025-03-20 21:50:49,395 INFO [http-nio-8080-exec-2] c.n.c.a.ServiceLogAspect [ServiceLogAspect.java:39] 用户[0:0:0:0:0:0:0:1],在[2025-03-20 21:50:49],访问了[com.nowcoder.community.service.UserService.findUserById].
2025-03-20 21:50:49,395 INFO [http-nio-8080-exec-2] c.n.c.a.ServiceLogAspect [ServiceLogAspect.java:39] 用户[0:0:0:0:0:0:0:1],在[2025-03-20 21:50:49],访问了[com.nowcoder.community.service.UserService.findUserById].
2025-03-20 21:50:50,575 INFO [http-nio-8080-exec-8] c.n.c.a.ServiceLogAspect [ServiceLogAspect.java:39] 用户[0:0:0:0:0:0:0:1],在[2025-03-20 21:50:50],访问了[com.nowcoder.community.service.UserService.findLoginTicket].
2025-03-20 21:50:50,577 INFO [http-nio-8080-exec-8] c.n.c.a.ServiceLogAspect [ServiceLogAspect.java:39] 用户[0:0:0:0:0:0:0:1],在[2025-03-20 21:50:50],访问了[com.nowcoder.community.service.UserService.findUserById].
2025-03-20 21:50:50,577 INFO [http-nio-8080-exec-8] c.n.c.a.ServiceLogAspect [ServiceLogAspect.java:39] 用户[0:0:0:0:0:0:0:1],在[2025-03-20 21:50:50],访问了[com.nowcoder.community.service.MessageService.findLatestNotice].
2025-03-20 21:50:50,580 INFO [http-nio-8080-exec-8] c.n.c.a.ServiceLogAspect [ServiceLogAspect.java:39] 用户[0:0:0:0:0:0:0:1],在[2025-03-20 21:50:50],访问了[com.nowcoder.community.service.UserService.findUserById].
2025-03-20 21:50:50,581 INFO [http-nio-8080-exec-8] c.n.c.a.ServiceLogAspect [ServiceLogAspect.java:39] 用户[0:0:0:0:0:0:0:1],在[2025-03-20 21:50:50],访问了[com.nowcoder.community.service.MessageService.findNoticeCount].
2025-03-20 21:50:50,582 INFO [http-nio-8080-exec-8] c.n.c.a.ServiceLogAspect [ServiceLogAspect.java:39] 用户[0:0:0:0:0:0:0:1],在[2025-03-20 21:50:50],访问了[com.nowcoder.community.service.MessageService.findNoticeUnreadCount].
2025-03-20 21:50:50,583 INFO [http-nio-8080-exec-8] c.n.c.a.ServiceLogAspect [ServiceLogAspect.java:39] 用户[0:0:0:0:0:0:0:1],在[2025-03-20 21:50:50],访问了[com.nowcoder.community.service.MessageService.findLatestNotice].
2025-03-20 21:50:50,595 INFO [http-nio-8080-exec-8] c.n.c.a.ServiceLogAspect [ServiceLogAspect.java:39] 用户[0:0:0:0:0:0:0:1],在[2025-03-20 21:50:50],访问了[com.nowcoder.community.service.UserService.findUserById].
2025-03-20 21:50:50,597 INFO [http-nio-8080-exec-8] c.n.c.a.ServiceLogAspect [ServiceLogAspect.java:39] 用户[0:0:0:0:0:0:0:1],在[2025-03-20 21:50:50],访问了[com.nowcoder.community.service.MessageService.findNoticeCount].
2025-03-20 21:50:50,608 INFO [http-nio-8080-exec-8] c.n.c.a.ServiceLogAspect [ServiceLogAspect.java:39] 用户[0:0:0:0:0:0:0:1],在[2025-03-20 21:50:50],访问了[com.nowcoder.community.service.MessageService.findNoticeUnreadCount].
2025-03-20 21:50:50,619 INFO [http-nio-8080-exec-8] c.n.c.a.ServiceLogAspect [ServiceLogAspect.java:39] 用户[0:0:0:0:0:0:0:1],在[2025-03-20 21:50:50],访问了[com.nowcoder.community.service.MessageService.findLatestNotice].
2025-03-20 21:50:50,629 INFO [http-nio-8080-exec-8] c.n.c.a.ServiceLogAspect [ServiceLogAspect.java:39] 用户[0:0:0:0:0:0:0:1],在[2025-03-20 21:50:50],访问了[com.nowcoder.community.service.UserService.findUserById].
2025-03-20 21:50:50,630 INFO [http-nio-8080-exec-8] c.n.c.a.ServiceLogAspect [ServiceLogAspect.java:39] 用户[0:0:0:0:0:0:0:1],在[2025-03-20 21:50:50],访问了[com.nowcoder.community.service.MessageService.findNoticeCount].
2025-03-20 21:50:50,637 INFO [http-nio-8080-exec-8] c.n.c.a.ServiceLogAspect [ServiceLogAspect.java:39] 用户[0:0:0:0:0:0:0:1],在[2025-03-20 21:50:50],访问了[com.nowcoder.community.service.MessageService.findNoticeUnreadCount].
2025-03-20 21:50:50,645 INFO [http-nio-8080-exec-8] c.n.c.a.ServiceLogAspect [ServiceLogAspect.java:39] 用户[0:0:0:0:0:0:0:1],在[2025-03-20 21:50:50],访问了[com.nowcoder.community.service.MessageService.findLetterUnreadCount].
2025-03-20 21:50:50,646 INFO [http-nio-8080-exec-8] c.n.c.a.ServiceLogAspect [ServiceLogAspect.java:39] 用户[0:0:0:0:0:0:0:1],在[2025-03-20 21:50:50],访问了[com.nowcoder.community.service.MessageService.findNoticeUnreadCount].
2025-03-20 21:50:52,455 INFO [http-nio-8080-exec-10] c.n.c.a.ServiceLogAspect [ServiceLogAspect.java:39] 用户[0:0:0:0:0:0:0:1],在[2025-03-20 21:50:52],访问了[com.nowcoder.community.service.UserService.findLoginTicket].
2025-03-20 21:50:52,457 INFO [http-nio-8080-exec-10] c.n.c.a.ServiceLogAspect [ServiceLogAspect.java:39] 用户[0:0:0:0:0:0:0:1],在[2025-03-20 21:50:52],访问了[com.nowcoder.community.service.UserService.findUserById].
2025-03-20 21:50:52,457 INFO [http-nio-8080-exec-10] c.n.c.a.ServiceLogAspect [ServiceLogAspect.java:39] 用户[0:0:0:0:0:0:0:1],在[2025-03-20 21:50:52],访问了[com.nowcoder.community.service.MessageService.findNoticeCount].
2025-03-20 21:50:52,460 INFO [http-nio-8080-exec-10] c.n.c.a.ServiceLogAspect [ServiceLogAspect.java:39] 用户[0:0:0:0:0:0:0:1],在[2025-03-20 21:50:52],访问了[com.nowcoder.community.service.MessageService.findNotices].
2025-03-20 21:50:52,465 INFO [http-nio-8080-exec-10] c.n.c.a.ServiceLogAspect [ServiceLogAspect.java:39] 用户[0:0:0:0:0:0:0:1],在[2025-03-20 21:50:52],访问了[com.nowcoder.community.service.UserService.findUserById].
2025-03-20 21:50:52,466 INFO [http-nio-8080-exec-10] c.n.c.a.ServiceLogAspect [ServiceLogAspect.java:39] 用户[0:0:0:0:0:0:0:1],在[2025-03-20 21:50:52],访问了[com.nowcoder.community.service.UserService.findUserById].
2025-03-20 21:50:52,466 INFO [http-nio-8080-exec-10] c.n.c.a.ServiceLogAspect [ServiceLogAspect.java:39] 用户[0:0:0:0:0:0:0:1],在[2025-03-20 21:50:52],访问了[com.nowcoder.community.service.UserService.findUserById].
2025-03-20 21:50:52,467 INFO [http-nio-8080-exec-10] c.n.c.a.ServiceLogAspect [ServiceLogAspect.java:39] 用户[0:0:0:0:0:0:0:1],在[2025-03-20 21:50:52],访问了[com.nowcoder.community.service.UserService.findUserById].
2025-03-20 21:50:52,467 INFO [http-nio-8080-exec-10] c.n.c.a.ServiceLogAspect [ServiceLogAspect.java:39] 用户[0:0:0:0:0:0:0:1],在[2025-03-20 21:50:52],访问了[com.nowcoder.community.service.UserService.findUserById].
2025-03-20 21:50:52,467 INFO [http-nio-8080-exec-10] c.n.c.a.ServiceLogAspect [ServiceLogAspect.java:39] 用户[0:0:0:0:0:0:0:1],在[2025-03-20 21:50:52],访问了[com.nowcoder.community.service.UserService.findUserById].
2025-03-20 21:50:52,467 INFO [http-nio-8080-exec-10] c.n.c.a.ServiceLogAspect [ServiceLogAspect.java:39] 用户[0:0:0:0:0:0:0:1],在[2025-03-20 21:50:52],访问了[com.nowcoder.community.service.UserService.findUserById].
2025-03-20 21:50:52,469 INFO [http-nio-8080-exec-10] c.n.c.a.ServiceLogAspect [ServiceLogAspect.java:39] 用户[0:0:0:0:0:0:0:1],在[2025-03-20 21:50:52],访问了[com.nowcoder.community.service.UserService.findUserById].
2025-03-20 21:50:52,469 INFO [http-nio-8080-exec-10] c.n.c.a.ServiceLogAspect [ServiceLogAspect.java:39] 用户[0:0:0:0:0:0:0:1],在[2025-03-20 21:50:52],访问了[com.nowcoder.community.service.UserService.findUserById].
2025-03-20 21:50:52,470 INFO [http-nio-8080-exec-10] c.n.c.a.ServiceLogAspect [ServiceLogAspect.java:39] 用户[0:0:0:0:0:0:0:1],在[2025-03-20 21:50:52],访问了[com.nowcoder.community.service.UserService.findUserById].
2025-03-20 21:50:53,644 INFO [http-nio-8080-exec-6] c.n.c.a.ServiceLogAspect [ServiceLogAspect.java:39] 用户[0:0:0:0:0:0:0:1],在[2025-03-20 21:50:53],访问了[com.nowcoder.community.service.UserService.findLoginTicket].
2025-03-20 21:50:53,646 INFO [http-nio-8080-exec-6] c.n.c.a.ServiceLogAspect [ServiceLogAspect.java:39] 用户[0:0:0:0:0:0:0:1],在[2025-03-20 21:50:53],访问了[com.nowcoder.community.service.UserService.findUserById].
2025-03-20 21:50:53,647 INFO [http-nio-8080-exec-6] c.n.c.a.ServiceLogAspect [ServiceLogAspect.java:39] 用户[0:0:0:0:0:0:0:1],在[2025-03-20 21:50:53],访问了[com.nowcoder.community.service.MessageService.findLatestNotice].
2025-03-20 21:50:53,650 INFO [http-nio-8080-exec-6] c.n.c.a.ServiceLogAspect [ServiceLogAspect.java:39] 用户[0:0:0:0:0:0:0:1],在[2025-03-20 21:50:53],访问了[com.nowcoder.community.service.UserService.findUserById].
2025-03-20 21:50:53,651 INFO [http-nio-8080-exec-6] c.n.c.a.ServiceLogAspect [ServiceLogAspect.java:39] 用户[0:0:0:0:0:0:0:1],在[2025-03-20 21:50:53],访问了[com.nowcoder.community.service.MessageService.findNoticeCount].
2025-03-20 21:50:53,652 INFO [http-nio-8080-exec-6] c.n.c.a.ServiceLogAspect [ServiceLogAspect.java:39] 用户[0:0:0:0:0:0:0:1],在[2025-03-20 21:50:53],访问了[com.nowcoder.community.service.MessageService.findNoticeUnreadCount].
2025-03-20 21:50:53,652 INFO [http-nio-8080-exec-6] c.n.c.a.ServiceLogAspect [ServiceLogAspect.java:39] 用户[0:0:0:0:0:0:0:1],在[2025-03-20 21:50:53],访问了[com.nowcoder.community.service.MessageService.findLatestNotice].
2025-03-20 21:50:53,664 INFO [http-nio-8080-exec-6] c.n.c.a.ServiceLogAspect [ServiceLogAspect.java:39] 用户[0:0:0:0:0:0:0:1],在[2025-03-20 21:50:53],访问了[com.nowcoder.community.service.UserService.findUserById].
2025-03-20 21:50:53,665 INFO [http-nio-8080-exec-6] c.n.c.a.ServiceLogAspect [ServiceLogAspect.java:39] 用户[0:0:0:0:0:0:0:1],在[2025-03-20 21:50:53],访问了[com.nowcoder.community.service.MessageService.findNoticeCount].
2025-03-20 21:50:53,675 INFO [http-nio-8080-exec-6] c.n.c.a.ServiceLogAspect [ServiceLogAspect.java:39] 用户[0:0:0:0:0:0:0:1],在[2025-03-20 21:50:53],访问了[com.nowcoder.community.service.MessageService.findNoticeUnreadCount].
2025-03-20 21:50:53,688 INFO [http-nio-8080-exec-6] c.n.c.a.ServiceLogAspect [ServiceLogAspect.java:39] 用户[0:0:0:0:0:0:0:1],在[2025-03-20 21:50:53],访问了[com.nowcoder.community.service.MessageService.findLatestNotice].
2025-03-20 21:50:53,696 INFO [http-nio-8080-exec-6] c.n.c.a.ServiceLogAspect [ServiceLogAspect.java:39] 用户[0:0:0:0:0:0:0:1],在[2025-03-20 21:50:53],访问了[com.nowcoder.community.service.UserService.findUserById].
2025-03-20 21:50:53,697 INFO [http-nio-8080-exec-6] c.n.c.a.ServiceLogAspect [ServiceLogAspect.java:39] 用户[0:0:0:0:0:0:0:1],在[2025-03-20 21:50:53],访问了[com.nowcoder.community.service.MessageService.findNoticeCount].
2025-03-20 21:50:53,705 INFO [http-nio-8080-exec-6] c.n.c.a.ServiceLogAspect [ServiceLogAspect.java:39] 用户[0:0:0:0:0:0:0:1],在[2025-03-20 21:50:53],访问了[com.nowcoder.community.service.MessageService.findNoticeUnreadCount].
2025-03-20 21:50:53,714 INFO [http-nio-8080-exec-6] c.n.c.a.ServiceLogAspect [ServiceLogAspect.java:39] 用户[0:0:0:0:0:0:0:1],在[2025-03-20 21:50:53],访问了[com.nowcoder.community.service.MessageService.findLetterUnreadCount].
2025-03-20 21:50:53,715 INFO [http-nio-8080-exec-6] c.n.c.a.ServiceLogAspect [ServiceLogAspect.java:39] 用户[0:0:0:0:0:0:0:1],在[2025-03-20 21:50:53],访问了[com.nowcoder.community.service.MessageService.findNoticeUnreadCount].
2025-03-20 21:55:07,070 INFO [org.springframework.kafka.KafkaListenerEndpointContainer#0-0-C-1] o.a.k.c.c.i.ConsumerRebalanceListenerInvoker [ConsumerRebalanceListenerInvoker.java:79] [Consumer clientId=consumer-test-consumer-group-1, groupId=test-consumer-group] Revoke previously assigned partitions comment-0, follow-0, like-0
2025-03-20 21:55:07,071 INFO [org.springframework.kafka.KafkaListenerEndpointContainer#0-0-C-1] o.s.k.l.KafkaMessageListenerContainer [LogAccessor.java:292] test-consumer-group: partitions revoked: [comment-0, follow-0, like-0]
2025-03-20 21:55:07,071 INFO [org.springframework.kafka.KafkaListenerEndpointContainer#0-0-C-1] o.a.k.c.c.i.ConsumerCoordinator [AbstractCoordinator.java:1173] [Consumer clientId=consumer-test-consumer-group-1, groupId=test-consumer-group] Member consumer-test-consumer-group-1-b8c79aa9-0a9e-46af-91d4-189769650512 sending LeaveGroup request to coordinator 10.99.237.116:9092 (id: 2147483647 rack: null) due to the consumer unsubscribed from all topics
2025-03-20 21:55:07,072 INFO [org.springframework.kafka.KafkaListenerEndpointContainer#0-0-C-1] o.a.k.c.c.i.ConsumerCoordinator [AbstractCoordinator.java:1055] [Consumer clientId=consumer-test-consumer-group-1, groupId=test-consumer-group] Resetting generation and member id due to: consumer pro-actively leaving the group
2025-03-20 21:55:07,072 INFO [org.springframework.kafka.KafkaListenerEndpointContainer#0-0-C-1] o.a.k.c.c.i.ConsumerCoordinator [AbstractCoordinator.java:1102] [Consumer clientId=consumer-test-consumer-group-1, groupId=test-consumer-group] Request joining group due to: consumer pro-actively leaving the group
2025-03-20 21:55:07,072 INFO [org.springframework.kafka.KafkaListenerEndpointContainer#0-0-C-1] o.a.k.c.c.i.LegacyKafkaConsumer [LegacyKafkaConsumer.java:547] [Consumer clientId=consumer-test-consumer-group-1, groupId=test-consumer-group] Unsubscribed all topics or patterns and assigned partitions
2025-03-20 21:55:07,073 INFO [org.springframework.kafka.KafkaListenerEndpointContainer#0-0-C-1] o.a.k.c.c.i.ConsumerCoordinator [AbstractCoordinator.java:1055] [Consumer clientId=consumer-test-consumer-group-1, groupId=test-consumer-group] Resetting generation and member id due to: consumer pro-actively leaving the group
2025-03-20 21:55:07,073 INFO [org.springframework.kafka.KafkaListenerEndpointContainer#0-0-C-1] o.a.k.c.c.i.ConsumerCoordinator [AbstractCoordinator.java:1102] [Consumer clientId=consumer-test-consumer-group-1, groupId=test-consumer-group] Request joining group due to: consumer pro-actively leaving the group
2025-03-20 21:55:07,175 INFO [org.springframework.kafka.KafkaListenerEndpointContainer#0-0-C-1] o.a.k.c.m.Metrics [Metrics.java:684] Metrics scheduler closed
2025-03-20 21:55:07,176 INFO [org.springframework.kafka.KafkaListenerEndpointContainer#0-0-C-1] o.a.k.c.m.Metrics [Metrics.java:688] Closing reporter org.apache.kafka.common.metrics.JmxReporter
2025-03-20 21:55:07,176 INFO [org.springframework.kafka.KafkaListenerEndpointContainer#0-0-C-1] o.a.k.c.m.Metrics [Metrics.java:688] Closing reporter org.apache.kafka.common.telemetry.internals.ClientTelemetryReporter
2025-03-20 21:55:07,176 INFO [org.springframework.kafka.KafkaListenerEndpointContainer#0-0-C-1] o.a.k.c.m.Metrics [Metrics.java:694] Metrics reporters closed
2025-03-20 21:55:07,181 INFO [org.springframework.kafka.KafkaListenerEndpointContainer#0-0-C-1] o.a.k.c.u.AppInfoParser [AppInfoParser.java:88] App info kafka.consumer for consumer-test-consumer-group-1 unregistered
2025-03-20 21:55:07,181 INFO [org.springframework.kafka.KafkaListenerEndpointContainer#0-0-C-1] o.s.k.l.KafkaMessageListenerContainer [LogAccessor.java:292] test-consumer-group: Consumer stopped
2025-03-20 21:55:07,183 INFO [SpringApplicationShutdownHook] o.s.b.w.e.t.GracefulShutdown [GracefulShutdown.java:54] Commencing graceful shutdown. Waiting for active requests to complete
2025-03-20 21:55:07,301 INFO [tomcat-shutdown] o.s.b.w.e.t.GracefulShutdown [GracefulShutdown.java:76] Graceful shutdown complete
2025-03-20 21:55:07,322 INFO [SpringApplicationShutdownHook] c.z.h.HikariDataSource [HikariDataSource.java:349] HikariPool-1 - Shutdown initiated...
2025-03-20 21:55:07,329 INFO [SpringApplicationShutdownHook] c.z.h.HikariDataSource [HikariDataSource.java:351] HikariPool-1 - Shutdown completed.
2025-03-20 22:00:08,505 INFO [restartedMain] c.n.c.CommunityApplication [StartupInfoLogger.java:53] Starting CommunityApplication using Java 17.0.10 with PID 23036 (E:\javacode\workspace4vscode\nk\community\community\target\classes started by 40782 in E:\javacode\workspace4vscode\nk\community)
2025-03-20 22:00:08,509 INFO [restartedMain] c.n.c.CommunityApplication [SpringApplication.java:652] No active profile set, falling back to 1 default profile: "default"
2025-03-20 22:00:08,548 INFO [restartedMain] o.s.b.d.e.DevToolsPropertyDefaultsPostProcessor [DeferredLog.java:252] Devtools property defaults active! Set 'spring.devtools.add-properties' to 'false' to disable
2025-03-20 22:00:08,548 INFO [restartedMain] o.s.b.d.e.DevToolsPropertyDefaultsPostProcessor [DeferredLog.java:252] For additional web related logging consider setting the 'logging.level.web' property to 'DEBUG'
2025-03-20 22:00:09,376 INFO [restartedMain] o.s.d.r.c.RepositoryConfigurationDelegate [RepositoryConfigurationDelegate.java:295] Multiple Spring Data modules found, entering strict repository configuration mode
2025-03-20 22:00:09,379 INFO [restartedMain] o.s.d.r.c.RepositoryConfigurationDelegate [RepositoryConfigurationDelegate.java:143] Bootstrapping Spring Data Redis repositories in DEFAULT mode.
2025-03-20 22:00:09,411 INFO [restartedMain] o.s.d.r.c.RepositoryConfigurationDelegate [RepositoryConfigurationDelegate.java:211] Finished Spring Data repository scanning in 16 ms. Found 0 Redis repository interfaces.
2025-03-20 22:00:10,333 INFO [restartedMain] o.s.b.w.e.t.TomcatWebServer [TomcatWebServer.java:111] Tomcat initialized with port 8080 (http)
2025-03-20 22:00:10,347 INFO [restartedMain] o.a.c.h.Http11NioProtocol [DirectJDKLog.java:173] Initializing ProtocolHandler ["http-nio-8080"]
2025-03-20 22:00:10,349 INFO [restartedMain] o.a.c.c.StandardService [DirectJDKLog.java:173] Starting service [Tomcat]
2025-03-20 22:00:10,349 INFO [restartedMain] o.a.c.c.StandardEngine [DirectJDKLog.java:173] Starting Servlet engine: [Apache Tomcat/10.1.34]
2025-03-20 22:00:10,443 INFO [restartedMain] o.a.c.c.C.[.[.[/community] [DirectJDKLog.java:173] Initializing Spring embedded WebApplicationContext
2025-03-20 22:00:10,444 INFO [restartedMain] o.s.b.w.s.c.ServletWebServerApplicationContext [ServletWebServerApplicationContext.java:296] Root WebApplicationContext: initialization completed in 1896 ms
2025-03-20 22:00:11,345 INFO [restartedMain] o.s.b.a.w.s.WelcomePageHandlerMapping [WelcomePageHandlerMapping.java:59] Adding welcome page template: index
2025-03-20 22:00:11,963 INFO [restartedMain] o.s.b.d.a.OptionalLiveReloadServer [OptionalLiveReloadServer.java:59] LiveReload server is running on port 35729
2025-03-20 22:00:12,014 INFO [restartedMain] o.a.c.h.Http11NioProtocol [DirectJDKLog.java:173] Starting ProtocolHandler ["http-nio-8080"]
2025-03-20 22:00:12,038 INFO [restartedMain] o.s.b.w.e.t.TomcatWebServer [TomcatWebServer.java:243] Tomcat started on port 8080 (http) with context path '/community'
2025-03-20 22:00:12,074 INFO [restartedMain] o.a.k.c.c.ConsumerConfig [AbstractConfig.java:372] ConsumerConfig values: 
	allow.auto.create.topics = true
	auto.commit.interval.ms = 3000
	auto.include.jmx.reporter = true
	auto.offset.reset = latest
	bootstrap.servers = [localhost:9092]
	check.crcs = true
	client.dns.lookup = use_all_dns_ips
	client.id = consumer-test-consumer-group-1
	client.rack = 
	connections.max.idle.ms = 540000
	default.api.timeout.ms = 60000
	enable.auto.commit = true
	enable.metrics.push = true
	exclude.internal.topics = true
	fetch.max.bytes = 52428800
	fetch.max.wait.ms = 500
	fetch.min.bytes = 1
	group.id = test-consumer-group
	group.instance.id = null
	group.protocol = classic
	group.remote.assignor = null
	heartbeat.interval.ms = 3000
	interceptor.classes = []
	internal.leave.group.on.close = true
	internal.throw.on.fetch.stable.offset.unsupported = false
	isolation.level = read_uncommitted
	key.deserializer = class org.apache.kafka.common.serialization.StringDeserializer
	max.partition.fetch.bytes = 1048576
	max.poll.interval.ms = 300000
	max.poll.records = 500
	metadata.max.age.ms = 300000
	metadata.recovery.strategy = none
	metric.reporters = []
	metrics.num.samples = 2
	metrics.recording.level = INFO
	metrics.sample.window.ms = 30000
	partition.assignment.strategy = [class org.apache.kafka.clients.consumer.RangeAssignor, class org.apache.kafka.clients.consumer.CooperativeStickyAssignor]
	receive.buffer.bytes = 65536
	reconnect.backoff.max.ms = 1000
	reconnect.backoff.ms = 50
	request.timeout.ms = 30000
	retry.backoff.max.ms = 1000
	retry.backoff.ms = 100
	sasl.client.callback.handler.class = null
	sasl.jaas.config = null
	sasl.kerberos.kinit.cmd = /usr/bin/kinit
	sasl.kerberos.min.time.before.relogin = 60000
	sasl.kerberos.service.name = null
	sasl.kerberos.ticket.renew.jitter = 0.05
	sasl.kerberos.ticket.renew.window.factor = 0.8
	sasl.login.callback.handler.class = null
	sasl.login.class = null
	sasl.login.connect.timeout.ms = null
	sasl.login.read.timeout.ms = null
	sasl.login.refresh.buffer.seconds = 300
	sasl.login.refresh.min.period.seconds = 60
	sasl.login.refresh.window.factor = 0.8
	sasl.login.refresh.window.jitter = 0.05
	sasl.login.retry.backoff.max.ms = 10000
	sasl.login.retry.backoff.ms = 100
	sasl.mechanism = GSSAPI
	sasl.oauthbearer.clock.skew.seconds = 30
	sasl.oauthbearer.expected.audience = null
	sasl.oauthbearer.expected.issuer = null
	sasl.oauthbearer.jwks.endpoint.refresh.ms = 3600000
	sasl.oauthbearer.jwks.endpoint.retry.backoff.max.ms = 10000
	sasl.oauthbearer.jwks.endpoint.retry.backoff.ms = 100
	sasl.oauthbearer.jwks.endpoint.url = null
	sasl.oauthbearer.scope.claim.name = scope
	sasl.oauthbearer.sub.claim.name = sub
	sasl.oauthbearer.token.endpoint.url = null
	security.protocol = PLAINTEXT
	security.providers = null
	send.buffer.bytes = 131072
	session.timeout.ms = 45000
	socket.connection.setup.timeout.max.ms = 30000
	socket.connection.setup.timeout.ms = 10000
	ssl.cipher.suites = null
	ssl.enabled.protocols = [TLSv1.2, TLSv1.3]
	ssl.endpoint.identification.algorithm = https
	ssl.engine.factory.class = null
	ssl.key.password = null
	ssl.keymanager.algorithm = SunX509
	ssl.keystore.certificate.chain = null
	ssl.keystore.key = null
	ssl.keystore.location = null
	ssl.keystore.password = null
	ssl.keystore.type = JKS
	ssl.protocol = TLSv1.3
	ssl.provider = null
	ssl.secure.random.implementation = null
	ssl.trustmanager.algorithm = PKIX
	ssl.truststore.certificates = null
	ssl.truststore.location = null
	ssl.truststore.password = null
	ssl.truststore.type = JKS
	value.deserializer = class org.apache.kafka.common.serialization.StringDeserializer

2025-03-20 22:00:12,118 INFO [restartedMain] o.a.k.c.t.i.KafkaMetricsCollector [KafkaMetricsCollector.java:269] initializing Kafka metrics collector
2025-03-20 22:00:12,200 INFO [restartedMain] o.a.k.c.u.AppInfoParser [AppInfoParser.java:124] Kafka version: 3.8.1
2025-03-20 22:00:12,201 INFO [restartedMain] o.a.k.c.u.AppInfoParser [AppInfoParser.java:125] Kafka commitId: 70d6ff42debf7e17
2025-03-20 22:00:12,202 INFO [restartedMain] o.a.k.c.u.AppInfoParser [AppInfoParser.java:126] Kafka startTimeMs: 1742479212198
2025-03-20 22:00:12,205 INFO [restartedMain] o.a.k.c.c.i.LegacyKafkaConsumer [LegacyKafkaConsumer.java:476] [Consumer clientId=consumer-test-consumer-group-1, groupId=test-consumer-group] Subscribed to topic(s): comment, like, follow
2025-03-20 22:00:12,223 INFO [restartedMain] c.n.c.CommunityApplication [StartupInfoLogger.java:59] Started CommunityApplication in 4.224 seconds (process running for 5.057)
2025-03-20 22:00:12,558 INFO [org.springframework.kafka.KafkaListenerEndpointContainer#0-0-C-1] o.a.k.c.Metadata [Metadata.java:364] [Consumer clientId=consumer-test-consumer-group-1, groupId=test-consumer-group] Cluster ID: cahCa2tqRnq3OYXiEm_sPA
2025-03-20 22:00:12,559 INFO [org.springframework.kafka.KafkaListenerEndpointContainer#0-0-C-1] o.a.k.c.c.i.ConsumerCoordinator [AbstractCoordinator.java:936] [Consumer clientId=consumer-test-consumer-group-1, groupId=test-consumer-group] Discovered group coordinator 10.99.237.116:9092 (id: 2147483647 rack: null)
2025-03-20 22:00:12,564 INFO [org.springframework.kafka.KafkaListenerEndpointContainer#0-0-C-1] o.a.k.c.c.i.ConsumerCoordinator [AbstractCoordinator.java:604] [Consumer clientId=consumer-test-consumer-group-1, groupId=test-consumer-group] (Re-)joining group
2025-03-20 22:00:12,575 INFO [org.springframework.kafka.KafkaListenerEndpointContainer#0-0-C-1] o.a.k.c.c.i.ConsumerCoordinator [AbstractCoordinator.java:1102] [Consumer clientId=consumer-test-consumer-group-1, groupId=test-consumer-group] Request joining group due to: need to re-join with the given member-id: consumer-test-consumer-group-1-0f7c1a4e-9bc0-476c-b90b-d481daca5714
2025-03-20 22:00:12,577 INFO [org.springframework.kafka.KafkaListenerEndpointContainer#0-0-C-1] o.a.k.c.c.i.ConsumerCoordinator [AbstractCoordinator.java:604] [Consumer clientId=consumer-test-consumer-group-1, groupId=test-consumer-group] (Re-)joining group
2025-03-20 22:00:12,583 INFO [org.springframework.kafka.KafkaListenerEndpointContainer#0-0-C-1] o.a.k.c.c.i.ConsumerCoordinator [AbstractCoordinator.java:665] [Consumer clientId=consumer-test-consumer-group-1, groupId=test-consumer-group] Successfully joined group with generation Generation{generationId=11, memberId='consumer-test-consumer-group-1-0f7c1a4e-9bc0-476c-b90b-d481daca5714', protocol='range'}
2025-03-20 22:00:12,590 INFO [org.springframework.kafka.KafkaListenerEndpointContainer#0-0-C-1] o.a.k.c.c.i.ConsumerCoordinator [ConsumerCoordinator.java:663] [Consumer clientId=consumer-test-consumer-group-1, groupId=test-consumer-group] Finished assignment for group at generation 11: {consumer-test-consumer-group-1-0f7c1a4e-9bc0-476c-b90b-d481daca5714=Assignment(partitions=[like-0, comment-0, follow-0])}
2025-03-20 22:00:12,595 INFO [org.springframework.kafka.KafkaListenerEndpointContainer#0-0-C-1] o.a.k.c.c.i.ConsumerCoordinator [AbstractCoordinator.java:842] [Consumer clientId=consumer-test-consumer-group-1, groupId=test-consumer-group] Successfully synced group in generation Generation{generationId=11, memberId='consumer-test-consumer-group-1-0f7c1a4e-9bc0-476c-b90b-d481daca5714', protocol='range'}
2025-03-20 22:00:12,596 INFO [org.springframework.kafka.KafkaListenerEndpointContainer#0-0-C-1] o.a.k.c.c.i.ConsumerCoordinator [ConsumerCoordinator.java:323] [Consumer clientId=consumer-test-consumer-group-1, groupId=test-consumer-group] Notifying assignor about the new Assignment(partitions=[like-0, comment-0, follow-0])
2025-03-20 22:00:12,599 INFO [org.springframework.kafka.KafkaListenerEndpointContainer#0-0-C-1] o.a.k.c.c.i.ConsumerRebalanceListenerInvoker [ConsumerRebalanceListenerInvoker.java:57] [Consumer clientId=consumer-test-consumer-group-1, groupId=test-consumer-group] Adding newly assigned partitions: comment-0, follow-0, like-0
2025-03-20 22:00:12,605 INFO [org.springframework.kafka.KafkaListenerEndpointContainer#0-0-C-1] o.a.k.c.c.i.ConsumerUtils [ConsumerUtils.java:201] Setting offset for partition comment-0 to the committed offset FetchPosition{offset=2, offsetEpoch=Optional[0], currentLeader=LeaderAndEpoch{leader=Optional[10.99.237.116:9092 (id: 0 rack: null)], epoch=absent}}
2025-03-20 22:00:12,607 INFO [org.springframework.kafka.KafkaListenerEndpointContainer#0-0-C-1] o.a.k.c.c.i.ConsumerUtils [ConsumerUtils.java:201] Setting offset for partition like-0 to the committed offset FetchPosition{offset=0, offsetEpoch=Optional.empty, currentLeader=LeaderAndEpoch{leader=Optional[10.99.237.116:9092 (id: 0 rack: null)], epoch=absent}}
2025-03-20 22:00:12,607 INFO [org.springframework.kafka.KafkaListenerEndpointContainer#0-0-C-1] o.a.k.c.c.i.ConsumerUtils [ConsumerUtils.java:201] Setting offset for partition follow-0 to the committed offset FetchPosition{offset=0, offsetEpoch=Optional.empty, currentLeader=LeaderAndEpoch{leader=Optional[10.99.237.116:9092 (id: 0 rack: null)], epoch=absent}}
2025-03-20 22:00:12,608 INFO [org.springframework.kafka.KafkaListenerEndpointContainer#0-0-C-1] o.s.k.l.KafkaMessageListenerContainer [LogAccessor.java:292] test-consumer-group: partitions assigned: [comment-0, follow-0, like-0]
2025-03-20 22:00:17,281 INFO [http-nio-8080-exec-1] o.a.c.c.C.[.[.[/community] [DirectJDKLog.java:173] Initializing Spring DispatcherServlet 'dispatcherServlet'
2025-03-20 22:00:17,282 INFO [http-nio-8080-exec-1] o.s.w.s.DispatcherServlet [FrameworkServlet.java:532] Initializing Servlet 'dispatcherServlet'
2025-03-20 22:00:17,282 INFO [http-nio-8080-exec-1] o.s.w.s.DispatcherServlet [FrameworkServlet.java:554] Completed initialization in 0 ms
2025-03-20 22:00:17,311 INFO [http-nio-8080-exec-1] c.n.c.a.ServiceLogAspect [ServiceLogAspect.java:39] 用户[0:0:0:0:0:0:0:1],在[2025-03-20 22:00:17],访问了[com.nowcoder.community.service.UserService.findLoginTicket].
2025-03-20 22:00:17,866 INFO [http-nio-8080-exec-1] c.n.c.a.ServiceLogAspect [ServiceLogAspect.java:39] 用户[0:0:0:0:0:0:0:1],在[2025-03-20 22:00:17],访问了[com.nowcoder.community.service.UserService.findUserById].
2025-03-20 22:00:17,881 INFO [http-nio-8080-exec-1] c.n.c.a.ServiceLogAspect [ServiceLogAspect.java:39] 用户[0:0:0:0:0:0:0:1],在[2025-03-20 22:00:17],访问了[com.nowcoder.community.service.MessageService.findLatestNotice].
2025-03-20 22:00:17,895 INFO [http-nio-8080-exec-1] c.z.h.HikariDataSource [HikariDataSource.java:109] HikariPool-1 - Starting...
2025-03-20 22:00:18,052 INFO [http-nio-8080-exec-1] c.z.h.p.HikariPool [HikariPool.java:554] HikariPool-1 - Added connection com.mysql.cj.jdbc.ConnectionImpl@6461c8ff
2025-03-20 22:00:18,054 INFO [http-nio-8080-exec-1] c.z.h.HikariDataSource [HikariDataSource.java:122] HikariPool-1 - Start completed.
2025-03-20 22:00:18,195 INFO [http-nio-8080-exec-1] c.n.c.a.ServiceLogAspect [ServiceLogAspect.java:39] 用户[0:0:0:0:0:0:0:1],在[2025-03-20 22:00:18],访问了[com.nowcoder.community.service.UserService.findUserById].
2025-03-20 22:00:18,197 INFO [http-nio-8080-exec-1] c.n.c.a.ServiceLogAspect [ServiceLogAspect.java:39] 用户[0:0:0:0:0:0:0:1],在[2025-03-20 22:00:18],访问了[com.nowcoder.community.service.MessageService.findNoticeCount].
2025-03-20 22:00:18,202 INFO [http-nio-8080-exec-1] c.n.c.a.ServiceLogAspect [ServiceLogAspect.java:39] 用户[0:0:0:0:0:0:0:1],在[2025-03-20 22:00:18],访问了[com.nowcoder.community.service.MessageService.findNoticeUnreadCount].
2025-03-20 22:00:18,224 INFO [http-nio-8080-exec-1] c.n.c.a.ServiceLogAspect [ServiceLogAspect.java:39] 用户[0:0:0:0:0:0:0:1],在[2025-03-20 22:00:18],访问了[com.nowcoder.community.service.MessageService.findLatestNotice].
2025-03-20 22:00:18,238 INFO [http-nio-8080-exec-1] c.n.c.a.ServiceLogAspect [ServiceLogAspect.java:39] 用户[0:0:0:0:0:0:0:1],在[2025-03-20 22:00:18],访问了[com.nowcoder.community.service.UserService.findUserById].
2025-03-20 22:00:18,240 INFO [http-nio-8080-exec-1] c.n.c.a.ServiceLogAspect [ServiceLogAspect.java:39] 用户[0:0:0:0:0:0:0:1],在[2025-03-20 22:00:18],访问了[com.nowcoder.community.service.MessageService.findNoticeCount].
2025-03-20 22:00:18,253 INFO [http-nio-8080-exec-1] c.n.c.a.ServiceLogAspect [ServiceLogAspect.java:39] 用户[0:0:0:0:0:0:0:1],在[2025-03-20 22:00:18],访问了[com.nowcoder.community.service.MessageService.findNoticeUnreadCount].
2025-03-20 22:00:18,265 INFO [http-nio-8080-exec-1] c.n.c.a.ServiceLogAspect [ServiceLogAspect.java:39] 用户[0:0:0:0:0:0:0:1],在[2025-03-20 22:00:18],访问了[com.nowcoder.community.service.MessageService.findLatestNotice].
2025-03-20 22:00:18,274 INFO [http-nio-8080-exec-1] c.n.c.a.ServiceLogAspect [ServiceLogAspect.java:39] 用户[0:0:0:0:0:0:0:1],在[2025-03-20 22:00:18],访问了[com.nowcoder.community.service.UserService.findUserById].
2025-03-20 22:00:18,276 INFO [http-nio-8080-exec-1] c.n.c.a.ServiceLogAspect [ServiceLogAspect.java:39] 用户[0:0:0:0:0:0:0:1],在[2025-03-20 22:00:18],访问了[com.nowcoder.community.service.MessageService.findNoticeCount].
2025-03-20 22:00:18,285 INFO [http-nio-8080-exec-1] c.n.c.a.ServiceLogAspect [ServiceLogAspect.java:39] 用户[0:0:0:0:0:0:0:1],在[2025-03-20 22:00:18],访问了[com.nowcoder.community.service.MessageService.findNoticeUnreadCount].
2025-03-20 22:00:18,295 INFO [http-nio-8080-exec-1] c.n.c.a.ServiceLogAspect [ServiceLogAspect.java:39] 用户[0:0:0:0:0:0:0:1],在[2025-03-20 22:00:18],访问了[com.nowcoder.community.service.MessageService.findLetterUnreadCount].
2025-03-20 22:00:18,297 INFO [http-nio-8080-exec-1] c.n.c.a.ServiceLogAspect [ServiceLogAspect.java:39] 用户[0:0:0:0:0:0:0:1],在[2025-03-20 22:00:18],访问了[com.nowcoder.community.service.MessageService.findNoticeUnreadCount].
2025-03-20 22:00:20,744 INFO [http-nio-8080-exec-5] c.n.c.a.ServiceLogAspect [ServiceLogAspect.java:39] 用户[0:0:0:0:0:0:0:1],在[2025-03-20 22:00:20],访问了[com.nowcoder.community.service.UserService.findLoginTicket].
2025-03-20 22:00:20,746 INFO [http-nio-8080-exec-5] c.n.c.a.ServiceLogAspect [ServiceLogAspect.java:39] 用户[0:0:0:0:0:0:0:1],在[2025-03-20 22:00:20],访问了[com.nowcoder.community.service.UserService.findUserById].
2025-03-20 22:00:20,758 INFO [http-nio-8080-exec-5] c.n.c.a.ServiceLogAspect [ServiceLogAspect.java:39] 用户[0:0:0:0:0:0:0:1],在[2025-03-20 22:00:20],访问了[com.nowcoder.community.service.MessageService.findConversationCount].
2025-03-20 22:00:20,768 INFO [http-nio-8080-exec-5] c.n.c.a.ServiceLogAspect [ServiceLogAspect.java:39] 用户[0:0:0:0:0:0:0:1],在[2025-03-20 22:00:20],访问了[com.nowcoder.community.service.MessageService.findConversations].
2025-03-20 22:00:20,778 INFO [http-nio-8080-exec-5] c.n.c.a.ServiceLogAspect [ServiceLogAspect.java:39] 用户[0:0:0:0:0:0:0:1],在[2025-03-20 22:00:20],访问了[com.nowcoder.community.service.MessageService.findLetterCount].
2025-03-20 22:00:20,780 INFO [http-nio-8080-exec-5] c.n.c.a.ServiceLogAspect [ServiceLogAspect.java:39] 用户[0:0:0:0:0:0:0:1],在[2025-03-20 22:00:20],访问了[com.nowcoder.community.service.MessageService.findLetterUnreadCount].
2025-03-20 22:00:20,787 INFO [http-nio-8080-exec-5] c.n.c.a.ServiceLogAspect [ServiceLogAspect.java:39] 用户[0:0:0:0:0:0:0:1],在[2025-03-20 22:00:20],访问了[com.nowcoder.community.service.UserService.findUserById].
2025-03-20 22:00:20,789 INFO [http-nio-8080-exec-5] c.n.c.a.ServiceLogAspect [ServiceLogAspect.java:39] 用户[0:0:0:0:0:0:0:1],在[2025-03-20 22:00:20],访问了[com.nowcoder.community.service.MessageService.findLetterCount].
2025-03-20 22:00:20,792 INFO [http-nio-8080-exec-5] c.n.c.a.ServiceLogAspect [ServiceLogAspect.java:39] 用户[0:0:0:0:0:0:0:1],在[2025-03-20 22:00:20],访问了[com.nowcoder.community.service.MessageService.findLetterUnreadCount].
2025-03-20 22:00:20,800 INFO [http-nio-8080-exec-5] c.n.c.a.ServiceLogAspect [ServiceLogAspect.java:39] 用户[0:0:0:0:0:0:0:1],在[2025-03-20 22:00:20],访问了[com.nowcoder.community.service.UserService.findUserById].
2025-03-20 22:00:20,802 INFO [http-nio-8080-exec-5] c.n.c.a.ServiceLogAspect [ServiceLogAspect.java:39] 用户[0:0:0:0:0:0:0:1],在[2025-03-20 22:00:20],访问了[com.nowcoder.community.service.MessageService.findLetterCount].
2025-03-20 22:00:20,803 INFO [http-nio-8080-exec-5] c.n.c.a.ServiceLogAspect [ServiceLogAspect.java:39] 用户[0:0:0:0:0:0:0:1],在[2025-03-20 22:00:20],访问了[com.nowcoder.community.service.MessageService.findLetterUnreadCount].
2025-03-20 22:00:20,804 INFO [http-nio-8080-exec-5] c.n.c.a.ServiceLogAspect [ServiceLogAspect.java:39] 用户[0:0:0:0:0:0:0:1],在[2025-03-20 22:00:20],访问了[com.nowcoder.community.service.UserService.findUserById].
2025-03-20 22:00:20,805 INFO [http-nio-8080-exec-5] c.n.c.a.ServiceLogAspect [ServiceLogAspect.java:39] 用户[0:0:0:0:0:0:0:1],在[2025-03-20 22:00:20],访问了[com.nowcoder.community.service.MessageService.findLetterCount].
2025-03-20 22:00:20,807 INFO [http-nio-8080-exec-5] c.n.c.a.ServiceLogAspect [ServiceLogAspect.java:39] 用户[0:0:0:0:0:0:0:1],在[2025-03-20 22:00:20],访问了[com.nowcoder.community.service.MessageService.findLetterUnreadCount].
2025-03-20 22:00:20,815 INFO [http-nio-8080-exec-5] c.n.c.a.ServiceLogAspect [ServiceLogAspect.java:39] 用户[0:0:0:0:0:0:0:1],在[2025-03-20 22:00:20],访问了[com.nowcoder.community.service.UserService.findUserById].
2025-03-20 22:00:20,816 INFO [http-nio-8080-exec-5] c.n.c.a.ServiceLogAspect [ServiceLogAspect.java:39] 用户[0:0:0:0:0:0:0:1],在[2025-03-20 22:00:20],访问了[com.nowcoder.community.service.MessageService.findLetterCount].
2025-03-20 22:00:20,817 INFO [http-nio-8080-exec-5] c.n.c.a.ServiceLogAspect [ServiceLogAspect.java:39] 用户[0:0:0:0:0:0:0:1],在[2025-03-20 22:00:20],访问了[com.nowcoder.community.service.MessageService.findLetterUnreadCount].
2025-03-20 22:00:20,825 INFO [http-nio-8080-exec-5] c.n.c.a.ServiceLogAspect [ServiceLogAspect.java:39] 用户[0:0:0:0:0:0:0:1],在[2025-03-20 22:00:20],访问了[com.nowcoder.community.service.UserService.findUserById].
2025-03-20 22:00:20,827 INFO [http-nio-8080-exec-5] c.n.c.a.ServiceLogAspect [ServiceLogAspect.java:39] 用户[0:0:0:0:0:0:0:1],在[2025-03-20 22:00:20],访问了[com.nowcoder.community.service.MessageService.findLetterUnreadCount].
2025-03-20 22:00:22,079 INFO [http-nio-8080-exec-10] c.n.c.a.ServiceLogAspect [ServiceLogAspect.java:39] 用户[0:0:0:0:0:0:0:1],在[2025-03-20 22:00:22],访问了[com.nowcoder.community.service.UserService.findLoginTicket].
2025-03-20 22:00:22,080 INFO [http-nio-8080-exec-10] c.n.c.a.ServiceLogAspect [ServiceLogAspect.java:39] 用户[0:0:0:0:0:0:0:1],在[2025-03-20 22:00:22],访问了[com.nowcoder.community.service.UserService.findUserById].
2025-03-20 22:00:22,081 INFO [http-nio-8080-exec-10] c.n.c.a.ServiceLogAspect [ServiceLogAspect.java:39] 用户[0:0:0:0:0:0:0:1],在[2025-03-20 22:00:22],访问了[com.nowcoder.community.service.MessageService.findLatestNotice].
2025-03-20 22:00:22,085 INFO [http-nio-8080-exec-10] c.n.c.a.ServiceLogAspect [ServiceLogAspect.java:39] 用户[0:0:0:0:0:0:0:1],在[2025-03-20 22:00:22],访问了[com.nowcoder.community.service.UserService.findUserById].
2025-03-20 22:00:22,086 INFO [http-nio-8080-exec-10] c.n.c.a.ServiceLogAspect [ServiceLogAspect.java:39] 用户[0:0:0:0:0:0:0:1],在[2025-03-20 22:00:22],访问了[com.nowcoder.community.service.MessageService.findNoticeCount].
2025-03-20 22:00:22,087 INFO [http-nio-8080-exec-10] c.n.c.a.ServiceLogAspect [ServiceLogAspect.java:39] 用户[0:0:0:0:0:0:0:1],在[2025-03-20 22:00:22],访问了[com.nowcoder.community.service.MessageService.findNoticeUnreadCount].
2025-03-20 22:00:22,089 INFO [http-nio-8080-exec-10] c.n.c.a.ServiceLogAspect [ServiceLogAspect.java:39] 用户[0:0:0:0:0:0:0:1],在[2025-03-20 22:00:22],访问了[com.nowcoder.community.service.MessageService.findLatestNotice].
2025-03-20 22:00:22,100 INFO [http-nio-8080-exec-10] c.n.c.a.ServiceLogAspect [ServiceLogAspect.java:39] 用户[0:0:0:0:0:0:0:1],在[2025-03-20 22:00:22],访问了[com.nowcoder.community.service.UserService.findUserById].
2025-03-20 22:00:22,101 INFO [http-nio-8080-exec-10] c.n.c.a.ServiceLogAspect [ServiceLogAspect.java:39] 用户[0:0:0:0:0:0:0:1],在[2025-03-20 22:00:22],访问了[com.nowcoder.community.service.MessageService.findNoticeCount].
2025-03-20 22:00:22,113 INFO [http-nio-8080-exec-10] c.n.c.a.ServiceLogAspect [ServiceLogAspect.java:39] 用户[0:0:0:0:0:0:0:1],在[2025-03-20 22:00:22],访问了[com.nowcoder.community.service.MessageService.findNoticeUnreadCount].
2025-03-20 22:00:22,123 INFO [http-nio-8080-exec-10] c.n.c.a.ServiceLogAspect [ServiceLogAspect.java:39] 用户[0:0:0:0:0:0:0:1],在[2025-03-20 22:00:22],访问了[com.nowcoder.community.service.MessageService.findLatestNotice].
2025-03-20 22:00:22,131 INFO [http-nio-8080-exec-10] c.n.c.a.ServiceLogAspect [ServiceLogAspect.java:39] 用户[0:0:0:0:0:0:0:1],在[2025-03-20 22:00:22],访问了[com.nowcoder.community.service.UserService.findUserById].
2025-03-20 22:00:22,132 INFO [http-nio-8080-exec-10] c.n.c.a.ServiceLogAspect [ServiceLogAspect.java:39] 用户[0:0:0:0:0:0:0:1],在[2025-03-20 22:00:22],访问了[com.nowcoder.community.service.MessageService.findNoticeCount].
2025-03-20 22:00:22,141 INFO [http-nio-8080-exec-10] c.n.c.a.ServiceLogAspect [ServiceLogAspect.java:39] 用户[0:0:0:0:0:0:0:1],在[2025-03-20 22:00:22],访问了[com.nowcoder.community.service.MessageService.findNoticeUnreadCount].
2025-03-20 22:00:22,148 INFO [http-nio-8080-exec-10] c.n.c.a.ServiceLogAspect [ServiceLogAspect.java:39] 用户[0:0:0:0:0:0:0:1],在[2025-03-20 22:00:22],访问了[com.nowcoder.community.service.MessageService.findLetterUnreadCount].
2025-03-20 22:00:22,151 INFO [http-nio-8080-exec-10] c.n.c.a.ServiceLogAspect [ServiceLogAspect.java:39] 用户[0:0:0:0:0:0:0:1],在[2025-03-20 22:00:22],访问了[com.nowcoder.community.service.MessageService.findNoticeUnreadCount].
2025-03-20 22:00:25,086 INFO [http-nio-8080-exec-4] c.n.c.a.ServiceLogAspect [ServiceLogAspect.java:39] 用户[0:0:0:0:0:0:0:1],在[2025-03-20 22:00:25],访问了[com.nowcoder.community.service.UserService.findLoginTicket].
2025-03-20 22:00:25,087 INFO [http-nio-8080-exec-4] c.n.c.a.ServiceLogAspect [ServiceLogAspect.java:39] 用户[0:0:0:0:0:0:0:1],在[2025-03-20 22:00:25],访问了[com.nowcoder.community.service.UserService.findUserById].
2025-03-20 22:00:25,088 INFO [http-nio-8080-exec-4] c.n.c.a.ServiceLogAspect [ServiceLogAspect.java:39] 用户[0:0:0:0:0:0:0:1],在[2025-03-20 22:00:25],访问了[com.nowcoder.community.service.MessageService.findConversationCount].
2025-03-20 22:00:25,098 INFO [http-nio-8080-exec-4] c.n.c.a.ServiceLogAspect [ServiceLogAspect.java:39] 用户[0:0:0:0:0:0:0:1],在[2025-03-20 22:00:25],访问了[com.nowcoder.community.service.MessageService.findConversations].
2025-03-20 22:00:25,108 INFO [http-nio-8080-exec-4] c.n.c.a.ServiceLogAspect [ServiceLogAspect.java:39] 用户[0:0:0:0:0:0:0:1],在[2025-03-20 22:00:25],访问了[com.nowcoder.community.service.MessageService.findLetterCount].
2025-03-20 22:00:25,109 INFO [http-nio-8080-exec-4] c.n.c.a.ServiceLogAspect [ServiceLogAspect.java:39] 用户[0:0:0:0:0:0:0:1],在[2025-03-20 22:00:25],访问了[com.nowcoder.community.service.MessageService.findLetterUnreadCount].
2025-03-20 22:00:25,118 INFO [http-nio-8080-exec-4] c.n.c.a.ServiceLogAspect [ServiceLogAspect.java:39] 用户[0:0:0:0:0:0:0:1],在[2025-03-20 22:00:25],访问了[com.nowcoder.community.service.UserService.findUserById].
2025-03-20 22:00:25,120 INFO [http-nio-8080-exec-4] c.n.c.a.ServiceLogAspect [ServiceLogAspect.java:39] 用户[0:0:0:0:0:0:0:1],在[2025-03-20 22:00:25],访问了[com.nowcoder.community.service.MessageService.findLetterCount].
2025-03-20 22:00:25,122 INFO [http-nio-8080-exec-4] c.n.c.a.ServiceLogAspect [ServiceLogAspect.java:39] 用户[0:0:0:0:0:0:0:1],在[2025-03-20 22:00:25],访问了[com.nowcoder.community.service.MessageService.findLetterUnreadCount].
2025-03-20 22:00:25,130 INFO [http-nio-8080-exec-4] c.n.c.a.ServiceLogAspect [ServiceLogAspect.java:39] 用户[0:0:0:0:0:0:0:1],在[2025-03-20 22:00:25],访问了[com.nowcoder.community.service.UserService.findUserById].
2025-03-20 22:00:25,132 INFO [http-nio-8080-exec-4] c.n.c.a.ServiceLogAspect [ServiceLogAspect.java:39] 用户[0:0:0:0:0:0:0:1],在[2025-03-20 22:00:25],访问了[com.nowcoder.community.service.MessageService.findLetterCount].
2025-03-20 22:00:25,133 INFO [http-nio-8080-exec-4] c.n.c.a.ServiceLogAspect [ServiceLogAspect.java:39] 用户[0:0:0:0:0:0:0:1],在[2025-03-20 22:00:25],访问了[com.nowcoder.community.service.MessageService.findLetterUnreadCount].
2025-03-20 22:00:25,134 INFO [http-nio-8080-exec-4] c.n.c.a.ServiceLogAspect [ServiceLogAspect.java:39] 用户[0:0:0:0:0:0:0:1],在[2025-03-20 22:00:25],访问了[com.nowcoder.community.service.UserService.findUserById].
2025-03-20 22:00:25,135 INFO [http-nio-8080-exec-4] c.n.c.a.ServiceLogAspect [ServiceLogAspect.java:39] 用户[0:0:0:0:0:0:0:1],在[2025-03-20 22:00:25],访问了[com.nowcoder.community.service.MessageService.findLetterCount].
2025-03-20 22:00:25,136 INFO [http-nio-8080-exec-4] c.n.c.a.ServiceLogAspect [ServiceLogAspect.java:39] 用户[0:0:0:0:0:0:0:1],在[2025-03-20 22:00:25],访问了[com.nowcoder.community.service.MessageService.findLetterUnreadCount].
2025-03-20 22:00:25,143 INFO [http-nio-8080-exec-4] c.n.c.a.ServiceLogAspect [ServiceLogAspect.java:39] 用户[0:0:0:0:0:0:0:1],在[2025-03-20 22:00:25],访问了[com.nowcoder.community.service.UserService.findUserById].
2025-03-20 22:00:25,144 INFO [http-nio-8080-exec-4] c.n.c.a.ServiceLogAspect [ServiceLogAspect.java:39] 用户[0:0:0:0:0:0:0:1],在[2025-03-20 22:00:25],访问了[com.nowcoder.community.service.MessageService.findLetterCount].
2025-03-20 22:00:25,146 INFO [http-nio-8080-exec-4] c.n.c.a.ServiceLogAspect [ServiceLogAspect.java:39] 用户[0:0:0:0:0:0:0:1],在[2025-03-20 22:00:25],访问了[com.nowcoder.community.service.MessageService.findLetterUnreadCount].
2025-03-20 22:00:25,153 INFO [http-nio-8080-exec-4] c.n.c.a.ServiceLogAspect [ServiceLogAspect.java:39] 用户[0:0:0:0:0:0:0:1],在[2025-03-20 22:00:25],访问了[com.nowcoder.community.service.UserService.findUserById].
2025-03-20 22:00:25,155 INFO [http-nio-8080-exec-4] c.n.c.a.ServiceLogAspect [ServiceLogAspect.java:39] 用户[0:0:0:0:0:0:0:1],在[2025-03-20 22:00:25],访问了[com.nowcoder.community.service.MessageService.findLetterUnreadCount].
2025-03-20 22:01:42,235 INFO [http-nio-8080-exec-3] c.n.c.a.ServiceLogAspect [ServiceLogAspect.java:39] 用户[0:0:0:0:0:0:0:1],在[2025-03-20 22:01:42],访问了[com.nowcoder.community.service.UserService.findLoginTicket].
2025-03-20 22:01:42,236 INFO [http-nio-8080-exec-3] c.n.c.a.ServiceLogAspect [ServiceLogAspect.java:39] 用户[0:0:0:0:0:0:0:1],在[2025-03-20 22:01:42],访问了[com.nowcoder.community.service.UserService.findUserById].
2025-03-20 22:01:42,237 INFO [http-nio-8080-exec-3] c.n.c.a.ServiceLogAspect [ServiceLogAspect.java:39] 用户[0:0:0:0:0:0:0:1],在[2025-03-20 22:01:42],访问了[com.nowcoder.community.service.MessageService.findLatestNotice].
2025-03-20 22:01:42,240 INFO [http-nio-8080-exec-3] c.n.c.a.ServiceLogAspect [ServiceLogAspect.java:39] 用户[0:0:0:0:0:0:0:1],在[2025-03-20 22:01:42],访问了[com.nowcoder.community.service.UserService.findUserById].
2025-03-20 22:01:42,242 INFO [http-nio-8080-exec-3] c.n.c.a.ServiceLogAspect [ServiceLogAspect.java:39] 用户[0:0:0:0:0:0:0:1],在[2025-03-20 22:01:42],访问了[com.nowcoder.community.service.MessageService.findNoticeCount].
2025-03-20 22:01:42,243 INFO [http-nio-8080-exec-3] c.n.c.a.ServiceLogAspect [ServiceLogAspect.java:39] 用户[0:0:0:0:0:0:0:1],在[2025-03-20 22:01:42],访问了[com.nowcoder.community.service.MessageService.findNoticeUnreadCount].
2025-03-20 22:01:42,244 INFO [http-nio-8080-exec-3] c.n.c.a.ServiceLogAspect [ServiceLogAspect.java:39] 用户[0:0:0:0:0:0:0:1],在[2025-03-20 22:01:42],访问了[com.nowcoder.community.service.MessageService.findLatestNotice].
2025-03-20 22:01:42,256 INFO [http-nio-8080-exec-3] c.n.c.a.ServiceLogAspect [ServiceLogAspect.java:39] 用户[0:0:0:0:0:0:0:1],在[2025-03-20 22:01:42],访问了[com.nowcoder.community.service.UserService.findUserById].
2025-03-20 22:01:42,257 INFO [http-nio-8080-exec-3] c.n.c.a.ServiceLogAspect [ServiceLogAspect.java:39] 用户[0:0:0:0:0:0:0:1],在[2025-03-20 22:01:42],访问了[com.nowcoder.community.service.MessageService.findNoticeCount].
2025-03-20 22:01:42,268 INFO [http-nio-8080-exec-3] c.n.c.a.ServiceLogAspect [ServiceLogAspect.java:39] 用户[0:0:0:0:0:0:0:1],在[2025-03-20 22:01:42],访问了[com.nowcoder.community.service.MessageService.findNoticeUnreadCount].
2025-03-20 22:01:42,280 INFO [http-nio-8080-exec-3] c.n.c.a.ServiceLogAspect [ServiceLogAspect.java:39] 用户[0:0:0:0:0:0:0:1],在[2025-03-20 22:01:42],访问了[com.nowcoder.community.service.MessageService.findLatestNotice].
2025-03-20 22:01:42,290 INFO [http-nio-8080-exec-3] c.n.c.a.ServiceLogAspect [ServiceLogAspect.java:39] 用户[0:0:0:0:0:0:0:1],在[2025-03-20 22:01:42],访问了[com.nowcoder.community.service.UserService.findUserById].
2025-03-20 22:01:42,291 INFO [http-nio-8080-exec-3] c.n.c.a.ServiceLogAspect [ServiceLogAspect.java:39] 用户[0:0:0:0:0:0:0:1],在[2025-03-20 22:01:42],访问了[com.nowcoder.community.service.MessageService.findNoticeCount].
2025-03-20 22:01:42,300 INFO [http-nio-8080-exec-3] c.n.c.a.ServiceLogAspect [ServiceLogAspect.java:39] 用户[0:0:0:0:0:0:0:1],在[2025-03-20 22:01:42],访问了[com.nowcoder.community.service.MessageService.findNoticeUnreadCount].
2025-03-20 22:01:42,308 INFO [http-nio-8080-exec-3] c.n.c.a.ServiceLogAspect [ServiceLogAspect.java:39] 用户[0:0:0:0:0:0:0:1],在[2025-03-20 22:01:42],访问了[com.nowcoder.community.service.MessageService.findLetterUnreadCount].
2025-03-20 22:01:42,310 INFO [http-nio-8080-exec-3] c.n.c.a.ServiceLogAspect [ServiceLogAspect.java:39] 用户[0:0:0:0:0:0:0:1],在[2025-03-20 22:01:42],访问了[com.nowcoder.community.service.MessageService.findNoticeUnreadCount].
2025-03-20 22:01:43,469 INFO [http-nio-8080-exec-7] c.n.c.a.ServiceLogAspect [ServiceLogAspect.java:39] 用户[0:0:0:0:0:0:0:1],在[2025-03-20 22:01:43],访问了[com.nowcoder.community.service.UserService.findLoginTicket].
2025-03-20 22:01:43,470 INFO [http-nio-8080-exec-7] c.n.c.a.ServiceLogAspect [ServiceLogAspect.java:39] 用户[0:0:0:0:0:0:0:1],在[2025-03-20 22:01:43],访问了[com.nowcoder.community.service.UserService.findUserById].
2025-03-20 22:01:43,473 INFO [http-nio-8080-exec-7] c.n.c.a.ServiceLogAspect [ServiceLogAspect.java:39] 用户[0:0:0:0:0:0:0:1],在[2025-03-20 22:01:43],访问了[com.nowcoder.community.service.DiscussPostService.findDiscussPostRows].
2025-03-20 22:01:43,476 INFO [http-nio-8080-exec-7] c.n.c.a.ServiceLogAspect [ServiceLogAspect.java:39] 用户[0:0:0:0:0:0:0:1],在[2025-03-20 22:01:43],访问了[com.nowcoder.community.service.DiscussPostService.findDiscussPosts].
2025-03-20 22:01:43,478 INFO [http-nio-8080-exec-7] c.n.c.a.ServiceLogAspect [ServiceLogAspect.java:39] 用户[0:0:0:0:0:0:0:1],在[2025-03-20 22:01:43],访问了[com.nowcoder.community.service.UserService.findUserById].
2025-03-20 22:01:43,480 INFO [http-nio-8080-exec-7] c.n.c.a.ServiceLogAspect [ServiceLogAspect.java:39] 用户[0:0:0:0:0:0:0:1],在[2025-03-20 22:01:43],访问了[com.nowcoder.community.service.LikeService.findEntityLikeCount].
2025-03-20 22:01:43,481 INFO [http-nio-8080-exec-7] c.n.c.a.ServiceLogAspect [ServiceLogAspect.java:39] 用户[0:0:0:0:0:0:0:1],在[2025-03-20 22:01:43],访问了[com.nowcoder.community.service.UserService.findUserById].
2025-03-20 22:01:43,482 INFO [http-nio-8080-exec-7] c.n.c.a.ServiceLogAspect [ServiceLogAspect.java:39] 用户[0:0:0:0:0:0:0:1],在[2025-03-20 22:01:43],访问了[com.nowcoder.community.service.LikeService.findEntityLikeCount].
2025-03-20 22:01:43,482 INFO [http-nio-8080-exec-7] c.n.c.a.ServiceLogAspect [ServiceLogAspect.java:39] 用户[0:0:0:0:0:0:0:1],在[2025-03-20 22:01:43],访问了[com.nowcoder.community.service.UserService.findUserById].
2025-03-20 22:01:43,483 INFO [http-nio-8080-exec-7] c.n.c.a.ServiceLogAspect [ServiceLogAspect.java:39] 用户[0:0:0:0:0:0:0:1],在[2025-03-20 22:01:43],访问了[com.nowcoder.community.service.LikeService.findEntityLikeCount].
2025-03-20 22:01:43,483 INFO [http-nio-8080-exec-7] c.n.c.a.ServiceLogAspect [ServiceLogAspect.java:39] 用户[0:0:0:0:0:0:0:1],在[2025-03-20 22:01:43],访问了[com.nowcoder.community.service.UserService.findUserById].
2025-03-20 22:01:43,483 INFO [http-nio-8080-exec-7] c.n.c.a.ServiceLogAspect [ServiceLogAspect.java:39] 用户[0:0:0:0:0:0:0:1],在[2025-03-20 22:01:43],访问了[com.nowcoder.community.service.LikeService.findEntityLikeCount].
2025-03-20 22:01:43,483 INFO [http-nio-8080-exec-7] c.n.c.a.ServiceLogAspect [ServiceLogAspect.java:39] 用户[0:0:0:0:0:0:0:1],在[2025-03-20 22:01:43],访问了[com.nowcoder.community.service.UserService.findUserById].
2025-03-20 22:01:43,484 INFO [http-nio-8080-exec-7] c.n.c.a.ServiceLogAspect [ServiceLogAspect.java:39] 用户[0:0:0:0:0:0:0:1],在[2025-03-20 22:01:43],访问了[com.nowcoder.community.service.LikeService.findEntityLikeCount].
2025-03-20 22:01:43,484 INFO [http-nio-8080-exec-7] c.n.c.a.ServiceLogAspect [ServiceLogAspect.java:39] 用户[0:0:0:0:0:0:0:1],在[2025-03-20 22:01:43],访问了[com.nowcoder.community.service.UserService.findUserById].
2025-03-20 22:01:43,484 INFO [http-nio-8080-exec-7] c.n.c.a.ServiceLogAspect [ServiceLogAspect.java:39] 用户[0:0:0:0:0:0:0:1],在[2025-03-20 22:01:43],访问了[com.nowcoder.community.service.LikeService.findEntityLikeCount].
2025-03-20 22:01:43,485 INFO [http-nio-8080-exec-7] c.n.c.a.ServiceLogAspect [ServiceLogAspect.java:39] 用户[0:0:0:0:0:0:0:1],在[2025-03-20 22:01:43],访问了[com.nowcoder.community.service.UserService.findUserById].
2025-03-20 22:01:43,485 INFO [http-nio-8080-exec-7] c.n.c.a.ServiceLogAspect [ServiceLogAspect.java:39] 用户[0:0:0:0:0:0:0:1],在[2025-03-20 22:01:43],访问了[com.nowcoder.community.service.LikeService.findEntityLikeCount].
2025-03-20 22:01:43,485 INFO [http-nio-8080-exec-7] c.n.c.a.ServiceLogAspect [ServiceLogAspect.java:39] 用户[0:0:0:0:0:0:0:1],在[2025-03-20 22:01:43],访问了[com.nowcoder.community.service.UserService.findUserById].
2025-03-20 22:01:43,486 INFO [http-nio-8080-exec-7] c.n.c.a.ServiceLogAspect [ServiceLogAspect.java:39] 用户[0:0:0:0:0:0:0:1],在[2025-03-20 22:01:43],访问了[com.nowcoder.community.service.LikeService.findEntityLikeCount].
2025-03-20 22:01:43,486 INFO [http-nio-8080-exec-7] c.n.c.a.ServiceLogAspect [ServiceLogAspect.java:39] 用户[0:0:0:0:0:0:0:1],在[2025-03-20 22:01:43],访问了[com.nowcoder.community.service.UserService.findUserById].
2025-03-20 22:01:43,486 INFO [http-nio-8080-exec-7] c.n.c.a.ServiceLogAspect [ServiceLogAspect.java:39] 用户[0:0:0:0:0:0:0:1],在[2025-03-20 22:01:43],访问了[com.nowcoder.community.service.LikeService.findEntityLikeCount].
2025-03-20 22:01:43,487 INFO [http-nio-8080-exec-7] c.n.c.a.ServiceLogAspect [ServiceLogAspect.java:39] 用户[0:0:0:0:0:0:0:1],在[2025-03-20 22:01:43],访问了[com.nowcoder.community.service.UserService.findUserById].
2025-03-20 22:01:43,487 INFO [http-nio-8080-exec-7] c.n.c.a.ServiceLogAspect [ServiceLogAspect.java:39] 用户[0:0:0:0:0:0:0:1],在[2025-03-20 22:01:43],访问了[com.nowcoder.community.service.LikeService.findEntityLikeCount].
2025-03-20 22:01:44,885 INFO [http-nio-8080-exec-9] c.n.c.a.ServiceLogAspect [ServiceLogAspect.java:39] 用户[0:0:0:0:0:0:0:1],在[2025-03-20 22:01:44],访问了[com.nowcoder.community.service.UserService.findLoginTicket].
2025-03-20 22:01:44,886 INFO [http-nio-8080-exec-9] c.n.c.a.ServiceLogAspect [ServiceLogAspect.java:39] 用户[0:0:0:0:0:0:0:1],在[2025-03-20 22:01:44],访问了[com.nowcoder.community.service.UserService.findUserById].
2025-03-20 22:01:44,887 INFO [http-nio-8080-exec-9] c.n.c.a.ServiceLogAspect [ServiceLogAspect.java:39] 用户[0:0:0:0:0:0:0:1],在[2025-03-20 22:01:44],访问了[com.nowcoder.community.service.DiscussPostService.findDiscussPostRows].
2025-03-20 22:01:44,888 INFO [http-nio-8080-exec-9] c.n.c.a.ServiceLogAspect [ServiceLogAspect.java:39] 用户[0:0:0:0:0:0:0:1],在[2025-03-20 22:01:44],访问了[com.nowcoder.community.service.DiscussPostService.findDiscussPosts].
2025-03-20 22:01:44,892 INFO [http-nio-8080-exec-9] c.n.c.a.ServiceLogAspect [ServiceLogAspect.java:39] 用户[0:0:0:0:0:0:0:1],在[2025-03-20 22:01:44],访问了[com.nowcoder.community.service.UserService.findUserById].
2025-03-20 22:01:44,893 INFO [http-nio-8080-exec-9] c.n.c.a.ServiceLogAspect [ServiceLogAspect.java:39] 用户[0:0:0:0:0:0:0:1],在[2025-03-20 22:01:44],访问了[com.nowcoder.community.service.LikeService.findEntityLikeCount].
2025-03-20 22:01:44,893 INFO [http-nio-8080-exec-9] c.n.c.a.ServiceLogAspect [ServiceLogAspect.java:39] 用户[0:0:0:0:0:0:0:1],在[2025-03-20 22:01:44],访问了[com.nowcoder.community.service.UserService.findUserById].
2025-03-20 22:01:44,894 INFO [http-nio-8080-exec-9] c.n.c.a.ServiceLogAspect [ServiceLogAspect.java:39] 用户[0:0:0:0:0:0:0:1],在[2025-03-20 22:01:44],访问了[com.nowcoder.community.service.LikeService.findEntityLikeCount].
2025-03-20 22:01:44,894 INFO [http-nio-8080-exec-9] c.n.c.a.ServiceLogAspect [ServiceLogAspect.java:39] 用户[0:0:0:0:0:0:0:1],在[2025-03-20 22:01:44],访问了[com.nowcoder.community.service.UserService.findUserById].
2025-03-20 22:01:44,895 INFO [http-nio-8080-exec-9] c.n.c.a.ServiceLogAspect [ServiceLogAspect.java:39] 用户[0:0:0:0:0:0:0:1],在[2025-03-20 22:01:44],访问了[com.nowcoder.community.service.LikeService.findEntityLikeCount].
2025-03-20 22:01:44,895 INFO [http-nio-8080-exec-9] c.n.c.a.ServiceLogAspect [ServiceLogAspect.java:39] 用户[0:0:0:0:0:0:0:1],在[2025-03-20 22:01:44],访问了[com.nowcoder.community.service.UserService.findUserById].
2025-03-20 22:01:44,895 INFO [http-nio-8080-exec-9] c.n.c.a.ServiceLogAspect [ServiceLogAspect.java:39] 用户[0:0:0:0:0:0:0:1],在[2025-03-20 22:01:44],访问了[com.nowcoder.community.service.LikeService.findEntityLikeCount].
2025-03-20 22:01:44,895 INFO [http-nio-8080-exec-9] c.n.c.a.ServiceLogAspect [ServiceLogAspect.java:39] 用户[0:0:0:0:0:0:0:1],在[2025-03-20 22:01:44],访问了[com.nowcoder.community.service.UserService.findUserById].
2025-03-20 22:01:44,895 INFO [http-nio-8080-exec-9] c.n.c.a.ServiceLogAspect [ServiceLogAspect.java:39] 用户[0:0:0:0:0:0:0:1],在[2025-03-20 22:01:44],访问了[com.nowcoder.community.service.LikeService.findEntityLikeCount].
2025-03-20 22:01:44,897 INFO [http-nio-8080-exec-9] c.n.c.a.ServiceLogAspect [ServiceLogAspect.java:39] 用户[0:0:0:0:0:0:0:1],在[2025-03-20 22:01:44],访问了[com.nowcoder.community.service.UserService.findUserById].
2025-03-20 22:01:44,897 INFO [http-nio-8080-exec-9] c.n.c.a.ServiceLogAspect [ServiceLogAspect.java:39] 用户[0:0:0:0:0:0:0:1],在[2025-03-20 22:01:44],访问了[com.nowcoder.community.service.LikeService.findEntityLikeCount].
2025-03-20 22:01:44,898 INFO [http-nio-8080-exec-9] c.n.c.a.ServiceLogAspect [ServiceLogAspect.java:39] 用户[0:0:0:0:0:0:0:1],在[2025-03-20 22:01:44],访问了[com.nowcoder.community.service.UserService.findUserById].
2025-03-20 22:01:44,898 INFO [http-nio-8080-exec-9] c.n.c.a.ServiceLogAspect [ServiceLogAspect.java:39] 用户[0:0:0:0:0:0:0:1],在[2025-03-20 22:01:44],访问了[com.nowcoder.community.service.LikeService.findEntityLikeCount].
2025-03-20 22:01:44,898 INFO [http-nio-8080-exec-9] c.n.c.a.ServiceLogAspect [ServiceLogAspect.java:39] 用户[0:0:0:0:0:0:0:1],在[2025-03-20 22:01:44],访问了[com.nowcoder.community.service.UserService.findUserById].
2025-03-20 22:01:44,899 INFO [http-nio-8080-exec-9] c.n.c.a.ServiceLogAspect [ServiceLogAspect.java:39] 用户[0:0:0:0:0:0:0:1],在[2025-03-20 22:01:44],访问了[com.nowcoder.community.service.LikeService.findEntityLikeCount].
2025-03-20 22:01:44,899 INFO [http-nio-8080-exec-9] c.n.c.a.ServiceLogAspect [ServiceLogAspect.java:39] 用户[0:0:0:0:0:0:0:1],在[2025-03-20 22:01:44],访问了[com.nowcoder.community.service.UserService.findUserById].
2025-03-20 22:01:44,899 INFO [http-nio-8080-exec-9] c.n.c.a.ServiceLogAspect [ServiceLogAspect.java:39] 用户[0:0:0:0:0:0:0:1],在[2025-03-20 22:01:44],访问了[com.nowcoder.community.service.LikeService.findEntityLikeCount].
2025-03-20 22:01:44,900 INFO [http-nio-8080-exec-9] c.n.c.a.ServiceLogAspect [ServiceLogAspect.java:39] 用户[0:0:0:0:0:0:0:1],在[2025-03-20 22:01:44],访问了[com.nowcoder.community.service.UserService.findUserById].
2025-03-20 22:01:44,900 INFO [http-nio-8080-exec-9] c.n.c.a.ServiceLogAspect [ServiceLogAspect.java:39] 用户[0:0:0:0:0:0:0:1],在[2025-03-20 22:01:44],访问了[com.nowcoder.community.service.LikeService.findEntityLikeCount].
2025-03-20 22:02:02,223 INFO [http-nio-8080-exec-7] c.n.c.a.ServiceLogAspect [ServiceLogAspect.java:39] 用户[0:0:0:0:0:0:0:1],在[2025-03-20 22:02:02],访问了[com.nowcoder.community.service.UserService.findLoginTicket].
2025-03-20 22:02:02,224 INFO [http-nio-8080-exec-7] c.n.c.a.ServiceLogAspect [ServiceLogAspect.java:39] 用户[0:0:0:0:0:0:0:1],在[2025-03-20 22:02:02],访问了[com.nowcoder.community.service.UserService.findUserById].
2025-03-20 22:02:02,227 INFO [http-nio-8080-exec-7] c.n.c.a.ServiceLogAspect [ServiceLogAspect.java:39] 用户[0:0:0:0:0:0:0:1],在[2025-03-20 22:02:02],访问了[com.nowcoder.community.service.UserService.logout].
2025-03-20 22:02:02,259 INFO [http-nio-8080-exec-8] c.n.c.a.ServiceLogAspect [ServiceLogAspect.java:39] 用户[0:0:0:0:0:0:0:1],在[2025-03-20 22:02:02],访问了[com.nowcoder.community.service.UserService.findLoginTicket].
2025-03-20 22:02:02,321 INFO [http-nio-8080-exec-1] c.n.c.a.ServiceLogAspect [ServiceLogAspect.java:39] 用户[0:0:0:0:0:0:0:1],在[2025-03-20 22:02:02],访问了[com.nowcoder.community.service.UserService.findLoginTicket].
2025-03-20 22:02:08,404 INFO [http-nio-8080-exec-4] c.n.c.a.ServiceLogAspect [ServiceLogAspect.java:39] 用户[0:0:0:0:0:0:0:1],在[2025-03-20 22:02:08],访问了[com.nowcoder.community.service.UserService.findLoginTicket].
2025-03-20 22:02:08,414 INFO [http-nio-8080-exec-4] c.n.c.a.ServiceLogAspect [ServiceLogAspect.java:39] 用户[0:0:0:0:0:0:0:1],在[2025-03-20 22:02:08],访问了[com.nowcoder.community.service.UserService.login].
2025-03-20 22:02:08,428 INFO [http-nio-8080-exec-3] c.n.c.a.ServiceLogAspect [ServiceLogAspect.java:39] 用户[0:0:0:0:0:0:0:1],在[2025-03-20 22:02:08],访问了[com.nowcoder.community.service.UserService.findLoginTicket].
2025-03-20 22:02:08,429 INFO [http-nio-8080-exec-3] c.n.c.a.ServiceLogAspect [ServiceLogAspect.java:39] 用户[0:0:0:0:0:0:0:1],在[2025-03-20 22:02:08],访问了[com.nowcoder.community.service.UserService.findUserById].
2025-03-20 22:02:08,430 INFO [http-nio-8080-exec-3] c.n.c.a.ServiceLogAspect [ServiceLogAspect.java:39] 用户[0:0:0:0:0:0:0:1],在[2025-03-20 22:02:08],访问了[com.nowcoder.community.service.DiscussPostService.findDiscussPostRows].
2025-03-20 22:02:08,432 INFO [http-nio-8080-exec-3] c.n.c.a.ServiceLogAspect [ServiceLogAspect.java:39] 用户[0:0:0:0:0:0:0:1],在[2025-03-20 22:02:08],访问了[com.nowcoder.community.service.DiscussPostService.findDiscussPosts].
2025-03-20 22:02:08,434 INFO [http-nio-8080-exec-3] c.n.c.a.ServiceLogAspect [ServiceLogAspect.java:39] 用户[0:0:0:0:0:0:0:1],在[2025-03-20 22:02:08],访问了[com.nowcoder.community.service.UserService.findUserById].
2025-03-20 22:02:08,435 INFO [http-nio-8080-exec-3] c.n.c.a.ServiceLogAspect [ServiceLogAspect.java:39] 用户[0:0:0:0:0:0:0:1],在[2025-03-20 22:02:08],访问了[com.nowcoder.community.service.LikeService.findEntityLikeCount].
2025-03-20 22:02:08,435 INFO [http-nio-8080-exec-3] c.n.c.a.ServiceLogAspect [ServiceLogAspect.java:39] 用户[0:0:0:0:0:0:0:1],在[2025-03-20 22:02:08],访问了[com.nowcoder.community.service.UserService.findUserById].
2025-03-20 22:02:08,436 INFO [http-nio-8080-exec-3] c.n.c.a.ServiceLogAspect [ServiceLogAspect.java:39] 用户[0:0:0:0:0:0:0:1],在[2025-03-20 22:02:08],访问了[com.nowcoder.community.service.LikeService.findEntityLikeCount].
2025-03-20 22:02:08,436 INFO [http-nio-8080-exec-3] c.n.c.a.ServiceLogAspect [ServiceLogAspect.java:39] 用户[0:0:0:0:0:0:0:1],在[2025-03-20 22:02:08],访问了[com.nowcoder.community.service.UserService.findUserById].
2025-03-20 22:02:08,436 INFO [http-nio-8080-exec-3] c.n.c.a.ServiceLogAspect [ServiceLogAspect.java:39] 用户[0:0:0:0:0:0:0:1],在[2025-03-20 22:02:08],访问了[com.nowcoder.community.service.LikeService.findEntityLikeCount].
2025-03-20 22:02:08,437 INFO [http-nio-8080-exec-3] c.n.c.a.ServiceLogAspect [ServiceLogAspect.java:39] 用户[0:0:0:0:0:0:0:1],在[2025-03-20 22:02:08],访问了[com.nowcoder.community.service.UserService.findUserById].
2025-03-20 22:02:08,437 INFO [http-nio-8080-exec-3] c.n.c.a.ServiceLogAspect [ServiceLogAspect.java:39] 用户[0:0:0:0:0:0:0:1],在[2025-03-20 22:02:08],访问了[com.nowcoder.community.service.LikeService.findEntityLikeCount].
2025-03-20 22:02:08,437 INFO [http-nio-8080-exec-3] c.n.c.a.ServiceLogAspect [ServiceLogAspect.java:39] 用户[0:0:0:0:0:0:0:1],在[2025-03-20 22:02:08],访问了[com.nowcoder.community.service.UserService.findUserById].
2025-03-20 22:02:08,437 INFO [http-nio-8080-exec-3] c.n.c.a.ServiceLogAspect [ServiceLogAspect.java:39] 用户[0:0:0:0:0:0:0:1],在[2025-03-20 22:02:08],访问了[com.nowcoder.community.service.LikeService.findEntityLikeCount].
2025-03-20 22:02:08,438 INFO [http-nio-8080-exec-3] c.n.c.a.ServiceLogAspect [ServiceLogAspect.java:39] 用户[0:0:0:0:0:0:0:1],在[2025-03-20 22:02:08],访问了[com.nowcoder.community.service.UserService.findUserById].
2025-03-20 22:02:08,438 INFO [http-nio-8080-exec-3] c.n.c.a.ServiceLogAspect [ServiceLogAspect.java:39] 用户[0:0:0:0:0:0:0:1],在[2025-03-20 22:02:08],访问了[com.nowcoder.community.service.LikeService.findEntityLikeCount].
2025-03-20 22:02:08,438 INFO [http-nio-8080-exec-3] c.n.c.a.ServiceLogAspect [ServiceLogAspect.java:39] 用户[0:0:0:0:0:0:0:1],在[2025-03-20 22:02:08],访问了[com.nowcoder.community.service.UserService.findUserById].
2025-03-20 22:02:08,438 INFO [http-nio-8080-exec-3] c.n.c.a.ServiceLogAspect [ServiceLogAspect.java:39] 用户[0:0:0:0:0:0:0:1],在[2025-03-20 22:02:08],访问了[com.nowcoder.community.service.LikeService.findEntityLikeCount].
2025-03-20 22:02:08,439 INFO [http-nio-8080-exec-3] c.n.c.a.ServiceLogAspect [ServiceLogAspect.java:39] 用户[0:0:0:0:0:0:0:1],在[2025-03-20 22:02:08],访问了[com.nowcoder.community.service.UserService.findUserById].
2025-03-20 22:02:08,439 INFO [http-nio-8080-exec-3] c.n.c.a.ServiceLogAspect [ServiceLogAspect.java:39] 用户[0:0:0:0:0:0:0:1],在[2025-03-20 22:02:08],访问了[com.nowcoder.community.service.LikeService.findEntityLikeCount].
2025-03-20 22:02:08,440 INFO [http-nio-8080-exec-3] c.n.c.a.ServiceLogAspect [ServiceLogAspect.java:39] 用户[0:0:0:0:0:0:0:1],在[2025-03-20 22:02:08],访问了[com.nowcoder.community.service.UserService.findUserById].
2025-03-20 22:02:08,440 INFO [http-nio-8080-exec-3] c.n.c.a.ServiceLogAspect [ServiceLogAspect.java:39] 用户[0:0:0:0:0:0:0:1],在[2025-03-20 22:02:08],访问了[com.nowcoder.community.service.LikeService.findEntityLikeCount].
2025-03-20 22:02:08,440 INFO [http-nio-8080-exec-3] c.n.c.a.ServiceLogAspect [ServiceLogAspect.java:39] 用户[0:0:0:0:0:0:0:1],在[2025-03-20 22:02:08],访问了[com.nowcoder.community.service.UserService.findUserById].
2025-03-20 22:02:08,441 INFO [http-nio-8080-exec-3] c.n.c.a.ServiceLogAspect [ServiceLogAspect.java:39] 用户[0:0:0:0:0:0:0:1],在[2025-03-20 22:02:08],访问了[com.nowcoder.community.service.LikeService.findEntityLikeCount].
2025-03-20 22:02:11,033 INFO [http-nio-8080-exec-2] c.n.c.a.ServiceLogAspect [ServiceLogAspect.java:39] 用户[0:0:0:0:0:0:0:1],在[2025-03-20 22:02:11],访问了[com.nowcoder.community.service.UserService.findLoginTicket].
2025-03-20 22:02:11,034 INFO [http-nio-8080-exec-2] c.n.c.a.ServiceLogAspect [ServiceLogAspect.java:39] 用户[0:0:0:0:0:0:0:1],在[2025-03-20 22:02:11],访问了[com.nowcoder.community.service.UserService.findUserById].
2025-03-20 22:02:11,035 INFO [http-nio-8080-exec-2] c.n.c.a.ServiceLogAspect [ServiceLogAspect.java:39] 用户[0:0:0:0:0:0:0:1],在[2025-03-20 22:02:11],访问了[com.nowcoder.community.service.DiscussPostService.findDiscussPostById].
2025-03-20 22:02:11,038 INFO [http-nio-8080-exec-2] c.n.c.a.ServiceLogAspect [ServiceLogAspect.java:39] 用户[0:0:0:0:0:0:0:1],在[2025-03-20 22:02:11],访问了[com.nowcoder.community.service.UserService.findUserById].
2025-03-20 22:02:11,039 INFO [http-nio-8080-exec-2] c.n.c.a.ServiceLogAspect [ServiceLogAspect.java:39] 用户[0:0:0:0:0:0:0:1],在[2025-03-20 22:02:11],访问了[com.nowcoder.community.service.LikeService.findEntityLikeCount].
2025-03-20 22:02:11,039 INFO [http-nio-8080-exec-2] c.n.c.a.ServiceLogAspect [ServiceLogAspect.java:39] 用户[0:0:0:0:0:0:0:1],在[2025-03-20 22:02:11],访问了[com.nowcoder.community.service.LikeService.findEntityLikeStatus].
2025-03-20 22:02:11,040 INFO [http-nio-8080-exec-2] c.n.c.a.ServiceLogAspect [ServiceLogAspect.java:39] 用户[0:0:0:0:0:0:0:1],在[2025-03-20 22:02:11],访问了[com.nowcoder.community.service.CommentService.findCommentsByEntity].
2025-03-20 22:02:11,042 INFO [http-nio-8080-exec-2] c.n.c.a.ServiceLogAspect [ServiceLogAspect.java:39] 用户[0:0:0:0:0:0:0:1],在[2025-03-20 22:02:11],访问了[com.nowcoder.community.service.UserService.findUserById].
2025-03-20 22:02:11,043 INFO [http-nio-8080-exec-2] c.n.c.a.ServiceLogAspect [ServiceLogAspect.java:39] 用户[0:0:0:0:0:0:0:1],在[2025-03-20 22:02:11],访问了[com.nowcoder.community.service.LikeService.findEntityLikeCount].
2025-03-20 22:02:11,043 INFO [http-nio-8080-exec-2] c.n.c.a.ServiceLogAspect [ServiceLogAspect.java:39] 用户[0:0:0:0:0:0:0:1],在[2025-03-20 22:02:11],访问了[com.nowcoder.community.service.LikeService.findEntityLikeStatus].
2025-03-20 22:02:11,043 INFO [http-nio-8080-exec-2] c.n.c.a.ServiceLogAspect [ServiceLogAspect.java:39] 用户[0:0:0:0:0:0:0:1],在[2025-03-20 22:02:11],访问了[com.nowcoder.community.service.CommentService.findCommentsByEntity].
2025-03-20 22:02:11,045 INFO [http-nio-8080-exec-2] c.n.c.a.ServiceLogAspect [ServiceLogAspect.java:39] 用户[0:0:0:0:0:0:0:1],在[2025-03-20 22:02:11],访问了[com.nowcoder.community.service.UserService.findUserById].
2025-03-20 22:02:11,046 INFO [http-nio-8080-exec-2] c.n.c.a.ServiceLogAspect [ServiceLogAspect.java:39] 用户[0:0:0:0:0:0:0:1],在[2025-03-20 22:02:11],访问了[com.nowcoder.community.service.LikeService.findEntityLikeCount].
2025-03-20 22:02:11,046 INFO [http-nio-8080-exec-2] c.n.c.a.ServiceLogAspect [ServiceLogAspect.java:39] 用户[0:0:0:0:0:0:0:1],在[2025-03-20 22:02:11],访问了[com.nowcoder.community.service.LikeService.findEntityLikeStatus].
2025-03-20 22:02:11,047 INFO [http-nio-8080-exec-2] c.n.c.a.ServiceLogAspect [ServiceLogAspect.java:39] 用户[0:0:0:0:0:0:0:1],在[2025-03-20 22:02:11],访问了[com.nowcoder.community.service.UserService.findUserById].
2025-03-20 22:02:11,048 INFO [http-nio-8080-exec-2] c.n.c.a.ServiceLogAspect [ServiceLogAspect.java:39] 用户[0:0:0:0:0:0:0:1],在[2025-03-20 22:02:11],访问了[com.nowcoder.community.service.LikeService.findEntityLikeCount].
2025-03-20 22:02:11,048 INFO [http-nio-8080-exec-2] c.n.c.a.ServiceLogAspect [ServiceLogAspect.java:39] 用户[0:0:0:0:0:0:0:1],在[2025-03-20 22:02:11],访问了[com.nowcoder.community.service.LikeService.findEntityLikeStatus].
2025-03-20 22:02:11,048 INFO [http-nio-8080-exec-2] c.n.c.a.ServiceLogAspect [ServiceLogAspect.java:39] 用户[0:0:0:0:0:0:0:1],在[2025-03-20 22:02:11],访问了[com.nowcoder.community.service.CommentService.findCommentCount].
2025-03-20 22:02:11,050 INFO [http-nio-8080-exec-2] c.n.c.a.ServiceLogAspect [ServiceLogAspect.java:39] 用户[0:0:0:0:0:0:0:1],在[2025-03-20 22:02:11],访问了[com.nowcoder.community.service.UserService.findUserById].
2025-03-20 22:02:11,050 INFO [http-nio-8080-exec-2] c.n.c.a.ServiceLogAspect [ServiceLogAspect.java:39] 用户[0:0:0:0:0:0:0:1],在[2025-03-20 22:02:11],访问了[com.nowcoder.community.service.LikeService.findEntityLikeCount].
2025-03-20 22:02:11,051 INFO [http-nio-8080-exec-2] c.n.c.a.ServiceLogAspect [ServiceLogAspect.java:39] 用户[0:0:0:0:0:0:0:1],在[2025-03-20 22:02:11],访问了[com.nowcoder.community.service.LikeService.findEntityLikeStatus].
2025-03-20 22:02:11,051 INFO [http-nio-8080-exec-2] c.n.c.a.ServiceLogAspect [ServiceLogAspect.java:39] 用户[0:0:0:0:0:0:0:1],在[2025-03-20 22:02:11],访问了[com.nowcoder.community.service.CommentService.findCommentsByEntity].
2025-03-20 22:02:11,052 INFO [http-nio-8080-exec-2] c.n.c.a.ServiceLogAspect [ServiceLogAspect.java:39] 用户[0:0:0:0:0:0:0:1],在[2025-03-20 22:02:11],访问了[com.nowcoder.community.service.CommentService.findCommentCount].
2025-03-20 22:02:11,053 INFO [http-nio-8080-exec-2] c.n.c.a.ServiceLogAspect [ServiceLogAspect.java:39] 用户[0:0:0:0:0:0:0:1],在[2025-03-20 22:02:11],访问了[com.nowcoder.community.service.UserService.findUserById].
2025-03-20 22:02:11,054 INFO [http-nio-8080-exec-2] c.n.c.a.ServiceLogAspect [ServiceLogAspect.java:39] 用户[0:0:0:0:0:0:0:1],在[2025-03-20 22:02:11],访问了[com.nowcoder.community.service.LikeService.findEntityLikeCount].
2025-03-20 22:02:11,054 INFO [http-nio-8080-exec-2] c.n.c.a.ServiceLogAspect [ServiceLogAspect.java:39] 用户[0:0:0:0:0:0:0:1],在[2025-03-20 22:02:11],访问了[com.nowcoder.community.service.LikeService.findEntityLikeStatus].
2025-03-20 22:02:11,055 INFO [http-nio-8080-exec-2] c.n.c.a.ServiceLogAspect [ServiceLogAspect.java:39] 用户[0:0:0:0:0:0:0:1],在[2025-03-20 22:02:11],访问了[com.nowcoder.community.service.CommentService.findCommentsByEntity].
2025-03-20 22:02:11,056 INFO [http-nio-8080-exec-2] c.n.c.a.ServiceLogAspect [ServiceLogAspect.java:39] 用户[0:0:0:0:0:0:0:1],在[2025-03-20 22:02:11],访问了[com.nowcoder.community.service.CommentService.findCommentCount].
2025-03-20 22:02:11,057 INFO [http-nio-8080-exec-2] c.n.c.a.ServiceLogAspect [ServiceLogAspect.java:39] 用户[0:0:0:0:0:0:0:1],在[2025-03-20 22:02:11],访问了[com.nowcoder.community.service.UserService.findUserById].
2025-03-20 22:02:11,057 INFO [http-nio-8080-exec-2] c.n.c.a.ServiceLogAspect [ServiceLogAspect.java:39] 用户[0:0:0:0:0:0:0:1],在[2025-03-20 22:02:11],访问了[com.nowcoder.community.service.LikeService.findEntityLikeCount].
2025-03-20 22:02:11,058 INFO [http-nio-8080-exec-2] c.n.c.a.ServiceLogAspect [ServiceLogAspect.java:39] 用户[0:0:0:0:0:0:0:1],在[2025-03-20 22:02:11],访问了[com.nowcoder.community.service.LikeService.findEntityLikeStatus].
2025-03-20 22:02:11,058 INFO [http-nio-8080-exec-2] c.n.c.a.ServiceLogAspect [ServiceLogAspect.java:39] 用户[0:0:0:0:0:0:0:1],在[2025-03-20 22:02:11],访问了[com.nowcoder.community.service.CommentService.findCommentsByEntity].
2025-03-20 22:02:11,059 INFO [http-nio-8080-exec-2] c.n.c.a.ServiceLogAspect [ServiceLogAspect.java:39] 用户[0:0:0:0:0:0:0:1],在[2025-03-20 22:02:11],访问了[com.nowcoder.community.service.CommentService.findCommentCount].
2025-03-20 22:02:11,060 INFO [http-nio-8080-exec-2] c.n.c.a.ServiceLogAspect [ServiceLogAspect.java:39] 用户[0:0:0:0:0:0:0:1],在[2025-03-20 22:02:11],访问了[com.nowcoder.community.service.UserService.findUserById].
2025-03-20 22:02:11,061 INFO [http-nio-8080-exec-2] c.n.c.a.ServiceLogAspect [ServiceLogAspect.java:39] 用户[0:0:0:0:0:0:0:1],在[2025-03-20 22:02:11],访问了[com.nowcoder.community.service.LikeService.findEntityLikeCount].
2025-03-20 22:02:11,061 INFO [http-nio-8080-exec-2] c.n.c.a.ServiceLogAspect [ServiceLogAspect.java:39] 用户[0:0:0:0:0:0:0:1],在[2025-03-20 22:02:11],访问了[com.nowcoder.community.service.LikeService.findEntityLikeStatus].
2025-03-20 22:02:11,062 INFO [http-nio-8080-exec-2] c.n.c.a.ServiceLogAspect [ServiceLogAspect.java:39] 用户[0:0:0:0:0:0:0:1],在[2025-03-20 22:02:11],访问了[com.nowcoder.community.service.CommentService.findCommentsByEntity].
2025-03-20 22:02:11,064 INFO [http-nio-8080-exec-2] c.n.c.a.ServiceLogAspect [ServiceLogAspect.java:39] 用户[0:0:0:0:0:0:0:1],在[2025-03-20 22:02:11],访问了[com.nowcoder.community.service.CommentService.findCommentCount].
2025-03-20 22:02:22,133 INFO [http-nio-8080-exec-6] c.n.c.a.ServiceLogAspect [ServiceLogAspect.java:39] 用户[0:0:0:0:0:0:0:1],在[2025-03-20 22:02:22],访问了[com.nowcoder.community.service.UserService.findLoginTicket].
2025-03-20 22:02:22,134 INFO [http-nio-8080-exec-6] c.n.c.a.ServiceLogAspect [ServiceLogAspect.java:39] 用户[0:0:0:0:0:0:0:1],在[2025-03-20 22:02:22],访问了[com.nowcoder.community.service.UserService.findUserById].
2025-03-20 22:02:22,142 INFO [http-nio-8080-exec-6] c.n.c.a.ServiceLogAspect [ServiceLogAspect.java:39] 用户[0:0:0:0:0:0:0:1],在[2025-03-20 22:02:22],访问了[com.nowcoder.community.service.CommentService.addComment].
2025-03-20 22:02:22,155 INFO [http-nio-8080-exec-6] c.n.c.a.ServiceLogAspect [ServiceLogAspect.java:39] 用户[0:0:0:0:0:0:0:1],在[2025-03-20 22:02:22],访问了[com.nowcoder.community.service.DiscussPostService.updateCommentCount].
2025-03-20 22:02:22,159 INFO [http-nio-8080-exec-6] c.n.c.a.ServiceLogAspect [ServiceLogAspect.java:39] 用户[0:0:0:0:0:0:0:1],在[2025-03-20 22:02:22],访问了[com.nowcoder.community.service.DiscussPostService.findDiscussPostById].
2025-03-20 22:02:22,190 INFO [http-nio-8080-exec-6] o.a.k.c.p.ProducerConfig [AbstractConfig.java:372] ProducerConfig values: 
	acks = -1
	auto.include.jmx.reporter = true
	batch.size = 16384
	bootstrap.servers = [localhost:9092]
	buffer.memory = 33554432
	client.dns.lookup = use_all_dns_ips
	client.id = producer-1
	compression.gzip.level = -1
	compression.lz4.level = 9
	compression.type = none
	compression.zstd.level = 3
	connections.max.idle.ms = 540000
	delivery.timeout.ms = 120000
	enable.idempotence = true
	enable.metrics.push = true
	interceptor.classes = []
	key.serializer = class org.apache.kafka.common.serialization.StringSerializer
	linger.ms = 0
	max.block.ms = 60000
	max.in.flight.requests.per.connection = 5
	max.request.size = 1048576
	metadata.max.age.ms = 300000
	metadata.max.idle.ms = 300000
	metadata.recovery.strategy = none
	metric.reporters = []
	metrics.num.samples = 2
	metrics.recording.level = INFO
	metrics.sample.window.ms = 30000
	partitioner.adaptive.partitioning.enable = true
	partitioner.availability.timeout.ms = 0
	partitioner.class = null
	partitioner.ignore.keys = false
	receive.buffer.bytes = 32768
	reconnect.backoff.max.ms = 1000
	reconnect.backoff.ms = 50
	request.timeout.ms = 30000
	retries = 2147483647
	retry.backoff.max.ms = 1000
	retry.backoff.ms = 100
	sasl.client.callback.handler.class = null
	sasl.jaas.config = null
	sasl.kerberos.kinit.cmd = /usr/bin/kinit
	sasl.kerberos.min.time.before.relogin = 60000
	sasl.kerberos.service.name = null
	sasl.kerberos.ticket.renew.jitter = 0.05
	sasl.kerberos.ticket.renew.window.factor = 0.8
	sasl.login.callback.handler.class = null
	sasl.login.class = null
	sasl.login.connect.timeout.ms = null
	sasl.login.read.timeout.ms = null
	sasl.login.refresh.buffer.seconds = 300
	sasl.login.refresh.min.period.seconds = 60
	sasl.login.refresh.window.factor = 0.8
	sasl.login.refresh.window.jitter = 0.05
	sasl.login.retry.backoff.max.ms = 10000
	sasl.login.retry.backoff.ms = 100
	sasl.mechanism = GSSAPI
	sasl.oauthbearer.clock.skew.seconds = 30
	sasl.oauthbearer.expected.audience = null
	sasl.oauthbearer.expected.issuer = null
	sasl.oauthbearer.jwks.endpoint.refresh.ms = 3600000
	sasl.oauthbearer.jwks.endpoint.retry.backoff.max.ms = 10000
	sasl.oauthbearer.jwks.endpoint.retry.backoff.ms = 100
	sasl.oauthbearer.jwks.endpoint.url = null
	sasl.oauthbearer.scope.claim.name = scope
	sasl.oauthbearer.sub.claim.name = sub
	sasl.oauthbearer.token.endpoint.url = null
	security.protocol = PLAINTEXT
	security.providers = null
	send.buffer.bytes = 131072
	socket.connection.setup.timeout.max.ms = 30000
	socket.connection.setup.timeout.ms = 10000
	ssl.cipher.suites = null
	ssl.enabled.protocols = [TLSv1.2, TLSv1.3]
	ssl.endpoint.identification.algorithm = https
	ssl.engine.factory.class = null
	ssl.key.password = null
	ssl.keymanager.algorithm = SunX509
	ssl.keystore.certificate.chain = null
	ssl.keystore.key = null
	ssl.keystore.location = null
	ssl.keystore.password = null
	ssl.keystore.type = JKS
	ssl.protocol = TLSv1.3
	ssl.provider = null
	ssl.secure.random.implementation = null
	ssl.trustmanager.algorithm = PKIX
	ssl.truststore.certificates = null
	ssl.truststore.location = null
	ssl.truststore.password = null
	ssl.truststore.type = JKS
	transaction.timeout.ms = 60000
	transactional.id = null
	value.serializer = class org.apache.kafka.common.serialization.StringSerializer

2025-03-20 22:02:22,191 INFO [http-nio-8080-exec-6] o.a.k.c.t.i.KafkaMetricsCollector [KafkaMetricsCollector.java:269] initializing Kafka metrics collector
2025-03-20 22:02:22,203 INFO [http-nio-8080-exec-6] o.a.k.c.p.KafkaProducer [KafkaProducer.java:621] [Producer clientId=producer-1] Instantiated an idempotent producer.
2025-03-20 22:02:22,218 INFO [http-nio-8080-exec-6] o.a.k.c.u.AppInfoParser [AppInfoParser.java:124] Kafka version: 3.8.1
2025-03-20 22:02:22,218 INFO [http-nio-8080-exec-6] o.a.k.c.u.AppInfoParser [AppInfoParser.java:125] Kafka commitId: 70d6ff42debf7e17
2025-03-20 22:02:22,219 INFO [http-nio-8080-exec-6] o.a.k.c.u.AppInfoParser [AppInfoParser.java:126] Kafka startTimeMs: 1742479342218
2025-03-20 22:02:22,224 INFO [kafka-producer-network-thread | producer-1] o.a.k.c.Metadata [Metadata.java:364] [Producer clientId=producer-1] Cluster ID: cahCa2tqRnq3OYXiEm_sPA
2025-03-20 22:02:22,226 INFO [kafka-producer-network-thread | producer-1] o.a.k.c.p.i.TransactionManager [TransactionManager.java:502] [Producer clientId=producer-1] ProducerId set to 2000 with epoch 0
2025-03-20 22:02:22,241 INFO [http-nio-8080-exec-5] c.n.c.a.ServiceLogAspect [ServiceLogAspect.java:39] 用户[0:0:0:0:0:0:0:1],在[2025-03-20 22:02:22],访问了[com.nowcoder.community.service.UserService.findLoginTicket].
2025-03-20 22:02:22,242 INFO [http-nio-8080-exec-5] c.n.c.a.ServiceLogAspect [ServiceLogAspect.java:39] 用户[0:0:0:0:0:0:0:1],在[2025-03-20 22:02:22],访问了[com.nowcoder.community.service.UserService.findUserById].
2025-03-20 22:02:22,243 INFO [http-nio-8080-exec-5] c.n.c.a.ServiceLogAspect [ServiceLogAspect.java:39] 用户[0:0:0:0:0:0:0:1],在[2025-03-20 22:02:22],访问了[com.nowcoder.community.service.DiscussPostService.findDiscussPostById].
2025-03-20 22:02:22,245 INFO [http-nio-8080-exec-5] c.n.c.a.ServiceLogAspect [ServiceLogAspect.java:39] 用户[0:0:0:0:0:0:0:1],在[2025-03-20 22:02:22],访问了[com.nowcoder.community.service.UserService.findUserById].
2025-03-20 22:02:22,245 INFO [http-nio-8080-exec-5] c.n.c.a.ServiceLogAspect [ServiceLogAspect.java:39] 用户[0:0:0:0:0:0:0:1],在[2025-03-20 22:02:22],访问了[com.nowcoder.community.service.LikeService.findEntityLikeCount].
2025-03-20 22:02:22,245 INFO [http-nio-8080-exec-5] c.n.c.a.ServiceLogAspect [ServiceLogAspect.java:39] 用户[0:0:0:0:0:0:0:1],在[2025-03-20 22:02:22],访问了[com.nowcoder.community.service.LikeService.findEntityLikeStatus].
2025-03-20 22:02:22,247 INFO [http-nio-8080-exec-5] c.n.c.a.ServiceLogAspect [ServiceLogAspect.java:39] 用户[0:0:0:0:0:0:0:1],在[2025-03-20 22:02:22],访问了[com.nowcoder.community.service.CommentService.findCommentsByEntity].
2025-03-20 22:02:22,248 INFO [http-nio-8080-exec-5] c.n.c.a.ServiceLogAspect [ServiceLogAspect.java:39] 用户[0:0:0:0:0:0:0:1],在[2025-03-20 22:02:22],访问了[com.nowcoder.community.service.UserService.findUserById].
2025-03-20 22:02:22,249 INFO [http-nio-8080-exec-5] c.n.c.a.ServiceLogAspect [ServiceLogAspect.java:39] 用户[0:0:0:0:0:0:0:1],在[2025-03-20 22:02:22],访问了[com.nowcoder.community.service.LikeService.findEntityLikeCount].
2025-03-20 22:02:22,249 INFO [http-nio-8080-exec-5] c.n.c.a.ServiceLogAspect [ServiceLogAspect.java:39] 用户[0:0:0:0:0:0:0:1],在[2025-03-20 22:02:22],访问了[com.nowcoder.community.service.LikeService.findEntityLikeStatus].
2025-03-20 22:02:22,250 INFO [http-nio-8080-exec-5] c.n.c.a.ServiceLogAspect [ServiceLogAspect.java:39] 用户[0:0:0:0:0:0:0:1],在[2025-03-20 22:02:22],访问了[com.nowcoder.community.service.CommentService.findCommentsByEntity].
2025-03-20 22:02:22,251 INFO [http-nio-8080-exec-5] c.n.c.a.ServiceLogAspect [ServiceLogAspect.java:39] 用户[0:0:0:0:0:0:0:1],在[2025-03-20 22:02:22],访问了[com.nowcoder.community.service.UserService.findUserById].
2025-03-20 22:02:22,252 INFO [http-nio-8080-exec-5] c.n.c.a.ServiceLogAspect [ServiceLogAspect.java:39] 用户[0:0:0:0:0:0:0:1],在[2025-03-20 22:02:22],访问了[com.nowcoder.community.service.LikeService.findEntityLikeCount].
2025-03-20 22:02:22,252 INFO [http-nio-8080-exec-5] c.n.c.a.ServiceLogAspect [ServiceLogAspect.java:39] 用户[0:0:0:0:0:0:0:1],在[2025-03-20 22:02:22],访问了[com.nowcoder.community.service.LikeService.findEntityLikeStatus].
2025-03-20 22:02:22,252 INFO [http-nio-8080-exec-5] c.n.c.a.ServiceLogAspect [ServiceLogAspect.java:39] 用户[0:0:0:0:0:0:0:1],在[2025-03-20 22:02:22],访问了[com.nowcoder.community.service.UserService.findUserById].
2025-03-20 22:02:22,252 INFO [http-nio-8080-exec-5] c.n.c.a.ServiceLogAspect [ServiceLogAspect.java:39] 用户[0:0:0:0:0:0:0:1],在[2025-03-20 22:02:22],访问了[com.nowcoder.community.service.LikeService.findEntityLikeCount].
2025-03-20 22:02:22,253 INFO [http-nio-8080-exec-5] c.n.c.a.ServiceLogAspect [ServiceLogAspect.java:39] 用户[0:0:0:0:0:0:0:1],在[2025-03-20 22:02:22],访问了[com.nowcoder.community.service.LikeService.findEntityLikeStatus].
2025-03-20 22:02:22,253 INFO [http-nio-8080-exec-5] c.n.c.a.ServiceLogAspect [ServiceLogAspect.java:39] 用户[0:0:0:0:0:0:0:1],在[2025-03-20 22:02:22],访问了[com.nowcoder.community.service.CommentService.findCommentCount].
2025-03-20 22:02:22,254 INFO [http-nio-8080-exec-5] c.n.c.a.ServiceLogAspect [ServiceLogAspect.java:39] 用户[0:0:0:0:0:0:0:1],在[2025-03-20 22:02:22],访问了[com.nowcoder.community.service.UserService.findUserById].
2025-03-20 22:02:22,256 INFO [http-nio-8080-exec-5] c.n.c.a.ServiceLogAspect [ServiceLogAspect.java:39] 用户[0:0:0:0:0:0:0:1],在[2025-03-20 22:02:22],访问了[com.nowcoder.community.service.LikeService.findEntityLikeCount].
2025-03-20 22:02:22,256 INFO [http-nio-8080-exec-5] c.n.c.a.ServiceLogAspect [ServiceLogAspect.java:39] 用户[0:0:0:0:0:0:0:1],在[2025-03-20 22:02:22],访问了[com.nowcoder.community.service.LikeService.findEntityLikeStatus].
2025-03-20 22:02:22,256 INFO [http-nio-8080-exec-5] c.n.c.a.ServiceLogAspect [ServiceLogAspect.java:39] 用户[0:0:0:0:0:0:0:1],在[2025-03-20 22:02:22],访问了[com.nowcoder.community.service.CommentService.findCommentsByEntity].
2025-03-20 22:02:22,257 INFO [http-nio-8080-exec-5] c.n.c.a.ServiceLogAspect [ServiceLogAspect.java:39] 用户[0:0:0:0:0:0:0:1],在[2025-03-20 22:02:22],访问了[com.nowcoder.community.service.CommentService.findCommentCount].
2025-03-20 22:02:22,258 INFO [http-nio-8080-exec-5] c.n.c.a.ServiceLogAspect [ServiceLogAspect.java:39] 用户[0:0:0:0:0:0:0:1],在[2025-03-20 22:02:22],访问了[com.nowcoder.community.service.UserService.findUserById].
2025-03-20 22:02:22,258 INFO [http-nio-8080-exec-5] c.n.c.a.ServiceLogAspect [ServiceLogAspect.java:39] 用户[0:0:0:0:0:0:0:1],在[2025-03-20 22:02:22],访问了[com.nowcoder.community.service.LikeService.findEntityLikeCount].
2025-03-20 22:02:22,259 INFO [http-nio-8080-exec-5] c.n.c.a.ServiceLogAspect [ServiceLogAspect.java:39] 用户[0:0:0:0:0:0:0:1],在[2025-03-20 22:02:22],访问了[com.nowcoder.community.service.LikeService.findEntityLikeStatus].
2025-03-20 22:02:22,259 INFO [http-nio-8080-exec-5] c.n.c.a.ServiceLogAspect [ServiceLogAspect.java:39] 用户[0:0:0:0:0:0:0:1],在[2025-03-20 22:02:22],访问了[com.nowcoder.community.service.CommentService.findCommentsByEntity].
2025-03-20 22:02:22,262 INFO [http-nio-8080-exec-5] c.n.c.a.ServiceLogAspect [ServiceLogAspect.java:39] 用户[0:0:0:0:0:0:0:1],在[2025-03-20 22:02:22],访问了[com.nowcoder.community.service.CommentService.findCommentCount].
2025-03-20 22:02:22,263 INFO [http-nio-8080-exec-5] c.n.c.a.ServiceLogAspect [ServiceLogAspect.java:39] 用户[0:0:0:0:0:0:0:1],在[2025-03-20 22:02:22],访问了[com.nowcoder.community.service.UserService.findUserById].
2025-03-20 22:02:22,263 INFO [http-nio-8080-exec-5] c.n.c.a.ServiceLogAspect [ServiceLogAspect.java:39] 用户[0:0:0:0:0:0:0:1],在[2025-03-20 22:02:22],访问了[com.nowcoder.community.service.LikeService.findEntityLikeCount].
2025-03-20 22:02:22,264 INFO [http-nio-8080-exec-5] c.n.c.a.ServiceLogAspect [ServiceLogAspect.java:39] 用户[0:0:0:0:0:0:0:1],在[2025-03-20 22:02:22],访问了[com.nowcoder.community.service.LikeService.findEntityLikeStatus].
2025-03-20 22:02:22,264 INFO [http-nio-8080-exec-5] c.n.c.a.ServiceLogAspect [ServiceLogAspect.java:39] 用户[0:0:0:0:0:0:0:1],在[2025-03-20 22:02:22],访问了[com.nowcoder.community.service.CommentService.findCommentsByEntity].
2025-03-20 22:02:22,265 INFO [http-nio-8080-exec-5] c.n.c.a.ServiceLogAspect [ServiceLogAspect.java:39] 用户[0:0:0:0:0:0:0:1],在[2025-03-20 22:02:22],访问了[com.nowcoder.community.service.CommentService.findCommentCount].
2025-03-20 22:02:22,267 INFO [http-nio-8080-exec-5] c.n.c.a.ServiceLogAspect [ServiceLogAspect.java:39] 用户[0:0:0:0:0:0:0:1],在[2025-03-20 22:02:22],访问了[com.nowcoder.community.service.UserService.findUserById].
2025-03-20 22:02:22,268 INFO [http-nio-8080-exec-5] c.n.c.a.ServiceLogAspect [ServiceLogAspect.java:39] 用户[0:0:0:0:0:0:0:1],在[2025-03-20 22:02:22],访问了[com.nowcoder.community.service.LikeService.findEntityLikeCount].
2025-03-20 22:02:22,268 INFO [http-nio-8080-exec-5] c.n.c.a.ServiceLogAspect [ServiceLogAspect.java:39] 用户[0:0:0:0:0:0:0:1],在[2025-03-20 22:02:22],访问了[com.nowcoder.community.service.LikeService.findEntityLikeStatus].
2025-03-20 22:02:22,269 INFO [http-nio-8080-exec-5] c.n.c.a.ServiceLogAspect [ServiceLogAspect.java:39] 用户[0:0:0:0:0:0:0:1],在[2025-03-20 22:02:22],访问了[com.nowcoder.community.service.CommentService.findCommentsByEntity].
2025-03-20 22:02:22,270 INFO [http-nio-8080-exec-5] c.n.c.a.ServiceLogAspect [ServiceLogAspect.java:39] 用户[0:0:0:0:0:0:0:1],在[2025-03-20 22:02:22],访问了[com.nowcoder.community.service.CommentService.findCommentCount].
2025-03-20 22:02:24,802 INFO [http-nio-8080-exec-9] c.n.c.a.ServiceLogAspect [ServiceLogAspect.java:39] 用户[0:0:0:0:0:0:0:1],在[2025-03-20 22:02:24],访问了[com.nowcoder.community.service.UserService.findLoginTicket].
2025-03-20 22:02:24,804 INFO [http-nio-8080-exec-9] c.n.c.a.ServiceLogAspect [ServiceLogAspect.java:39] 用户[0:0:0:0:0:0:0:1],在[2025-03-20 22:02:24],访问了[com.nowcoder.community.service.UserService.findUserById].
2025-03-20 22:02:24,804 INFO [http-nio-8080-exec-9] c.n.c.a.ServiceLogAspect [ServiceLogAspect.java:39] 用户[0:0:0:0:0:0:0:1],在[2025-03-20 22:02:24],访问了[com.nowcoder.community.service.UserService.logout].
2025-03-20 22:02:24,814 INFO [http-nio-8080-exec-4] c.n.c.a.ServiceLogAspect [ServiceLogAspect.java:39] 用户[0:0:0:0:0:0:0:1],在[2025-03-20 22:02:24],访问了[com.nowcoder.community.service.UserService.findLoginTicket].
2025-03-20 22:02:24,871 INFO [http-nio-8080-exec-5] c.n.c.a.ServiceLogAspect [ServiceLogAspect.java:39] 用户[0:0:0:0:0:0:0:1],在[2025-03-20 22:02:24],访问了[com.nowcoder.community.service.UserService.findLoginTicket].
2025-03-20 22:02:29,196 INFO [http-nio-8080-exec-7] c.n.c.a.ServiceLogAspect [ServiceLogAspect.java:39] 用户[0:0:0:0:0:0:0:1],在[2025-03-20 22:02:29],访问了[com.nowcoder.community.service.UserService.findLoginTicket].
2025-03-20 22:02:29,243 INFO [http-nio-8080-exec-9] c.n.c.a.ServiceLogAspect [ServiceLogAspect.java:39] 用户[0:0:0:0:0:0:0:1],在[2025-03-20 22:02:29],访问了[com.nowcoder.community.service.UserService.findLoginTicket].
2025-03-20 22:02:34,230 INFO [http-nio-8080-exec-4] c.n.c.a.ServiceLogAspect [ServiceLogAspect.java:39] 用户[0:0:0:0:0:0:0:1],在[2025-03-20 22:02:34],访问了[com.nowcoder.community.service.UserService.findLoginTicket].
2025-03-20 22:02:34,231 INFO [http-nio-8080-exec-4] c.n.c.a.ServiceLogAspect [ServiceLogAspect.java:39] 用户[0:0:0:0:0:0:0:1],在[2025-03-20 22:02:34],访问了[com.nowcoder.community.service.UserService.login].
2025-03-20 22:02:34,243 INFO [http-nio-8080-exec-3] c.n.c.a.ServiceLogAspect [ServiceLogAspect.java:39] 用户[0:0:0:0:0:0:0:1],在[2025-03-20 22:02:34],访问了[com.nowcoder.community.service.UserService.findLoginTicket].
2025-03-20 22:02:34,243 INFO [http-nio-8080-exec-3] c.n.c.a.ServiceLogAspect [ServiceLogAspect.java:39] 用户[0:0:0:0:0:0:0:1],在[2025-03-20 22:02:34],访问了[com.nowcoder.community.service.UserService.findUserById].
2025-03-20 22:02:34,244 INFO [http-nio-8080-exec-3] c.n.c.a.ServiceLogAspect [ServiceLogAspect.java:39] 用户[0:0:0:0:0:0:0:1],在[2025-03-20 22:02:34],访问了[com.nowcoder.community.service.DiscussPostService.findDiscussPostRows].
2025-03-20 22:02:34,246 INFO [http-nio-8080-exec-3] c.n.c.a.ServiceLogAspect [ServiceLogAspect.java:39] 用户[0:0:0:0:0:0:0:1],在[2025-03-20 22:02:34],访问了[com.nowcoder.community.service.DiscussPostService.findDiscussPosts].
2025-03-20 22:02:34,248 INFO [http-nio-8080-exec-3] c.n.c.a.ServiceLogAspect [ServiceLogAspect.java:39] 用户[0:0:0:0:0:0:0:1],在[2025-03-20 22:02:34],访问了[com.nowcoder.community.service.UserService.findUserById].
2025-03-20 22:02:34,249 INFO [http-nio-8080-exec-3] c.n.c.a.ServiceLogAspect [ServiceLogAspect.java:39] 用户[0:0:0:0:0:0:0:1],在[2025-03-20 22:02:34],访问了[com.nowcoder.community.service.LikeService.findEntityLikeCount].
2025-03-20 22:02:34,249 INFO [http-nio-8080-exec-3] c.n.c.a.ServiceLogAspect [ServiceLogAspect.java:39] 用户[0:0:0:0:0:0:0:1],在[2025-03-20 22:02:34],访问了[com.nowcoder.community.service.UserService.findUserById].
2025-03-20 22:02:34,250 INFO [http-nio-8080-exec-3] c.n.c.a.ServiceLogAspect [ServiceLogAspect.java:39] 用户[0:0:0:0:0:0:0:1],在[2025-03-20 22:02:34],访问了[com.nowcoder.community.service.LikeService.findEntityLikeCount].
2025-03-20 22:02:34,250 INFO [http-nio-8080-exec-3] c.n.c.a.ServiceLogAspect [ServiceLogAspect.java:39] 用户[0:0:0:0:0:0:0:1],在[2025-03-20 22:02:34],访问了[com.nowcoder.community.service.UserService.findUserById].
2025-03-20 22:02:34,250 INFO [http-nio-8080-exec-3] c.n.c.a.ServiceLogAspect [ServiceLogAspect.java:39] 用户[0:0:0:0:0:0:0:1],在[2025-03-20 22:02:34],访问了[com.nowcoder.community.service.LikeService.findEntityLikeCount].
2025-03-20 22:02:34,250 INFO [http-nio-8080-exec-3] c.n.c.a.ServiceLogAspect [ServiceLogAspect.java:39] 用户[0:0:0:0:0:0:0:1],在[2025-03-20 22:02:34],访问了[com.nowcoder.community.service.UserService.findUserById].
2025-03-20 22:02:34,251 INFO [http-nio-8080-exec-3] c.n.c.a.ServiceLogAspect [ServiceLogAspect.java:39] 用户[0:0:0:0:0:0:0:1],在[2025-03-20 22:02:34],访问了[com.nowcoder.community.service.LikeService.findEntityLikeCount].
2025-03-20 22:02:34,251 INFO [http-nio-8080-exec-3] c.n.c.a.ServiceLogAspect [ServiceLogAspect.java:39] 用户[0:0:0:0:0:0:0:1],在[2025-03-20 22:02:34],访问了[com.nowcoder.community.service.UserService.findUserById].
2025-03-20 22:02:34,251 INFO [http-nio-8080-exec-3] c.n.c.a.ServiceLogAspect [ServiceLogAspect.java:39] 用户[0:0:0:0:0:0:0:1],在[2025-03-20 22:02:34],访问了[com.nowcoder.community.service.LikeService.findEntityLikeCount].
2025-03-20 22:02:34,252 INFO [http-nio-8080-exec-3] c.n.c.a.ServiceLogAspect [ServiceLogAspect.java:39] 用户[0:0:0:0:0:0:0:1],在[2025-03-20 22:02:34],访问了[com.nowcoder.community.service.UserService.findUserById].
2025-03-20 22:02:34,252 INFO [http-nio-8080-exec-3] c.n.c.a.ServiceLogAspect [ServiceLogAspect.java:39] 用户[0:0:0:0:0:0:0:1],在[2025-03-20 22:02:34],访问了[com.nowcoder.community.service.LikeService.findEntityLikeCount].
2025-03-20 22:02:34,252 INFO [http-nio-8080-exec-3] c.n.c.a.ServiceLogAspect [ServiceLogAspect.java:39] 用户[0:0:0:0:0:0:0:1],在[2025-03-20 22:02:34],访问了[com.nowcoder.community.service.UserService.findUserById].
2025-03-20 22:02:34,253 INFO [http-nio-8080-exec-3] c.n.c.a.ServiceLogAspect [ServiceLogAspect.java:39] 用户[0:0:0:0:0:0:0:1],在[2025-03-20 22:02:34],访问了[com.nowcoder.community.service.LikeService.findEntityLikeCount].
2025-03-20 22:02:34,253 INFO [http-nio-8080-exec-3] c.n.c.a.ServiceLogAspect [ServiceLogAspect.java:39] 用户[0:0:0:0:0:0:0:1],在[2025-03-20 22:02:34],访问了[com.nowcoder.community.service.UserService.findUserById].
2025-03-20 22:02:34,254 INFO [http-nio-8080-exec-3] c.n.c.a.ServiceLogAspect [ServiceLogAspect.java:39] 用户[0:0:0:0:0:0:0:1],在[2025-03-20 22:02:34],访问了[com.nowcoder.community.service.LikeService.findEntityLikeCount].
2025-03-20 22:02:34,254 INFO [http-nio-8080-exec-3] c.n.c.a.ServiceLogAspect [ServiceLogAspect.java:39] 用户[0:0:0:0:0:0:0:1],在[2025-03-20 22:02:34],访问了[com.nowcoder.community.service.UserService.findUserById].
2025-03-20 22:02:34,254 INFO [http-nio-8080-exec-3] c.n.c.a.ServiceLogAspect [ServiceLogAspect.java:39] 用户[0:0:0:0:0:0:0:1],在[2025-03-20 22:02:34],访问了[com.nowcoder.community.service.LikeService.findEntityLikeCount].
2025-03-20 22:02:34,255 INFO [http-nio-8080-exec-3] c.n.c.a.ServiceLogAspect [ServiceLogAspect.java:39] 用户[0:0:0:0:0:0:0:1],在[2025-03-20 22:02:34],访问了[com.nowcoder.community.service.UserService.findUserById].
2025-03-20 22:02:34,255 INFO [http-nio-8080-exec-3] c.n.c.a.ServiceLogAspect [ServiceLogAspect.java:39] 用户[0:0:0:0:0:0:0:1],在[2025-03-20 22:02:34],访问了[com.nowcoder.community.service.LikeService.findEntityLikeCount].
2025-03-20 22:02:47,830 INFO [http-nio-8080-exec-10] c.n.c.a.ServiceLogAspect [ServiceLogAspect.java:39] 用户[0:0:0:0:0:0:0:1],在[2025-03-20 22:02:47],访问了[com.nowcoder.community.service.UserService.findLoginTicket].
2025-03-20 22:02:47,831 INFO [http-nio-8080-exec-10] c.n.c.a.ServiceLogAspect [ServiceLogAspect.java:39] 用户[0:0:0:0:0:0:0:1],在[2025-03-20 22:02:47],访问了[com.nowcoder.community.service.UserService.findUserById].
2025-03-20 22:02:47,832 INFO [http-nio-8080-exec-10] c.n.c.a.ServiceLogAspect [ServiceLogAspect.java:39] 用户[0:0:0:0:0:0:0:1],在[2025-03-20 22:02:47],访问了[com.nowcoder.community.service.MessageService.findConversationCount].
2025-03-20 22:02:47,841 INFO [http-nio-8080-exec-10] c.n.c.a.ServiceLogAspect [ServiceLogAspect.java:39] 用户[0:0:0:0:0:0:0:1],在[2025-03-20 22:02:47],访问了[com.nowcoder.community.service.MessageService.findConversations].
2025-03-20 22:02:47,850 INFO [http-nio-8080-exec-10] c.n.c.a.ServiceLogAspect [ServiceLogAspect.java:39] 用户[0:0:0:0:0:0:0:1],在[2025-03-20 22:02:47],访问了[com.nowcoder.community.service.MessageService.findLetterCount].
2025-03-20 22:02:47,851 INFO [http-nio-8080-exec-10] c.n.c.a.ServiceLogAspect [ServiceLogAspect.java:39] 用户[0:0:0:0:0:0:0:1],在[2025-03-20 22:02:47],访问了[com.nowcoder.community.service.MessageService.findLetterUnreadCount].
2025-03-20 22:02:47,860 INFO [http-nio-8080-exec-10] c.n.c.a.ServiceLogAspect [ServiceLogAspect.java:39] 用户[0:0:0:0:0:0:0:1],在[2025-03-20 22:02:47],访问了[com.nowcoder.community.service.UserService.findUserById].
2025-03-20 22:02:47,861 INFO [http-nio-8080-exec-10] c.n.c.a.ServiceLogAspect [ServiceLogAspect.java:39] 用户[0:0:0:0:0:0:0:1],在[2025-03-20 22:02:47],访问了[com.nowcoder.community.service.MessageService.findLetterCount].
2025-03-20 22:02:47,862 INFO [http-nio-8080-exec-10] c.n.c.a.ServiceLogAspect [ServiceLogAspect.java:39] 用户[0:0:0:0:0:0:0:1],在[2025-03-20 22:02:47],访问了[com.nowcoder.community.service.MessageService.findLetterUnreadCount].
2025-03-20 22:02:47,868 INFO [http-nio-8080-exec-10] c.n.c.a.ServiceLogAspect [ServiceLogAspect.java:39] 用户[0:0:0:0:0:0:0:1],在[2025-03-20 22:02:47],访问了[com.nowcoder.community.service.UserService.findUserById].
2025-03-20 22:02:47,869 INFO [http-nio-8080-exec-10] c.n.c.a.ServiceLogAspect [ServiceLogAspect.java:39] 用户[0:0:0:0:0:0:0:1],在[2025-03-20 22:02:47],访问了[com.nowcoder.community.service.MessageService.findLetterCount].
2025-03-20 22:02:47,870 INFO [http-nio-8080-exec-10] c.n.c.a.ServiceLogAspect [ServiceLogAspect.java:39] 用户[0:0:0:0:0:0:0:1],在[2025-03-20 22:02:47],访问了[com.nowcoder.community.service.MessageService.findLetterUnreadCount].
2025-03-20 22:02:47,871 INFO [http-nio-8080-exec-10] c.n.c.a.ServiceLogAspect [ServiceLogAspect.java:39] 用户[0:0:0:0:0:0:0:1],在[2025-03-20 22:02:47],访问了[com.nowcoder.community.service.UserService.findUserById].
2025-03-20 22:02:47,872 INFO [http-nio-8080-exec-10] c.n.c.a.ServiceLogAspect [ServiceLogAspect.java:39] 用户[0:0:0:0:0:0:0:1],在[2025-03-20 22:02:47],访问了[com.nowcoder.community.service.MessageService.findLetterCount].
2025-03-20 22:02:47,872 INFO [http-nio-8080-exec-10] c.n.c.a.ServiceLogAspect [ServiceLogAspect.java:39] 用户[0:0:0:0:0:0:0:1],在[2025-03-20 22:02:47],访问了[com.nowcoder.community.service.MessageService.findLetterUnreadCount].
2025-03-20 22:02:47,879 INFO [http-nio-8080-exec-10] c.n.c.a.ServiceLogAspect [ServiceLogAspect.java:39] 用户[0:0:0:0:0:0:0:1],在[2025-03-20 22:02:47],访问了[com.nowcoder.community.service.UserService.findUserById].
2025-03-20 22:02:47,880 INFO [http-nio-8080-exec-10] c.n.c.a.ServiceLogAspect [ServiceLogAspect.java:39] 用户[0:0:0:0:0:0:0:1],在[2025-03-20 22:02:47],访问了[com.nowcoder.community.service.MessageService.findLetterCount].
2025-03-20 22:02:47,881 INFO [http-nio-8080-exec-10] c.n.c.a.ServiceLogAspect [ServiceLogAspect.java:39] 用户[0:0:0:0:0:0:0:1],在[2025-03-20 22:02:47],访问了[com.nowcoder.community.service.MessageService.findLetterUnreadCount].
2025-03-20 22:02:47,889 INFO [http-nio-8080-exec-10] c.n.c.a.ServiceLogAspect [ServiceLogAspect.java:39] 用户[0:0:0:0:0:0:0:1],在[2025-03-20 22:02:47],访问了[com.nowcoder.community.service.UserService.findUserById].
2025-03-20 22:02:47,889 INFO [http-nio-8080-exec-10] c.n.c.a.ServiceLogAspect [ServiceLogAspect.java:39] 用户[0:0:0:0:0:0:0:1],在[2025-03-20 22:02:47],访问了[com.nowcoder.community.service.MessageService.findLetterUnreadCount].
2025-03-20 22:02:49,526 INFO [http-nio-8080-exec-3] c.n.c.a.ServiceLogAspect [ServiceLogAspect.java:39] 用户[0:0:0:0:0:0:0:1],在[2025-03-20 22:02:49],访问了[com.nowcoder.community.service.UserService.findLoginTicket].
2025-03-20 22:02:49,526 INFO [http-nio-8080-exec-3] c.n.c.a.ServiceLogAspect [ServiceLogAspect.java:39] 用户[0:0:0:0:0:0:0:1],在[2025-03-20 22:02:49],访问了[com.nowcoder.community.service.UserService.findUserById].
2025-03-20 22:02:49,527 INFO [http-nio-8080-exec-3] c.n.c.a.ServiceLogAspect [ServiceLogAspect.java:39] 用户[0:0:0:0:0:0:0:1],在[2025-03-20 22:02:49],访问了[com.nowcoder.community.service.MessageService.findLatestNotice].
2025-03-20 22:02:49,529 INFO [http-nio-8080-exec-3] c.n.c.a.ServiceLogAspect [ServiceLogAspect.java:39] 用户[0:0:0:0:0:0:0:1],在[2025-03-20 22:02:49],访问了[com.nowcoder.community.service.UserService.findUserById].
2025-03-20 22:02:49,530 INFO [http-nio-8080-exec-3] c.n.c.a.ServiceLogAspect [ServiceLogAspect.java:39] 用户[0:0:0:0:0:0:0:1],在[2025-03-20 22:02:49],访问了[com.nowcoder.community.service.MessageService.findNoticeCount].
2025-03-20 22:02:49,531 INFO [http-nio-8080-exec-3] c.n.c.a.ServiceLogAspect [ServiceLogAspect.java:39] 用户[0:0:0:0:0:0:0:1],在[2025-03-20 22:02:49],访问了[com.nowcoder.community.service.MessageService.findNoticeUnreadCount].
2025-03-20 22:02:49,532 INFO [http-nio-8080-exec-3] c.n.c.a.ServiceLogAspect [ServiceLogAspect.java:39] 用户[0:0:0:0:0:0:0:1],在[2025-03-20 22:02:49],访问了[com.nowcoder.community.service.MessageService.findLatestNotice].
2025-03-20 22:02:49,540 INFO [http-nio-8080-exec-3] c.n.c.a.ServiceLogAspect [ServiceLogAspect.java:39] 用户[0:0:0:0:0:0:0:1],在[2025-03-20 22:02:49],访问了[com.nowcoder.community.service.UserService.findUserById].
2025-03-20 22:02:49,541 INFO [http-nio-8080-exec-3] c.n.c.a.ServiceLogAspect [ServiceLogAspect.java:39] 用户[0:0:0:0:0:0:0:1],在[2025-03-20 22:02:49],访问了[com.nowcoder.community.service.MessageService.findNoticeCount].
2025-03-20 22:02:49,549 INFO [http-nio-8080-exec-3] c.n.c.a.ServiceLogAspect [ServiceLogAspect.java:39] 用户[0:0:0:0:0:0:0:1],在[2025-03-20 22:02:49],访问了[com.nowcoder.community.service.MessageService.findNoticeUnreadCount].
2025-03-20 22:02:49,558 INFO [http-nio-8080-exec-3] c.n.c.a.ServiceLogAspect [ServiceLogAspect.java:39] 用户[0:0:0:0:0:0:0:1],在[2025-03-20 22:02:49],访问了[com.nowcoder.community.service.MessageService.findLatestNotice].
2025-03-20 22:02:49,565 INFO [http-nio-8080-exec-3] c.n.c.a.ServiceLogAspect [ServiceLogAspect.java:39] 用户[0:0:0:0:0:0:0:1],在[2025-03-20 22:02:49],访问了[com.nowcoder.community.service.UserService.findUserById].
2025-03-20 22:02:49,566 INFO [http-nio-8080-exec-3] c.n.c.a.ServiceLogAspect [ServiceLogAspect.java:39] 用户[0:0:0:0:0:0:0:1],在[2025-03-20 22:02:49],访问了[com.nowcoder.community.service.MessageService.findNoticeCount].
2025-03-20 22:02:49,574 INFO [http-nio-8080-exec-3] c.n.c.a.ServiceLogAspect [ServiceLogAspect.java:39] 用户[0:0:0:0:0:0:0:1],在[2025-03-20 22:02:49],访问了[com.nowcoder.community.service.MessageService.findNoticeUnreadCount].
2025-03-20 22:02:49,582 INFO [http-nio-8080-exec-3] c.n.c.a.ServiceLogAspect [ServiceLogAspect.java:39] 用户[0:0:0:0:0:0:0:1],在[2025-03-20 22:02:49],访问了[com.nowcoder.community.service.MessageService.findLetterUnreadCount].
2025-03-20 22:02:49,583 INFO [http-nio-8080-exec-3] c.n.c.a.ServiceLogAspect [ServiceLogAspect.java:39] 用户[0:0:0:0:0:0:0:1],在[2025-03-20 22:02:49],访问了[com.nowcoder.community.service.MessageService.findNoticeUnreadCount].
2025-03-20 22:02:50,736 INFO [http-nio-8080-exec-7] c.n.c.a.ServiceLogAspect [ServiceLogAspect.java:39] 用户[0:0:0:0:0:0:0:1],在[2025-03-20 22:02:50],访问了[com.nowcoder.community.service.UserService.findLoginTicket].
2025-03-20 22:02:50,737 INFO [http-nio-8080-exec-7] c.n.c.a.ServiceLogAspect [ServiceLogAspect.java:39] 用户[0:0:0:0:0:0:0:1],在[2025-03-20 22:02:50],访问了[com.nowcoder.community.service.UserService.findUserById].
2025-03-20 22:02:50,738 INFO [http-nio-8080-exec-7] c.n.c.a.ServiceLogAspect [ServiceLogAspect.java:39] 用户[0:0:0:0:0:0:0:1],在[2025-03-20 22:02:50],访问了[com.nowcoder.community.service.MessageService.findConversationCount].
2025-03-20 22:02:50,747 INFO [http-nio-8080-exec-7] c.n.c.a.ServiceLogAspect [ServiceLogAspect.java:39] 用户[0:0:0:0:0:0:0:1],在[2025-03-20 22:02:50],访问了[com.nowcoder.community.service.MessageService.findConversations].
2025-03-20 22:02:50,755 INFO [http-nio-8080-exec-7] c.n.c.a.ServiceLogAspect [ServiceLogAspect.java:39] 用户[0:0:0:0:0:0:0:1],在[2025-03-20 22:02:50],访问了[com.nowcoder.community.service.MessageService.findLetterCount].
2025-03-20 22:02:50,757 INFO [http-nio-8080-exec-7] c.n.c.a.ServiceLogAspect [ServiceLogAspect.java:39] 用户[0:0:0:0:0:0:0:1],在[2025-03-20 22:02:50],访问了[com.nowcoder.community.service.MessageService.findLetterUnreadCount].
2025-03-20 22:02:50,764 INFO [http-nio-8080-exec-7] c.n.c.a.ServiceLogAspect [ServiceLogAspect.java:39] 用户[0:0:0:0:0:0:0:1],在[2025-03-20 22:02:50],访问了[com.nowcoder.community.service.UserService.findUserById].
2025-03-20 22:02:50,765 INFO [http-nio-8080-exec-7] c.n.c.a.ServiceLogAspect [ServiceLogAspect.java:39] 用户[0:0:0:0:0:0:0:1],在[2025-03-20 22:02:50],访问了[com.nowcoder.community.service.MessageService.findLetterCount].
2025-03-20 22:02:50,766 INFO [http-nio-8080-exec-7] c.n.c.a.ServiceLogAspect [ServiceLogAspect.java:39] 用户[0:0:0:0:0:0:0:1],在[2025-03-20 22:02:50],访问了[com.nowcoder.community.service.MessageService.findLetterUnreadCount].
2025-03-20 22:02:50,774 INFO [http-nio-8080-exec-7] c.n.c.a.ServiceLogAspect [ServiceLogAspect.java:39] 用户[0:0:0:0:0:0:0:1],在[2025-03-20 22:02:50],访问了[com.nowcoder.community.service.UserService.findUserById].
2025-03-20 22:02:50,775 INFO [http-nio-8080-exec-7] c.n.c.a.ServiceLogAspect [ServiceLogAspect.java:39] 用户[0:0:0:0:0:0:0:1],在[2025-03-20 22:02:50],访问了[com.nowcoder.community.service.MessageService.findLetterCount].
2025-03-20 22:02:50,776 INFO [http-nio-8080-exec-7] c.n.c.a.ServiceLogAspect [ServiceLogAspect.java:39] 用户[0:0:0:0:0:0:0:1],在[2025-03-20 22:02:50],访问了[com.nowcoder.community.service.MessageService.findLetterUnreadCount].
2025-03-20 22:02:50,777 INFO [http-nio-8080-exec-7] c.n.c.a.ServiceLogAspect [ServiceLogAspect.java:39] 用户[0:0:0:0:0:0:0:1],在[2025-03-20 22:02:50],访问了[com.nowcoder.community.service.UserService.findUserById].
2025-03-20 22:02:50,778 INFO [http-nio-8080-exec-7] c.n.c.a.ServiceLogAspect [ServiceLogAspect.java:39] 用户[0:0:0:0:0:0:0:1],在[2025-03-20 22:02:50],访问了[com.nowcoder.community.service.MessageService.findLetterCount].
2025-03-20 22:02:50,779 INFO [http-nio-8080-exec-7] c.n.c.a.ServiceLogAspect [ServiceLogAspect.java:39] 用户[0:0:0:0:0:0:0:1],在[2025-03-20 22:02:50],访问了[com.nowcoder.community.service.MessageService.findLetterUnreadCount].
2025-03-20 22:02:50,786 INFO [http-nio-8080-exec-7] c.n.c.a.ServiceLogAspect [ServiceLogAspect.java:39] 用户[0:0:0:0:0:0:0:1],在[2025-03-20 22:02:50],访问了[com.nowcoder.community.service.UserService.findUserById].
2025-03-20 22:02:50,788 INFO [http-nio-8080-exec-7] c.n.c.a.ServiceLogAspect [ServiceLogAspect.java:39] 用户[0:0:0:0:0:0:0:1],在[2025-03-20 22:02:50],访问了[com.nowcoder.community.service.MessageService.findLetterCount].
2025-03-20 22:02:50,789 INFO [http-nio-8080-exec-7] c.n.c.a.ServiceLogAspect [ServiceLogAspect.java:39] 用户[0:0:0:0:0:0:0:1],在[2025-03-20 22:02:50],访问了[com.nowcoder.community.service.MessageService.findLetterUnreadCount].
2025-03-20 22:02:50,796 INFO [http-nio-8080-exec-7] c.n.c.a.ServiceLogAspect [ServiceLogAspect.java:39] 用户[0:0:0:0:0:0:0:1],在[2025-03-20 22:02:50],访问了[com.nowcoder.community.service.UserService.findUserById].
2025-03-20 22:02:50,796 INFO [http-nio-8080-exec-7] c.n.c.a.ServiceLogAspect [ServiceLogAspect.java:39] 用户[0:0:0:0:0:0:0:1],在[2025-03-20 22:02:50],访问了[com.nowcoder.community.service.MessageService.findLetterUnreadCount].
2025-03-20 22:02:51,715 INFO [http-nio-8080-exec-4] c.n.c.a.ServiceLogAspect [ServiceLogAspect.java:39] 用户[0:0:0:0:0:0:0:1],在[2025-03-20 22:02:51],访问了[com.nowcoder.community.service.UserService.findLoginTicket].
2025-03-20 22:02:51,716 INFO [http-nio-8080-exec-4] c.n.c.a.ServiceLogAspect [ServiceLogAspect.java:39] 用户[0:0:0:0:0:0:0:1],在[2025-03-20 22:02:51],访问了[com.nowcoder.community.service.UserService.findUserById].
2025-03-20 22:02:51,717 INFO [http-nio-8080-exec-4] c.n.c.a.ServiceLogAspect [ServiceLogAspect.java:39] 用户[0:0:0:0:0:0:0:1],在[2025-03-20 22:02:51],访问了[com.nowcoder.community.service.MessageService.findLatestNotice].
2025-03-20 22:02:51,719 INFO [http-nio-8080-exec-4] c.n.c.a.ServiceLogAspect [ServiceLogAspect.java:39] 用户[0:0:0:0:0:0:0:1],在[2025-03-20 22:02:51],访问了[com.nowcoder.community.service.UserService.findUserById].
2025-03-20 22:02:51,720 INFO [http-nio-8080-exec-4] c.n.c.a.ServiceLogAspect [ServiceLogAspect.java:39] 用户[0:0:0:0:0:0:0:1],在[2025-03-20 22:02:51],访问了[com.nowcoder.community.service.MessageService.findNoticeCount].
2025-03-20 22:02:51,721 INFO [http-nio-8080-exec-4] c.n.c.a.ServiceLogAspect [ServiceLogAspect.java:39] 用户[0:0:0:0:0:0:0:1],在[2025-03-20 22:02:51],访问了[com.nowcoder.community.service.MessageService.findNoticeUnreadCount].
2025-03-20 22:02:51,722 INFO [http-nio-8080-exec-4] c.n.c.a.ServiceLogAspect [ServiceLogAspect.java:39] 用户[0:0:0:0:0:0:0:1],在[2025-03-20 22:02:51],访问了[com.nowcoder.community.service.MessageService.findLatestNotice].
2025-03-20 22:02:51,730 INFO [http-nio-8080-exec-4] c.n.c.a.ServiceLogAspect [ServiceLogAspect.java:39] 用户[0:0:0:0:0:0:0:1],在[2025-03-20 22:02:51],访问了[com.nowcoder.community.service.UserService.findUserById].
2025-03-20 22:02:51,731 INFO [http-nio-8080-exec-4] c.n.c.a.ServiceLogAspect [ServiceLogAspect.java:39] 用户[0:0:0:0:0:0:0:1],在[2025-03-20 22:02:51],访问了[com.nowcoder.community.service.MessageService.findNoticeCount].
2025-03-20 22:02:51,739 INFO [http-nio-8080-exec-4] c.n.c.a.ServiceLogAspect [ServiceLogAspect.java:39] 用户[0:0:0:0:0:0:0:1],在[2025-03-20 22:02:51],访问了[com.nowcoder.community.service.MessageService.findNoticeUnreadCount].
2025-03-20 22:02:51,746 INFO [http-nio-8080-exec-4] c.n.c.a.ServiceLogAspect [ServiceLogAspect.java:39] 用户[0:0:0:0:0:0:0:1],在[2025-03-20 22:02:51],访问了[com.nowcoder.community.service.MessageService.findLatestNotice].
2025-03-20 22:02:51,752 INFO [http-nio-8080-exec-4] c.n.c.a.ServiceLogAspect [ServiceLogAspect.java:39] 用户[0:0:0:0:0:0:0:1],在[2025-03-20 22:02:51],访问了[com.nowcoder.community.service.UserService.findUserById].
2025-03-20 22:02:51,754 INFO [http-nio-8080-exec-4] c.n.c.a.ServiceLogAspect [ServiceLogAspect.java:39] 用户[0:0:0:0:0:0:0:1],在[2025-03-20 22:02:51],访问了[com.nowcoder.community.service.MessageService.findNoticeCount].
2025-03-20 22:02:51,761 INFO [http-nio-8080-exec-4] c.n.c.a.ServiceLogAspect [ServiceLogAspect.java:39] 用户[0:0:0:0:0:0:0:1],在[2025-03-20 22:02:51],访问了[com.nowcoder.community.service.MessageService.findNoticeUnreadCount].
2025-03-20 22:02:51,770 INFO [http-nio-8080-exec-4] c.n.c.a.ServiceLogAspect [ServiceLogAspect.java:39] 用户[0:0:0:0:0:0:0:1],在[2025-03-20 22:02:51],访问了[com.nowcoder.community.service.MessageService.findLetterUnreadCount].
2025-03-20 22:02:51,771 INFO [http-nio-8080-exec-4] c.n.c.a.ServiceLogAspect [ServiceLogAspect.java:39] 用户[0:0:0:0:0:0:0:1],在[2025-03-20 22:02:51],访问了[com.nowcoder.community.service.MessageService.findNoticeUnreadCount].
2025-03-20 22:02:52,618 INFO [http-nio-8080-exec-5] c.n.c.a.ServiceLogAspect [ServiceLogAspect.java:39] 用户[0:0:0:0:0:0:0:1],在[2025-03-20 22:02:52],访问了[com.nowcoder.community.service.UserService.findLoginTicket].
2025-03-20 22:02:52,619 INFO [http-nio-8080-exec-5] c.n.c.a.ServiceLogAspect [ServiceLogAspect.java:39] 用户[0:0:0:0:0:0:0:1],在[2025-03-20 22:02:52],访问了[com.nowcoder.community.service.UserService.findUserById].
2025-03-20 22:02:52,620 INFO [http-nio-8080-exec-5] c.n.c.a.ServiceLogAspect [ServiceLogAspect.java:39] 用户[0:0:0:0:0:0:0:1],在[2025-03-20 22:02:52],访问了[com.nowcoder.community.service.MessageService.findConversationCount].
2025-03-20 22:02:52,630 INFO [http-nio-8080-exec-5] c.n.c.a.ServiceLogAspect [ServiceLogAspect.java:39] 用户[0:0:0:0:0:0:0:1],在[2025-03-20 22:02:52],访问了[com.nowcoder.community.service.MessageService.findConversations].
2025-03-20 22:02:52,639 INFO [http-nio-8080-exec-5] c.n.c.a.ServiceLogAspect [ServiceLogAspect.java:39] 用户[0:0:0:0:0:0:0:1],在[2025-03-20 22:02:52],访问了[com.nowcoder.community.service.MessageService.findLetterCount].
2025-03-20 22:02:52,640 INFO [http-nio-8080-exec-5] c.n.c.a.ServiceLogAspect [ServiceLogAspect.java:39] 用户[0:0:0:0:0:0:0:1],在[2025-03-20 22:02:52],访问了[com.nowcoder.community.service.MessageService.findLetterUnreadCount].
2025-03-20 22:02:52,648 INFO [http-nio-8080-exec-5] c.n.c.a.ServiceLogAspect [ServiceLogAspect.java:39] 用户[0:0:0:0:0:0:0:1],在[2025-03-20 22:02:52],访问了[com.nowcoder.community.service.UserService.findUserById].
2025-03-20 22:02:52,649 INFO [http-nio-8080-exec-5] c.n.c.a.ServiceLogAspect [ServiceLogAspect.java:39] 用户[0:0:0:0:0:0:0:1],在[2025-03-20 22:02:52],访问了[com.nowcoder.community.service.MessageService.findLetterCount].
2025-03-20 22:02:52,650 INFO [http-nio-8080-exec-5] c.n.c.a.ServiceLogAspect [ServiceLogAspect.java:39] 用户[0:0:0:0:0:0:0:1],在[2025-03-20 22:02:52],访问了[com.nowcoder.community.service.MessageService.findLetterUnreadCount].
2025-03-20 22:02:52,656 INFO [http-nio-8080-exec-5] c.n.c.a.ServiceLogAspect [ServiceLogAspect.java:39] 用户[0:0:0:0:0:0:0:1],在[2025-03-20 22:02:52],访问了[com.nowcoder.community.service.UserService.findUserById].
2025-03-20 22:02:52,657 INFO [http-nio-8080-exec-5] c.n.c.a.ServiceLogAspect [ServiceLogAspect.java:39] 用户[0:0:0:0:0:0:0:1],在[2025-03-20 22:02:52],访问了[com.nowcoder.community.service.MessageService.findLetterCount].
2025-03-20 22:02:52,658 INFO [http-nio-8080-exec-5] c.n.c.a.ServiceLogAspect [ServiceLogAspect.java:39] 用户[0:0:0:0:0:0:0:1],在[2025-03-20 22:02:52],访问了[com.nowcoder.community.service.MessageService.findLetterUnreadCount].
2025-03-20 22:02:52,659 INFO [http-nio-8080-exec-5] c.n.c.a.ServiceLogAspect [ServiceLogAspect.java:39] 用户[0:0:0:0:0:0:0:1],在[2025-03-20 22:02:52],访问了[com.nowcoder.community.service.UserService.findUserById].
2025-03-20 22:02:52,659 INFO [http-nio-8080-exec-5] c.n.c.a.ServiceLogAspect [ServiceLogAspect.java:39] 用户[0:0:0:0:0:0:0:1],在[2025-03-20 22:02:52],访问了[com.nowcoder.community.service.MessageService.findLetterCount].
2025-03-20 22:02:52,660 INFO [http-nio-8080-exec-5] c.n.c.a.ServiceLogAspect [ServiceLogAspect.java:39] 用户[0:0:0:0:0:0:0:1],在[2025-03-20 22:02:52],访问了[com.nowcoder.community.service.MessageService.findLetterUnreadCount].
2025-03-20 22:02:52,668 INFO [http-nio-8080-exec-5] c.n.c.a.ServiceLogAspect [ServiceLogAspect.java:39] 用户[0:0:0:0:0:0:0:1],在[2025-03-20 22:02:52],访问了[com.nowcoder.community.service.UserService.findUserById].
2025-03-20 22:02:52,669 INFO [http-nio-8080-exec-5] c.n.c.a.ServiceLogAspect [ServiceLogAspect.java:39] 用户[0:0:0:0:0:0:0:1],在[2025-03-20 22:02:52],访问了[com.nowcoder.community.service.MessageService.findLetterCount].
2025-03-20 22:02:52,670 INFO [http-nio-8080-exec-5] c.n.c.a.ServiceLogAspect [ServiceLogAspect.java:39] 用户[0:0:0:0:0:0:0:1],在[2025-03-20 22:02:52],访问了[com.nowcoder.community.service.MessageService.findLetterUnreadCount].
2025-03-20 22:02:52,677 INFO [http-nio-8080-exec-5] c.n.c.a.ServiceLogAspect [ServiceLogAspect.java:39] 用户[0:0:0:0:0:0:0:1],在[2025-03-20 22:02:52],访问了[com.nowcoder.community.service.UserService.findUserById].
2025-03-20 22:02:52,678 INFO [http-nio-8080-exec-5] c.n.c.a.ServiceLogAspect [ServiceLogAspect.java:39] 用户[0:0:0:0:0:0:0:1],在[2025-03-20 22:02:52],访问了[com.nowcoder.community.service.MessageService.findLetterUnreadCount].
2025-03-20 22:02:57,465 INFO [http-nio-8080-exec-9] c.n.c.a.ServiceLogAspect [ServiceLogAspect.java:39] 用户[0:0:0:0:0:0:0:1],在[2025-03-20 22:02:57],访问了[com.nowcoder.community.service.UserService.findLoginTicket].
2025-03-20 22:02:57,467 INFO [http-nio-8080-exec-9] c.n.c.a.ServiceLogAspect [ServiceLogAspect.java:39] 用户[0:0:0:0:0:0:0:1],在[2025-03-20 22:02:57],访问了[com.nowcoder.community.service.UserService.findUserById].
2025-03-20 22:02:57,467 INFO [http-nio-8080-exec-9] c.n.c.a.ServiceLogAspect [ServiceLogAspect.java:39] 用户[0:0:0:0:0:0:0:1],在[2025-03-20 22:02:57],访问了[com.nowcoder.community.service.MessageService.findLatestNotice].
2025-03-20 22:02:57,471 INFO [http-nio-8080-exec-9] c.n.c.a.ServiceLogAspect [ServiceLogAspect.java:39] 用户[0:0:0:0:0:0:0:1],在[2025-03-20 22:02:57],访问了[com.nowcoder.community.service.UserService.findUserById].
2025-03-20 22:02:57,472 INFO [http-nio-8080-exec-9] c.n.c.a.ServiceLogAspect [ServiceLogAspect.java:39] 用户[0:0:0:0:0:0:0:1],在[2025-03-20 22:02:57],访问了[com.nowcoder.community.service.MessageService.findNoticeCount].
2025-03-20 22:02:57,474 INFO [http-nio-8080-exec-9] c.n.c.a.ServiceLogAspect [ServiceLogAspect.java:39] 用户[0:0:0:0:0:0:0:1],在[2025-03-20 22:02:57],访问了[com.nowcoder.community.service.MessageService.findNoticeUnreadCount].
2025-03-20 22:02:57,475 INFO [http-nio-8080-exec-9] c.n.c.a.ServiceLogAspect [ServiceLogAspect.java:39] 用户[0:0:0:0:0:0:0:1],在[2025-03-20 22:02:57],访问了[com.nowcoder.community.service.MessageService.findLatestNotice].
2025-03-20 22:02:57,483 INFO [http-nio-8080-exec-9] c.n.c.a.ServiceLogAspect [ServiceLogAspect.java:39] 用户[0:0:0:0:0:0:0:1],在[2025-03-20 22:02:57],访问了[com.nowcoder.community.service.UserService.findUserById].
2025-03-20 22:02:57,483 INFO [http-nio-8080-exec-9] c.n.c.a.ServiceLogAspect [ServiceLogAspect.java:39] 用户[0:0:0:0:0:0:0:1],在[2025-03-20 22:02:57],访问了[com.nowcoder.community.service.MessageService.findNoticeCount].
2025-03-20 22:02:57,491 INFO [http-nio-8080-exec-9] c.n.c.a.ServiceLogAspect [ServiceLogAspect.java:39] 用户[0:0:0:0:0:0:0:1],在[2025-03-20 22:02:57],访问了[com.nowcoder.community.service.MessageService.findNoticeUnreadCount].
2025-03-20 22:02:57,499 INFO [http-nio-8080-exec-9] c.n.c.a.ServiceLogAspect [ServiceLogAspect.java:39] 用户[0:0:0:0:0:0:0:1],在[2025-03-20 22:02:57],访问了[com.nowcoder.community.service.MessageService.findLatestNotice].
2025-03-20 22:02:57,507 INFO [http-nio-8080-exec-9] c.n.c.a.ServiceLogAspect [ServiceLogAspect.java:39] 用户[0:0:0:0:0:0:0:1],在[2025-03-20 22:02:57],访问了[com.nowcoder.community.service.UserService.findUserById].
2025-03-20 22:02:57,507 INFO [http-nio-8080-exec-9] c.n.c.a.ServiceLogAspect [ServiceLogAspect.java:39] 用户[0:0:0:0:0:0:0:1],在[2025-03-20 22:02:57],访问了[com.nowcoder.community.service.MessageService.findNoticeCount].
2025-03-20 22:02:57,515 INFO [http-nio-8080-exec-9] c.n.c.a.ServiceLogAspect [ServiceLogAspect.java:39] 用户[0:0:0:0:0:0:0:1],在[2025-03-20 22:02:57],访问了[com.nowcoder.community.service.MessageService.findNoticeUnreadCount].
2025-03-20 22:02:57,523 INFO [http-nio-8080-exec-9] c.n.c.a.ServiceLogAspect [ServiceLogAspect.java:39] 用户[0:0:0:0:0:0:0:1],在[2025-03-20 22:02:57],访问了[com.nowcoder.community.service.MessageService.findLetterUnreadCount].
2025-03-20 22:02:57,524 INFO [http-nio-8080-exec-9] c.n.c.a.ServiceLogAspect [ServiceLogAspect.java:39] 用户[0:0:0:0:0:0:0:1],在[2025-03-20 22:02:57],访问了[com.nowcoder.community.service.MessageService.findNoticeUnreadCount].
2025-03-20 22:02:58,635 INFO [http-nio-8080-exec-6] c.n.c.a.ServiceLogAspect [ServiceLogAspect.java:39] 用户[0:0:0:0:0:0:0:1],在[2025-03-20 22:02:58],访问了[com.nowcoder.community.service.UserService.findLoginTicket].
2025-03-20 22:02:58,636 INFO [http-nio-8080-exec-6] c.n.c.a.ServiceLogAspect [ServiceLogAspect.java:39] 用户[0:0:0:0:0:0:0:1],在[2025-03-20 22:02:58],访问了[com.nowcoder.community.service.UserService.findUserById].
2025-03-20 22:02:58,637 INFO [http-nio-8080-exec-6] c.n.c.a.ServiceLogAspect [ServiceLogAspect.java:39] 用户[0:0:0:0:0:0:0:1],在[2025-03-20 22:02:58],访问了[com.nowcoder.community.service.MessageService.findConversationCount].
2025-03-20 22:02:58,645 INFO [http-nio-8080-exec-6] c.n.c.a.ServiceLogAspect [ServiceLogAspect.java:39] 用户[0:0:0:0:0:0:0:1],在[2025-03-20 22:02:58],访问了[com.nowcoder.community.service.MessageService.findConversations].
2025-03-20 22:02:58,654 INFO [http-nio-8080-exec-6] c.n.c.a.ServiceLogAspect [ServiceLogAspect.java:39] 用户[0:0:0:0:0:0:0:1],在[2025-03-20 22:02:58],访问了[com.nowcoder.community.service.MessageService.findLetterCount].
2025-03-20 22:02:58,655 INFO [http-nio-8080-exec-6] c.n.c.a.ServiceLogAspect [ServiceLogAspect.java:39] 用户[0:0:0:0:0:0:0:1],在[2025-03-20 22:02:58],访问了[com.nowcoder.community.service.MessageService.findLetterUnreadCount].
2025-03-20 22:02:58,664 INFO [http-nio-8080-exec-6] c.n.c.a.ServiceLogAspect [ServiceLogAspect.java:39] 用户[0:0:0:0:0:0:0:1],在[2025-03-20 22:02:58],访问了[com.nowcoder.community.service.UserService.findUserById].
2025-03-20 22:02:58,664 INFO [http-nio-8080-exec-6] c.n.c.a.ServiceLogAspect [ServiceLogAspect.java:39] 用户[0:0:0:0:0:0:0:1],在[2025-03-20 22:02:58],访问了[com.nowcoder.community.service.MessageService.findLetterCount].
2025-03-20 22:02:58,666 INFO [http-nio-8080-exec-6] c.n.c.a.ServiceLogAspect [ServiceLogAspect.java:39] 用户[0:0:0:0:0:0:0:1],在[2025-03-20 22:02:58],访问了[com.nowcoder.community.service.MessageService.findLetterUnreadCount].
2025-03-20 22:02:58,673 INFO [http-nio-8080-exec-6] c.n.c.a.ServiceLogAspect [ServiceLogAspect.java:39] 用户[0:0:0:0:0:0:0:1],在[2025-03-20 22:02:58],访问了[com.nowcoder.community.service.UserService.findUserById].
2025-03-20 22:02:58,675 INFO [http-nio-8080-exec-6] c.n.c.a.ServiceLogAspect [ServiceLogAspect.java:39] 用户[0:0:0:0:0:0:0:1],在[2025-03-20 22:02:58],访问了[com.nowcoder.community.service.MessageService.findLetterCount].
2025-03-20 22:02:58,676 INFO [http-nio-8080-exec-6] c.n.c.a.ServiceLogAspect [ServiceLogAspect.java:39] 用户[0:0:0:0:0:0:0:1],在[2025-03-20 22:02:58],访问了[com.nowcoder.community.service.MessageService.findLetterUnreadCount].
2025-03-20 22:02:58,677 INFO [http-nio-8080-exec-6] c.n.c.a.ServiceLogAspect [ServiceLogAspect.java:39] 用户[0:0:0:0:0:0:0:1],在[2025-03-20 22:02:58],访问了[com.nowcoder.community.service.UserService.findUserById].
2025-03-20 22:02:58,677 INFO [http-nio-8080-exec-6] c.n.c.a.ServiceLogAspect [ServiceLogAspect.java:39] 用户[0:0:0:0:0:0:0:1],在[2025-03-20 22:02:58],访问了[com.nowcoder.community.service.MessageService.findLetterCount].
2025-03-20 22:02:58,678 INFO [http-nio-8080-exec-6] c.n.c.a.ServiceLogAspect [ServiceLogAspect.java:39] 用户[0:0:0:0:0:0:0:1],在[2025-03-20 22:02:58],访问了[com.nowcoder.community.service.MessageService.findLetterUnreadCount].
2025-03-20 22:02:58,685 INFO [http-nio-8080-exec-6] c.n.c.a.ServiceLogAspect [ServiceLogAspect.java:39] 用户[0:0:0:0:0:0:0:1],在[2025-03-20 22:02:58],访问了[com.nowcoder.community.service.UserService.findUserById].
2025-03-20 22:02:58,687 INFO [http-nio-8080-exec-6] c.n.c.a.ServiceLogAspect [ServiceLogAspect.java:39] 用户[0:0:0:0:0:0:0:1],在[2025-03-20 22:02:58],访问了[com.nowcoder.community.service.MessageService.findLetterCount].
2025-03-20 22:02:58,688 INFO [http-nio-8080-exec-6] c.n.c.a.ServiceLogAspect [ServiceLogAspect.java:39] 用户[0:0:0:0:0:0:0:1],在[2025-03-20 22:02:58],访问了[com.nowcoder.community.service.MessageService.findLetterUnreadCount].
2025-03-20 22:02:58,696 INFO [http-nio-8080-exec-6] c.n.c.a.ServiceLogAspect [ServiceLogAspect.java:39] 用户[0:0:0:0:0:0:0:1],在[2025-03-20 22:02:58],访问了[com.nowcoder.community.service.UserService.findUserById].
2025-03-20 22:02:58,696 INFO [http-nio-8080-exec-6] c.n.c.a.ServiceLogAspect [ServiceLogAspect.java:39] 用户[0:0:0:0:0:0:0:1],在[2025-03-20 22:02:58],访问了[com.nowcoder.community.service.MessageService.findLetterUnreadCount].
2025-03-20 22:03:01,087 INFO [http-nio-8080-exec-8] c.n.c.a.ServiceLogAspect [ServiceLogAspect.java:39] 用户[0:0:0:0:0:0:0:1],在[2025-03-20 22:03:01],访问了[com.nowcoder.community.service.UserService.findLoginTicket].
2025-03-20 22:03:01,088 INFO [http-nio-8080-exec-8] c.n.c.a.ServiceLogAspect [ServiceLogAspect.java:39] 用户[0:0:0:0:0:0:0:1],在[2025-03-20 22:03:01],访问了[com.nowcoder.community.service.UserService.findUserById].
2025-03-20 22:03:01,089 INFO [http-nio-8080-exec-8] c.n.c.a.ServiceLogAspect [ServiceLogAspect.java:39] 用户[0:0:0:0:0:0:0:1],在[2025-03-20 22:03:01],访问了[com.nowcoder.community.service.MessageService.findLatestNotice].
2025-03-20 22:03:01,091 INFO [http-nio-8080-exec-8] c.n.c.a.ServiceLogAspect [ServiceLogAspect.java:39] 用户[0:0:0:0:0:0:0:1],在[2025-03-20 22:03:01],访问了[com.nowcoder.community.service.UserService.findUserById].
2025-03-20 22:03:01,092 INFO [http-nio-8080-exec-8] c.n.c.a.ServiceLogAspect [ServiceLogAspect.java:39] 用户[0:0:0:0:0:0:0:1],在[2025-03-20 22:03:01],访问了[com.nowcoder.community.service.MessageService.findNoticeCount].
2025-03-20 22:03:01,093 INFO [http-nio-8080-exec-8] c.n.c.a.ServiceLogAspect [ServiceLogAspect.java:39] 用户[0:0:0:0:0:0:0:1],在[2025-03-20 22:03:01],访问了[com.nowcoder.community.service.MessageService.findNoticeUnreadCount].
2025-03-20 22:03:01,094 INFO [http-nio-8080-exec-8] c.n.c.a.ServiceLogAspect [ServiceLogAspect.java:39] 用户[0:0:0:0:0:0:0:1],在[2025-03-20 22:03:01],访问了[com.nowcoder.community.service.MessageService.findLatestNotice].
2025-03-20 22:03:01,101 INFO [http-nio-8080-exec-8] c.n.c.a.ServiceLogAspect [ServiceLogAspect.java:39] 用户[0:0:0:0:0:0:0:1],在[2025-03-20 22:03:01],访问了[com.nowcoder.community.service.UserService.findUserById].
2025-03-20 22:03:01,102 INFO [http-nio-8080-exec-8] c.n.c.a.ServiceLogAspect [ServiceLogAspect.java:39] 用户[0:0:0:0:0:0:0:1],在[2025-03-20 22:03:01],访问了[com.nowcoder.community.service.MessageService.findNoticeCount].
2025-03-20 22:03:01,110 INFO [http-nio-8080-exec-8] c.n.c.a.ServiceLogAspect [ServiceLogAspect.java:39] 用户[0:0:0:0:0:0:0:1],在[2025-03-20 22:03:01],访问了[com.nowcoder.community.service.MessageService.findNoticeUnreadCount].
2025-03-20 22:03:01,118 INFO [http-nio-8080-exec-8] c.n.c.a.ServiceLogAspect [ServiceLogAspect.java:39] 用户[0:0:0:0:0:0:0:1],在[2025-03-20 22:03:01],访问了[com.nowcoder.community.service.MessageService.findLatestNotice].
2025-03-20 22:03:01,126 INFO [http-nio-8080-exec-8] c.n.c.a.ServiceLogAspect [ServiceLogAspect.java:39] 用户[0:0:0:0:0:0:0:1],在[2025-03-20 22:03:01],访问了[com.nowcoder.community.service.UserService.findUserById].
2025-03-20 22:03:01,127 INFO [http-nio-8080-exec-8] c.n.c.a.ServiceLogAspect [ServiceLogAspect.java:39] 用户[0:0:0:0:0:0:0:1],在[2025-03-20 22:03:01],访问了[com.nowcoder.community.service.MessageService.findNoticeCount].
2025-03-20 22:03:01,134 INFO [http-nio-8080-exec-8] c.n.c.a.ServiceLogAspect [ServiceLogAspect.java:39] 用户[0:0:0:0:0:0:0:1],在[2025-03-20 22:03:01],访问了[com.nowcoder.community.service.MessageService.findNoticeUnreadCount].
2025-03-20 22:03:01,143 INFO [http-nio-8080-exec-8] c.n.c.a.ServiceLogAspect [ServiceLogAspect.java:39] 用户[0:0:0:0:0:0:0:1],在[2025-03-20 22:03:01],访问了[com.nowcoder.community.service.MessageService.findLetterUnreadCount].
2025-03-20 22:03:01,144 INFO [http-nio-8080-exec-8] c.n.c.a.ServiceLogAspect [ServiceLogAspect.java:39] 用户[0:0:0:0:0:0:0:1],在[2025-03-20 22:03:01],访问了[com.nowcoder.community.service.MessageService.findNoticeUnreadCount].
2025-03-20 22:03:02,938 INFO [http-nio-8080-exec-2] c.n.c.a.ServiceLogAspect [ServiceLogAspect.java:39] 用户[0:0:0:0:0:0:0:1],在[2025-03-20 22:03:02],访问了[com.nowcoder.community.service.UserService.findLoginTicket].
2025-03-20 22:03:02,938 INFO [http-nio-8080-exec-2] c.n.c.a.ServiceLogAspect [ServiceLogAspect.java:39] 用户[0:0:0:0:0:0:0:1],在[2025-03-20 22:03:02],访问了[com.nowcoder.community.service.UserService.findUserById].
2025-03-20 22:03:02,940 INFO [http-nio-8080-exec-2] c.n.c.a.ServiceLogAspect [ServiceLogAspect.java:39] 用户[0:0:0:0:0:0:0:1],在[2025-03-20 22:03:02],访问了[com.nowcoder.community.service.MessageService.findConversationCount].
2025-03-20 22:03:02,949 INFO [http-nio-8080-exec-2] c.n.c.a.ServiceLogAspect [ServiceLogAspect.java:39] 用户[0:0:0:0:0:0:0:1],在[2025-03-20 22:03:02],访问了[com.nowcoder.community.service.MessageService.findConversations].
2025-03-20 22:03:02,957 INFO [http-nio-8080-exec-2] c.n.c.a.ServiceLogAspect [ServiceLogAspect.java:39] 用户[0:0:0:0:0:0:0:1],在[2025-03-20 22:03:02],访问了[com.nowcoder.community.service.MessageService.findLetterCount].
2025-03-20 22:03:02,958 INFO [http-nio-8080-exec-2] c.n.c.a.ServiceLogAspect [ServiceLogAspect.java:39] 用户[0:0:0:0:0:0:0:1],在[2025-03-20 22:03:02],访问了[com.nowcoder.community.service.MessageService.findLetterUnreadCount].
2025-03-20 22:03:02,966 INFO [http-nio-8080-exec-2] c.n.c.a.ServiceLogAspect [ServiceLogAspect.java:39] 用户[0:0:0:0:0:0:0:1],在[2025-03-20 22:03:02],访问了[com.nowcoder.community.service.UserService.findUserById].
2025-03-20 22:03:02,967 INFO [http-nio-8080-exec-2] c.n.c.a.ServiceLogAspect [ServiceLogAspect.java:39] 用户[0:0:0:0:0:0:0:1],在[2025-03-20 22:03:02],访问了[com.nowcoder.community.service.MessageService.findLetterCount].
2025-03-20 22:03:02,968 INFO [http-nio-8080-exec-2] c.n.c.a.ServiceLogAspect [ServiceLogAspect.java:39] 用户[0:0:0:0:0:0:0:1],在[2025-03-20 22:03:02],访问了[com.nowcoder.community.service.MessageService.findLetterUnreadCount].
2025-03-20 22:03:02,976 INFO [http-nio-8080-exec-2] c.n.c.a.ServiceLogAspect [ServiceLogAspect.java:39] 用户[0:0:0:0:0:0:0:1],在[2025-03-20 22:03:02],访问了[com.nowcoder.community.service.UserService.findUserById].
2025-03-20 22:03:02,977 INFO [http-nio-8080-exec-2] c.n.c.a.ServiceLogAspect [ServiceLogAspect.java:39] 用户[0:0:0:0:0:0:0:1],在[2025-03-20 22:03:02],访问了[com.nowcoder.community.service.MessageService.findLetterCount].
2025-03-20 22:03:02,977 INFO [http-nio-8080-exec-2] c.n.c.a.ServiceLogAspect [ServiceLogAspect.java:39] 用户[0:0:0:0:0:0:0:1],在[2025-03-20 22:03:02],访问了[com.nowcoder.community.service.MessageService.findLetterUnreadCount].
2025-03-20 22:03:02,979 INFO [http-nio-8080-exec-2] c.n.c.a.ServiceLogAspect [ServiceLogAspect.java:39] 用户[0:0:0:0:0:0:0:1],在[2025-03-20 22:03:02],访问了[com.nowcoder.community.service.UserService.findUserById].
2025-03-20 22:03:02,980 INFO [http-nio-8080-exec-2] c.n.c.a.ServiceLogAspect [ServiceLogAspect.java:39] 用户[0:0:0:0:0:0:0:1],在[2025-03-20 22:03:02],访问了[com.nowcoder.community.service.MessageService.findLetterCount].
2025-03-20 22:03:02,981 INFO [http-nio-8080-exec-2] c.n.c.a.ServiceLogAspect [ServiceLogAspect.java:39] 用户[0:0:0:0:0:0:0:1],在[2025-03-20 22:03:02],访问了[com.nowcoder.community.service.MessageService.findLetterUnreadCount].
2025-03-20 22:03:02,988 INFO [http-nio-8080-exec-2] c.n.c.a.ServiceLogAspect [ServiceLogAspect.java:39] 用户[0:0:0:0:0:0:0:1],在[2025-03-20 22:03:02],访问了[com.nowcoder.community.service.UserService.findUserById].
2025-03-20 22:03:02,989 INFO [http-nio-8080-exec-2] c.n.c.a.ServiceLogAspect [ServiceLogAspect.java:39] 用户[0:0:0:0:0:0:0:1],在[2025-03-20 22:03:02],访问了[com.nowcoder.community.service.MessageService.findLetterCount].
2025-03-20 22:03:02,990 INFO [http-nio-8080-exec-2] c.n.c.a.ServiceLogAspect [ServiceLogAspect.java:39] 用户[0:0:0:0:0:0:0:1],在[2025-03-20 22:03:02],访问了[com.nowcoder.community.service.MessageService.findLetterUnreadCount].
2025-03-20 22:03:02,999 INFO [http-nio-8080-exec-2] c.n.c.a.ServiceLogAspect [ServiceLogAspect.java:39] 用户[0:0:0:0:0:0:0:1],在[2025-03-20 22:03:02],访问了[com.nowcoder.community.service.UserService.findUserById].
2025-03-20 22:03:03,000 INFO [http-nio-8080-exec-2] c.n.c.a.ServiceLogAspect [ServiceLogAspect.java:39] 用户[0:0:0:0:0:0:0:1],在[2025-03-20 22:03:03],访问了[com.nowcoder.community.service.MessageService.findLetterUnreadCount].
2025-03-20 22:03:04,026 INFO [http-nio-8080-exec-1] c.n.c.a.ServiceLogAspect [ServiceLogAspect.java:39] 用户[0:0:0:0:0:0:0:1],在[2025-03-20 22:03:04],访问了[com.nowcoder.community.service.UserService.findLoginTicket].
2025-03-20 22:03:04,027 INFO [http-nio-8080-exec-1] c.n.c.a.ServiceLogAspect [ServiceLogAspect.java:39] 用户[0:0:0:0:0:0:0:1],在[2025-03-20 22:03:04],访问了[com.nowcoder.community.service.UserService.findUserById].
2025-03-20 22:03:04,028 INFO [http-nio-8080-exec-1] c.n.c.a.ServiceLogAspect [ServiceLogAspect.java:39] 用户[0:0:0:0:0:0:0:1],在[2025-03-20 22:03:04],访问了[com.nowcoder.community.service.DiscussPostService.findDiscussPostRows].
2025-03-20 22:03:04,030 INFO [http-nio-8080-exec-1] c.n.c.a.ServiceLogAspect [ServiceLogAspect.java:39] 用户[0:0:0:0:0:0:0:1],在[2025-03-20 22:03:04],访问了[com.nowcoder.community.service.DiscussPostService.findDiscussPosts].
2025-03-20 22:03:04,031 INFO [http-nio-8080-exec-1] c.n.c.a.ServiceLogAspect [ServiceLogAspect.java:39] 用户[0:0:0:0:0:0:0:1],在[2025-03-20 22:03:04],访问了[com.nowcoder.community.service.UserService.findUserById].
2025-03-20 22:03:04,032 INFO [http-nio-8080-exec-1] c.n.c.a.ServiceLogAspect [ServiceLogAspect.java:39] 用户[0:0:0:0:0:0:0:1],在[2025-03-20 22:03:04],访问了[com.nowcoder.community.service.LikeService.findEntityLikeCount].
2025-03-20 22:03:04,032 INFO [http-nio-8080-exec-1] c.n.c.a.ServiceLogAspect [ServiceLogAspect.java:39] 用户[0:0:0:0:0:0:0:1],在[2025-03-20 22:03:04],访问了[com.nowcoder.community.service.UserService.findUserById].
2025-03-20 22:03:04,033 INFO [http-nio-8080-exec-1] c.n.c.a.ServiceLogAspect [ServiceLogAspect.java:39] 用户[0:0:0:0:0:0:0:1],在[2025-03-20 22:03:04],访问了[com.nowcoder.community.service.LikeService.findEntityLikeCount].
2025-03-20 22:03:04,033 INFO [http-nio-8080-exec-1] c.n.c.a.ServiceLogAspect [ServiceLogAspect.java:39] 用户[0:0:0:0:0:0:0:1],在[2025-03-20 22:03:04],访问了[com.nowcoder.community.service.UserService.findUserById].
2025-03-20 22:03:04,033 INFO [http-nio-8080-exec-1] c.n.c.a.ServiceLogAspect [ServiceLogAspect.java:39] 用户[0:0:0:0:0:0:0:1],在[2025-03-20 22:03:04],访问了[com.nowcoder.community.service.LikeService.findEntityLikeCount].
2025-03-20 22:03:04,034 INFO [http-nio-8080-exec-1] c.n.c.a.ServiceLogAspect [ServiceLogAspect.java:39] 用户[0:0:0:0:0:0:0:1],在[2025-03-20 22:03:04],访问了[com.nowcoder.community.service.UserService.findUserById].
2025-03-20 22:03:04,034 INFO [http-nio-8080-exec-1] c.n.c.a.ServiceLogAspect [ServiceLogAspect.java:39] 用户[0:0:0:0:0:0:0:1],在[2025-03-20 22:03:04],访问了[com.nowcoder.community.service.LikeService.findEntityLikeCount].
2025-03-20 22:03:04,034 INFO [http-nio-8080-exec-1] c.n.c.a.ServiceLogAspect [ServiceLogAspect.java:39] 用户[0:0:0:0:0:0:0:1],在[2025-03-20 22:03:04],访问了[com.nowcoder.community.service.UserService.findUserById].
2025-03-20 22:03:04,034 INFO [http-nio-8080-exec-1] c.n.c.a.ServiceLogAspect [ServiceLogAspect.java:39] 用户[0:0:0:0:0:0:0:1],在[2025-03-20 22:03:04],访问了[com.nowcoder.community.service.LikeService.findEntityLikeCount].
2025-03-20 22:03:04,035 INFO [http-nio-8080-exec-1] c.n.c.a.ServiceLogAspect [ServiceLogAspect.java:39] 用户[0:0:0:0:0:0:0:1],在[2025-03-20 22:03:04],访问了[com.nowcoder.community.service.UserService.findUserById].
2025-03-20 22:03:04,035 INFO [http-nio-8080-exec-1] c.n.c.a.ServiceLogAspect [ServiceLogAspect.java:39] 用户[0:0:0:0:0:0:0:1],在[2025-03-20 22:03:04],访问了[com.nowcoder.community.service.LikeService.findEntityLikeCount].
2025-03-20 22:03:04,035 INFO [http-nio-8080-exec-1] c.n.c.a.ServiceLogAspect [ServiceLogAspect.java:39] 用户[0:0:0:0:0:0:0:1],在[2025-03-20 22:03:04],访问了[com.nowcoder.community.service.UserService.findUserById].
2025-03-20 22:03:04,035 INFO [http-nio-8080-exec-1] c.n.c.a.ServiceLogAspect [ServiceLogAspect.java:39] 用户[0:0:0:0:0:0:0:1],在[2025-03-20 22:03:04],访问了[com.nowcoder.community.service.LikeService.findEntityLikeCount].
2025-03-20 22:03:04,035 INFO [http-nio-8080-exec-1] c.n.c.a.ServiceLogAspect [ServiceLogAspect.java:39] 用户[0:0:0:0:0:0:0:1],在[2025-03-20 22:03:04],访问了[com.nowcoder.community.service.UserService.findUserById].
2025-03-20 22:03:04,035 INFO [http-nio-8080-exec-1] c.n.c.a.ServiceLogAspect [ServiceLogAspect.java:39] 用户[0:0:0:0:0:0:0:1],在[2025-03-20 22:03:04],访问了[com.nowcoder.community.service.LikeService.findEntityLikeCount].
2025-03-20 22:03:04,035 INFO [http-nio-8080-exec-1] c.n.c.a.ServiceLogAspect [ServiceLogAspect.java:39] 用户[0:0:0:0:0:0:0:1],在[2025-03-20 22:03:04],访问了[com.nowcoder.community.service.UserService.findUserById].
2025-03-20 22:03:04,037 INFO [http-nio-8080-exec-1] c.n.c.a.ServiceLogAspect [ServiceLogAspect.java:39] 用户[0:0:0:0:0:0:0:1],在[2025-03-20 22:03:04],访问了[com.nowcoder.community.service.LikeService.findEntityLikeCount].
2025-03-20 22:03:04,037 INFO [http-nio-8080-exec-1] c.n.c.a.ServiceLogAspect [ServiceLogAspect.java:39] 用户[0:0:0:0:0:0:0:1],在[2025-03-20 22:03:04],访问了[com.nowcoder.community.service.UserService.findUserById].
2025-03-20 22:03:04,037 INFO [http-nio-8080-exec-1] c.n.c.a.ServiceLogAspect [ServiceLogAspect.java:39] 用户[0:0:0:0:0:0:0:1],在[2025-03-20 22:03:04],访问了[com.nowcoder.community.service.LikeService.findEntityLikeCount].
2025-03-20 22:03:05,304 INFO [http-nio-8080-exec-2] c.n.c.a.ServiceLogAspect [ServiceLogAspect.java:39] 用户[0:0:0:0:0:0:0:1],在[2025-03-20 22:03:05],访问了[com.nowcoder.community.service.UserService.findLoginTicket].
2025-03-20 22:03:05,305 INFO [http-nio-8080-exec-2] c.n.c.a.ServiceLogAspect [ServiceLogAspect.java:39] 用户[0:0:0:0:0:0:0:1],在[2025-03-20 22:03:05],访问了[com.nowcoder.community.service.UserService.findUserById].
2025-03-20 22:03:05,307 INFO [http-nio-8080-exec-2] c.n.c.a.ServiceLogAspect [ServiceLogAspect.java:39] 用户[0:0:0:0:0:0:0:1],在[2025-03-20 22:03:05],访问了[com.nowcoder.community.service.MessageService.findConversationCount].
2025-03-20 22:03:05,315 INFO [http-nio-8080-exec-2] c.n.c.a.ServiceLogAspect [ServiceLogAspect.java:39] 用户[0:0:0:0:0:0:0:1],在[2025-03-20 22:03:05],访问了[com.nowcoder.community.service.MessageService.findConversations].
2025-03-20 22:03:05,323 INFO [http-nio-8080-exec-2] c.n.c.a.ServiceLogAspect [ServiceLogAspect.java:39] 用户[0:0:0:0:0:0:0:1],在[2025-03-20 22:03:05],访问了[com.nowcoder.community.service.MessageService.findLetterCount].
2025-03-20 22:03:05,324 INFO [http-nio-8080-exec-2] c.n.c.a.ServiceLogAspect [ServiceLogAspect.java:39] 用户[0:0:0:0:0:0:0:1],在[2025-03-20 22:03:05],访问了[com.nowcoder.community.service.MessageService.findLetterUnreadCount].
2025-03-20 22:03:05,332 INFO [http-nio-8080-exec-2] c.n.c.a.ServiceLogAspect [ServiceLogAspect.java:39] 用户[0:0:0:0:0:0:0:1],在[2025-03-20 22:03:05],访问了[com.nowcoder.community.service.UserService.findUserById].
2025-03-20 22:03:05,333 INFO [http-nio-8080-exec-2] c.n.c.a.ServiceLogAspect [ServiceLogAspect.java:39] 用户[0:0:0:0:0:0:0:1],在[2025-03-20 22:03:05],访问了[com.nowcoder.community.service.MessageService.findLetterCount].
2025-03-20 22:03:05,334 INFO [http-nio-8080-exec-2] c.n.c.a.ServiceLogAspect [ServiceLogAspect.java:39] 用户[0:0:0:0:0:0:0:1],在[2025-03-20 22:03:05],访问了[com.nowcoder.community.service.MessageService.findLetterUnreadCount].
2025-03-20 22:03:05,342 INFO [http-nio-8080-exec-2] c.n.c.a.ServiceLogAspect [ServiceLogAspect.java:39] 用户[0:0:0:0:0:0:0:1],在[2025-03-20 22:03:05],访问了[com.nowcoder.community.service.UserService.findUserById].
2025-03-20 22:03:05,342 INFO [http-nio-8080-exec-2] c.n.c.a.ServiceLogAspect [ServiceLogAspect.java:39] 用户[0:0:0:0:0:0:0:1],在[2025-03-20 22:03:05],访问了[com.nowcoder.community.service.MessageService.findLetterCount].
2025-03-20 22:03:05,343 INFO [http-nio-8080-exec-2] c.n.c.a.ServiceLogAspect [ServiceLogAspect.java:39] 用户[0:0:0:0:0:0:0:1],在[2025-03-20 22:03:05],访问了[com.nowcoder.community.service.MessageService.findLetterUnreadCount].
2025-03-20 22:03:05,344 INFO [http-nio-8080-exec-2] c.n.c.a.ServiceLogAspect [ServiceLogAspect.java:39] 用户[0:0:0:0:0:0:0:1],在[2025-03-20 22:03:05],访问了[com.nowcoder.community.service.UserService.findUserById].
2025-03-20 22:03:05,344 INFO [http-nio-8080-exec-2] c.n.c.a.ServiceLogAspect [ServiceLogAspect.java:39] 用户[0:0:0:0:0:0:0:1],在[2025-03-20 22:03:05],访问了[com.nowcoder.community.service.MessageService.findLetterCount].
2025-03-20 22:03:05,345 INFO [http-nio-8080-exec-2] c.n.c.a.ServiceLogAspect [ServiceLogAspect.java:39] 用户[0:0:0:0:0:0:0:1],在[2025-03-20 22:03:05],访问了[com.nowcoder.community.service.MessageService.findLetterUnreadCount].
2025-03-20 22:03:05,352 INFO [http-nio-8080-exec-2] c.n.c.a.ServiceLogAspect [ServiceLogAspect.java:39] 用户[0:0:0:0:0:0:0:1],在[2025-03-20 22:03:05],访问了[com.nowcoder.community.service.UserService.findUserById].
2025-03-20 22:03:05,353 INFO [http-nio-8080-exec-2] c.n.c.a.ServiceLogAspect [ServiceLogAspect.java:39] 用户[0:0:0:0:0:0:0:1],在[2025-03-20 22:03:05],访问了[com.nowcoder.community.service.MessageService.findLetterCount].
2025-03-20 22:03:05,354 INFO [http-nio-8080-exec-2] c.n.c.a.ServiceLogAspect [ServiceLogAspect.java:39] 用户[0:0:0:0:0:0:0:1],在[2025-03-20 22:03:05],访问了[com.nowcoder.community.service.MessageService.findLetterUnreadCount].
2025-03-20 22:03:05,362 INFO [http-nio-8080-exec-2] c.n.c.a.ServiceLogAspect [ServiceLogAspect.java:39] 用户[0:0:0:0:0:0:0:1],在[2025-03-20 22:03:05],访问了[com.nowcoder.community.service.UserService.findUserById].
2025-03-20 22:03:05,363 INFO [http-nio-8080-exec-2] c.n.c.a.ServiceLogAspect [ServiceLogAspect.java:39] 用户[0:0:0:0:0:0:0:1],在[2025-03-20 22:03:05],访问了[com.nowcoder.community.service.MessageService.findLetterUnreadCount].
2025-03-20 22:03:06,396 INFO [http-nio-8080-exec-1] c.n.c.a.ServiceLogAspect [ServiceLogAspect.java:39] 用户[0:0:0:0:0:0:0:1],在[2025-03-20 22:03:06],访问了[com.nowcoder.community.service.UserService.findLoginTicket].
2025-03-20 22:03:06,397 INFO [http-nio-8080-exec-1] c.n.c.a.ServiceLogAspect [ServiceLogAspect.java:39] 用户[0:0:0:0:0:0:0:1],在[2025-03-20 22:03:06],访问了[com.nowcoder.community.service.UserService.findUserById].
2025-03-20 22:03:06,398 INFO [http-nio-8080-exec-1] c.n.c.a.ServiceLogAspect [ServiceLogAspect.java:39] 用户[0:0:0:0:0:0:0:1],在[2025-03-20 22:03:06],访问了[com.nowcoder.community.service.MessageService.findLatestNotice].
2025-03-20 22:03:06,401 INFO [http-nio-8080-exec-1] c.n.c.a.ServiceLogAspect [ServiceLogAspect.java:39] 用户[0:0:0:0:0:0:0:1],在[2025-03-20 22:03:06],访问了[com.nowcoder.community.service.UserService.findUserById].
2025-03-20 22:03:06,401 INFO [http-nio-8080-exec-1] c.n.c.a.ServiceLogAspect [ServiceLogAspect.java:39] 用户[0:0:0:0:0:0:0:1],在[2025-03-20 22:03:06],访问了[com.nowcoder.community.service.MessageService.findNoticeCount].
2025-03-20 22:03:06,402 INFO [http-nio-8080-exec-1] c.n.c.a.ServiceLogAspect [ServiceLogAspect.java:39] 用户[0:0:0:0:0:0:0:1],在[2025-03-20 22:03:06],访问了[com.nowcoder.community.service.MessageService.findNoticeUnreadCount].
2025-03-20 22:03:06,403 INFO [http-nio-8080-exec-1] c.n.c.a.ServiceLogAspect [ServiceLogAspect.java:39] 用户[0:0:0:0:0:0:0:1],在[2025-03-20 22:03:06],访问了[com.nowcoder.community.service.MessageService.findLatestNotice].
2025-03-20 22:03:06,411 INFO [http-nio-8080-exec-1] c.n.c.a.ServiceLogAspect [ServiceLogAspect.java:39] 用户[0:0:0:0:0:0:0:1],在[2025-03-20 22:03:06],访问了[com.nowcoder.community.service.UserService.findUserById].
2025-03-20 22:03:06,411 INFO [http-nio-8080-exec-1] c.n.c.a.ServiceLogAspect [ServiceLogAspect.java:39] 用户[0:0:0:0:0:0:0:1],在[2025-03-20 22:03:06],访问了[com.nowcoder.community.service.MessageService.findNoticeCount].
2025-03-20 22:03:06,420 INFO [http-nio-8080-exec-1] c.n.c.a.ServiceLogAspect [ServiceLogAspect.java:39] 用户[0:0:0:0:0:0:0:1],在[2025-03-20 22:03:06],访问了[com.nowcoder.community.service.MessageService.findNoticeUnreadCount].
2025-03-20 22:03:06,427 INFO [http-nio-8080-exec-1] c.n.c.a.ServiceLogAspect [ServiceLogAspect.java:39] 用户[0:0:0:0:0:0:0:1],在[2025-03-20 22:03:06],访问了[com.nowcoder.community.service.MessageService.findLatestNotice].
2025-03-20 22:03:06,435 INFO [http-nio-8080-exec-1] c.n.c.a.ServiceLogAspect [ServiceLogAspect.java:39] 用户[0:0:0:0:0:0:0:1],在[2025-03-20 22:03:06],访问了[com.nowcoder.community.service.UserService.findUserById].
2025-03-20 22:03:06,436 INFO [http-nio-8080-exec-1] c.n.c.a.ServiceLogAspect [ServiceLogAspect.java:39] 用户[0:0:0:0:0:0:0:1],在[2025-03-20 22:03:06],访问了[com.nowcoder.community.service.MessageService.findNoticeCount].
2025-03-20 22:03:06,444 INFO [http-nio-8080-exec-1] c.n.c.a.ServiceLogAspect [ServiceLogAspect.java:39] 用户[0:0:0:0:0:0:0:1],在[2025-03-20 22:03:06],访问了[com.nowcoder.community.service.MessageService.findNoticeUnreadCount].
2025-03-20 22:03:06,451 INFO [http-nio-8080-exec-1] c.n.c.a.ServiceLogAspect [ServiceLogAspect.java:39] 用户[0:0:0:0:0:0:0:1],在[2025-03-20 22:03:06],访问了[com.nowcoder.community.service.MessageService.findLetterUnreadCount].
2025-03-20 22:03:06,452 INFO [http-nio-8080-exec-1] c.n.c.a.ServiceLogAspect [ServiceLogAspect.java:39] 用户[0:0:0:0:0:0:0:1],在[2025-03-20 22:03:06],访问了[com.nowcoder.community.service.MessageService.findNoticeUnreadCount].
2025-03-20 22:03:07,330 INFO [http-nio-8080-exec-3] c.n.c.a.ServiceLogAspect [ServiceLogAspect.java:39] 用户[0:0:0:0:0:0:0:1],在[2025-03-20 22:03:07],访问了[com.nowcoder.community.service.UserService.findLoginTicket].
2025-03-20 22:03:07,331 INFO [http-nio-8080-exec-3] c.n.c.a.ServiceLogAspect [ServiceLogAspect.java:39] 用户[0:0:0:0:0:0:0:1],在[2025-03-20 22:03:07],访问了[com.nowcoder.community.service.UserService.findUserById].
2025-03-20 22:03:07,332 INFO [http-nio-8080-exec-3] c.n.c.a.ServiceLogAspect [ServiceLogAspect.java:39] 用户[0:0:0:0:0:0:0:1],在[2025-03-20 22:03:07],访问了[com.nowcoder.community.service.MessageService.findConversationCount].
2025-03-20 22:03:07,341 INFO [http-nio-8080-exec-3] c.n.c.a.ServiceLogAspect [ServiceLogAspect.java:39] 用户[0:0:0:0:0:0:0:1],在[2025-03-20 22:03:07],访问了[com.nowcoder.community.service.MessageService.findConversations].
2025-03-20 22:03:07,349 INFO [http-nio-8080-exec-3] c.n.c.a.ServiceLogAspect [ServiceLogAspect.java:39] 用户[0:0:0:0:0:0:0:1],在[2025-03-20 22:03:07],访问了[com.nowcoder.community.service.MessageService.findLetterCount].
2025-03-20 22:03:07,350 INFO [http-nio-8080-exec-3] c.n.c.a.ServiceLogAspect [ServiceLogAspect.java:39] 用户[0:0:0:0:0:0:0:1],在[2025-03-20 22:03:07],访问了[com.nowcoder.community.service.MessageService.findLetterUnreadCount].
2025-03-20 22:03:07,357 INFO [http-nio-8080-exec-3] c.n.c.a.ServiceLogAspect [ServiceLogAspect.java:39] 用户[0:0:0:0:0:0:0:1],在[2025-03-20 22:03:07],访问了[com.nowcoder.community.service.UserService.findUserById].
2025-03-20 22:03:07,358 INFO [http-nio-8080-exec-3] c.n.c.a.ServiceLogAspect [ServiceLogAspect.java:39] 用户[0:0:0:0:0:0:0:1],在[2025-03-20 22:03:07],访问了[com.nowcoder.community.service.MessageService.findLetterCount].
2025-03-20 22:03:07,359 INFO [http-nio-8080-exec-3] c.n.c.a.ServiceLogAspect [ServiceLogAspect.java:39] 用户[0:0:0:0:0:0:0:1],在[2025-03-20 22:03:07],访问了[com.nowcoder.community.service.MessageService.findLetterUnreadCount].
2025-03-20 22:03:07,366 INFO [http-nio-8080-exec-3] c.n.c.a.ServiceLogAspect [ServiceLogAspect.java:39] 用户[0:0:0:0:0:0:0:1],在[2025-03-20 22:03:07],访问了[com.nowcoder.community.service.UserService.findUserById].
2025-03-20 22:03:07,367 INFO [http-nio-8080-exec-3] c.n.c.a.ServiceLogAspect [ServiceLogAspect.java:39] 用户[0:0:0:0:0:0:0:1],在[2025-03-20 22:03:07],访问了[com.nowcoder.community.service.MessageService.findLetterCount].
2025-03-20 22:03:07,368 INFO [http-nio-8080-exec-3] c.n.c.a.ServiceLogAspect [ServiceLogAspect.java:39] 用户[0:0:0:0:0:0:0:1],在[2025-03-20 22:03:07],访问了[com.nowcoder.community.service.MessageService.findLetterUnreadCount].
2025-03-20 22:03:07,369 INFO [http-nio-8080-exec-3] c.n.c.a.ServiceLogAspect [ServiceLogAspect.java:39] 用户[0:0:0:0:0:0:0:1],在[2025-03-20 22:03:07],访问了[com.nowcoder.community.service.UserService.findUserById].
2025-03-20 22:03:07,369 INFO [http-nio-8080-exec-3] c.n.c.a.ServiceLogAspect [ServiceLogAspect.java:39] 用户[0:0:0:0:0:0:0:1],在[2025-03-20 22:03:07],访问了[com.nowcoder.community.service.MessageService.findLetterCount].
2025-03-20 22:03:07,370 INFO [http-nio-8080-exec-3] c.n.c.a.ServiceLogAspect [ServiceLogAspect.java:39] 用户[0:0:0:0:0:0:0:1],在[2025-03-20 22:03:07],访问了[com.nowcoder.community.service.MessageService.findLetterUnreadCount].
2025-03-20 22:03:07,378 INFO [http-nio-8080-exec-3] c.n.c.a.ServiceLogAspect [ServiceLogAspect.java:39] 用户[0:0:0:0:0:0:0:1],在[2025-03-20 22:03:07],访问了[com.nowcoder.community.service.UserService.findUserById].
2025-03-20 22:03:07,378 INFO [http-nio-8080-exec-3] c.n.c.a.ServiceLogAspect [ServiceLogAspect.java:39] 用户[0:0:0:0:0:0:0:1],在[2025-03-20 22:03:07],访问了[com.nowcoder.community.service.MessageService.findLetterCount].
2025-03-20 22:03:07,379 INFO [http-nio-8080-exec-3] c.n.c.a.ServiceLogAspect [ServiceLogAspect.java:39] 用户[0:0:0:0:0:0:0:1],在[2025-03-20 22:03:07],访问了[com.nowcoder.community.service.MessageService.findLetterUnreadCount].
2025-03-20 22:03:07,387 INFO [http-nio-8080-exec-3] c.n.c.a.ServiceLogAspect [ServiceLogAspect.java:39] 用户[0:0:0:0:0:0:0:1],在[2025-03-20 22:03:07],访问了[com.nowcoder.community.service.UserService.findUserById].
2025-03-20 22:03:07,387 INFO [http-nio-8080-exec-3] c.n.c.a.ServiceLogAspect [ServiceLogAspect.java:39] 用户[0:0:0:0:0:0:0:1],在[2025-03-20 22:03:07],访问了[com.nowcoder.community.service.MessageService.findLetterUnreadCount].
2025-03-20 22:03:08,405 INFO [http-nio-8080-exec-7] c.n.c.a.ServiceLogAspect [ServiceLogAspect.java:39] 用户[0:0:0:0:0:0:0:1],在[2025-03-20 22:03:08],访问了[com.nowcoder.community.service.UserService.findLoginTicket].
2025-03-20 22:03:08,406 INFO [http-nio-8080-exec-7] c.n.c.a.ServiceLogAspect [ServiceLogAspect.java:39] 用户[0:0:0:0:0:0:0:1],在[2025-03-20 22:03:08],访问了[com.nowcoder.community.service.UserService.findUserById].
2025-03-20 22:03:08,407 INFO [http-nio-8080-exec-7] c.n.c.a.ServiceLogAspect [ServiceLogAspect.java:39] 用户[0:0:0:0:0:0:0:1],在[2025-03-20 22:03:08],访问了[com.nowcoder.community.service.MessageService.findLatestNotice].
2025-03-20 22:03:08,409 INFO [http-nio-8080-exec-7] c.n.c.a.ServiceLogAspect [ServiceLogAspect.java:39] 用户[0:0:0:0:0:0:0:1],在[2025-03-20 22:03:08],访问了[com.nowcoder.community.service.UserService.findUserById].
2025-03-20 22:03:08,410 INFO [http-nio-8080-exec-7] c.n.c.a.ServiceLogAspect [ServiceLogAspect.java:39] 用户[0:0:0:0:0:0:0:1],在[2025-03-20 22:03:08],访问了[com.nowcoder.community.service.MessageService.findNoticeCount].
2025-03-20 22:03:08,411 INFO [http-nio-8080-exec-7] c.n.c.a.ServiceLogAspect [ServiceLogAspect.java:39] 用户[0:0:0:0:0:0:0:1],在[2025-03-20 22:03:08],访问了[com.nowcoder.community.service.MessageService.findNoticeUnreadCount].
2025-03-20 22:03:08,413 INFO [http-nio-8080-exec-7] c.n.c.a.ServiceLogAspect [ServiceLogAspect.java:39] 用户[0:0:0:0:0:0:0:1],在[2025-03-20 22:03:08],访问了[com.nowcoder.community.service.MessageService.findLatestNotice].
2025-03-20 22:03:08,420 INFO [http-nio-8080-exec-7] c.n.c.a.ServiceLogAspect [ServiceLogAspect.java:39] 用户[0:0:0:0:0:0:0:1],在[2025-03-20 22:03:08],访问了[com.nowcoder.community.service.UserService.findUserById].
2025-03-20 22:03:08,420 INFO [http-nio-8080-exec-7] c.n.c.a.ServiceLogAspect [ServiceLogAspect.java:39] 用户[0:0:0:0:0:0:0:1],在[2025-03-20 22:03:08],访问了[com.nowcoder.community.service.MessageService.findNoticeCount].
2025-03-20 22:03:08,428 INFO [http-nio-8080-exec-7] c.n.c.a.ServiceLogAspect [ServiceLogAspect.java:39] 用户[0:0:0:0:0:0:0:1],在[2025-03-20 22:03:08],访问了[com.nowcoder.community.service.MessageService.findNoticeUnreadCount].
2025-03-20 22:03:08,436 INFO [http-nio-8080-exec-7] c.n.c.a.ServiceLogAspect [ServiceLogAspect.java:39] 用户[0:0:0:0:0:0:0:1],在[2025-03-20 22:03:08],访问了[com.nowcoder.community.service.MessageService.findLatestNotice].
2025-03-20 22:03:08,444 INFO [http-nio-8080-exec-7] c.n.c.a.ServiceLogAspect [ServiceLogAspect.java:39] 用户[0:0:0:0:0:0:0:1],在[2025-03-20 22:03:08],访问了[com.nowcoder.community.service.UserService.findUserById].
2025-03-20 22:03:08,445 INFO [http-nio-8080-exec-7] c.n.c.a.ServiceLogAspect [ServiceLogAspect.java:39] 用户[0:0:0:0:0:0:0:1],在[2025-03-20 22:03:08],访问了[com.nowcoder.community.service.MessageService.findNoticeCount].
2025-03-20 22:03:08,452 INFO [http-nio-8080-exec-7] c.n.c.a.ServiceLogAspect [ServiceLogAspect.java:39] 用户[0:0:0:0:0:0:0:1],在[2025-03-20 22:03:08],访问了[com.nowcoder.community.service.MessageService.findNoticeUnreadCount].
2025-03-20 22:03:08,460 INFO [http-nio-8080-exec-7] c.n.c.a.ServiceLogAspect [ServiceLogAspect.java:39] 用户[0:0:0:0:0:0:0:1],在[2025-03-20 22:03:08],访问了[com.nowcoder.community.service.MessageService.findLetterUnreadCount].
2025-03-20 22:03:08,461 INFO [http-nio-8080-exec-7] c.n.c.a.ServiceLogAspect [ServiceLogAspect.java:39] 用户[0:0:0:0:0:0:0:1],在[2025-03-20 22:03:08],访问了[com.nowcoder.community.service.MessageService.findNoticeUnreadCount].
2025-03-20 22:03:10,074 INFO [http-nio-8080-exec-4] c.n.c.a.ServiceLogAspect [ServiceLogAspect.java:39] 用户[0:0:0:0:0:0:0:1],在[2025-03-20 22:03:10],访问了[com.nowcoder.community.service.UserService.findLoginTicket].
2025-03-20 22:03:10,075 INFO [http-nio-8080-exec-4] c.n.c.a.ServiceLogAspect [ServiceLogAspect.java:39] 用户[0:0:0:0:0:0:0:1],在[2025-03-20 22:03:10],访问了[com.nowcoder.community.service.UserService.findUserById].
2025-03-20 22:03:10,075 INFO [http-nio-8080-exec-4] c.n.c.a.ServiceLogAspect [ServiceLogAspect.java:39] 用户[0:0:0:0:0:0:0:1],在[2025-03-20 22:03:10],访问了[com.nowcoder.community.service.MessageService.findConversationCount].
2025-03-20 22:03:10,085 INFO [http-nio-8080-exec-4] c.n.c.a.ServiceLogAspect [ServiceLogAspect.java:39] 用户[0:0:0:0:0:0:0:1],在[2025-03-20 22:03:10],访问了[com.nowcoder.community.service.MessageService.findConversations].
2025-03-20 22:03:10,094 INFO [http-nio-8080-exec-4] c.n.c.a.ServiceLogAspect [ServiceLogAspect.java:39] 用户[0:0:0:0:0:0:0:1],在[2025-03-20 22:03:10],访问了[com.nowcoder.community.service.MessageService.findLetterCount].
2025-03-20 22:03:10,096 INFO [http-nio-8080-exec-4] c.n.c.a.ServiceLogAspect [ServiceLogAspect.java:39] 用户[0:0:0:0:0:0:0:1],在[2025-03-20 22:03:10],访问了[com.nowcoder.community.service.MessageService.findLetterUnreadCount].
2025-03-20 22:03:10,103 INFO [http-nio-8080-exec-4] c.n.c.a.ServiceLogAspect [ServiceLogAspect.java:39] 用户[0:0:0:0:0:0:0:1],在[2025-03-20 22:03:10],访问了[com.nowcoder.community.service.UserService.findUserById].
2025-03-20 22:03:10,104 INFO [http-nio-8080-exec-4] c.n.c.a.ServiceLogAspect [ServiceLogAspect.java:39] 用户[0:0:0:0:0:0:0:1],在[2025-03-20 22:03:10],访问了[com.nowcoder.community.service.MessageService.findLetterCount].
2025-03-20 22:03:10,105 INFO [http-nio-8080-exec-4] c.n.c.a.ServiceLogAspect [ServiceLogAspect.java:39] 用户[0:0:0:0:0:0:0:1],在[2025-03-20 22:03:10],访问了[com.nowcoder.community.service.MessageService.findLetterUnreadCount].
2025-03-20 22:03:10,112 INFO [http-nio-8080-exec-4] c.n.c.a.ServiceLogAspect [ServiceLogAspect.java:39] 用户[0:0:0:0:0:0:0:1],在[2025-03-20 22:03:10],访问了[com.nowcoder.community.service.UserService.findUserById].
2025-03-20 22:03:10,113 INFO [http-nio-8080-exec-4] c.n.c.a.ServiceLogAspect [ServiceLogAspect.java:39] 用户[0:0:0:0:0:0:0:1],在[2025-03-20 22:03:10],访问了[com.nowcoder.community.service.MessageService.findLetterCount].
2025-03-20 22:03:10,114 INFO [http-nio-8080-exec-4] c.n.c.a.ServiceLogAspect [ServiceLogAspect.java:39] 用户[0:0:0:0:0:0:0:1],在[2025-03-20 22:03:10],访问了[com.nowcoder.community.service.MessageService.findLetterUnreadCount].
2025-03-20 22:03:10,115 INFO [http-nio-8080-exec-4] c.n.c.a.ServiceLogAspect [ServiceLogAspect.java:39] 用户[0:0:0:0:0:0:0:1],在[2025-03-20 22:03:10],访问了[com.nowcoder.community.service.UserService.findUserById].
2025-03-20 22:03:10,115 INFO [http-nio-8080-exec-4] c.n.c.a.ServiceLogAspect [ServiceLogAspect.java:39] 用户[0:0:0:0:0:0:0:1],在[2025-03-20 22:03:10],访问了[com.nowcoder.community.service.MessageService.findLetterCount].
2025-03-20 22:03:10,115 INFO [http-nio-8080-exec-4] c.n.c.a.ServiceLogAspect [ServiceLogAspect.java:39] 用户[0:0:0:0:0:0:0:1],在[2025-03-20 22:03:10],访问了[com.nowcoder.community.service.MessageService.findLetterUnreadCount].
2025-03-20 22:03:10,123 INFO [http-nio-8080-exec-4] c.n.c.a.ServiceLogAspect [ServiceLogAspect.java:39] 用户[0:0:0:0:0:0:0:1],在[2025-03-20 22:03:10],访问了[com.nowcoder.community.service.UserService.findUserById].
2025-03-20 22:03:10,124 INFO [http-nio-8080-exec-4] c.n.c.a.ServiceLogAspect [ServiceLogAspect.java:39] 用户[0:0:0:0:0:0:0:1],在[2025-03-20 22:03:10],访问了[com.nowcoder.community.service.MessageService.findLetterCount].
2025-03-20 22:03:10,125 INFO [http-nio-8080-exec-4] c.n.c.a.ServiceLogAspect [ServiceLogAspect.java:39] 用户[0:0:0:0:0:0:0:1],在[2025-03-20 22:03:10],访问了[com.nowcoder.community.service.MessageService.findLetterUnreadCount].
2025-03-20 22:03:10,132 INFO [http-nio-8080-exec-4] c.n.c.a.ServiceLogAspect [ServiceLogAspect.java:39] 用户[0:0:0:0:0:0:0:1],在[2025-03-20 22:03:10],访问了[com.nowcoder.community.service.UserService.findUserById].
2025-03-20 22:03:10,133 INFO [http-nio-8080-exec-4] c.n.c.a.ServiceLogAspect [ServiceLogAspect.java:39] 用户[0:0:0:0:0:0:0:1],在[2025-03-20 22:03:10],访问了[com.nowcoder.community.service.MessageService.findLetterUnreadCount].
2025-03-20 22:03:49,192 INFO [http-nio-8080-exec-7] c.n.c.a.ServiceLogAspect [ServiceLogAspect.java:39] 用户[0:0:0:0:0:0:0:1],在[2025-03-20 22:03:49],访问了[com.nowcoder.community.service.UserService.findLoginTicket].
2025-03-20 22:03:49,193 INFO [http-nio-8080-exec-7] c.n.c.a.ServiceLogAspect [ServiceLogAspect.java:39] 用户[0:0:0:0:0:0:0:1],在[2025-03-20 22:03:49],访问了[com.nowcoder.community.service.UserService.findUserById].
2025-03-20 22:03:49,194 INFO [http-nio-8080-exec-7] c.n.c.a.ServiceLogAspect [ServiceLogAspect.java:39] 用户[0:0:0:0:0:0:0:1],在[2025-03-20 22:03:49],访问了[com.nowcoder.community.service.MessageService.findLatestNotice].
2025-03-20 22:03:49,197 INFO [http-nio-8080-exec-7] c.n.c.a.ServiceLogAspect [ServiceLogAspect.java:39] 用户[0:0:0:0:0:0:0:1],在[2025-03-20 22:03:49],访问了[com.nowcoder.community.service.UserService.findUserById].
2025-03-20 22:03:49,197 INFO [http-nio-8080-exec-7] c.n.c.a.ServiceLogAspect [ServiceLogAspect.java:39] 用户[0:0:0:0:0:0:0:1],在[2025-03-20 22:03:49],访问了[com.nowcoder.community.service.MessageService.findNoticeCount].
2025-03-20 22:03:49,198 INFO [http-nio-8080-exec-7] c.n.c.a.ServiceLogAspect [ServiceLogAspect.java:39] 用户[0:0:0:0:0:0:0:1],在[2025-03-20 22:03:49],访问了[com.nowcoder.community.service.MessageService.findNoticeUnreadCount].
2025-03-20 22:03:49,199 INFO [http-nio-8080-exec-7] c.n.c.a.ServiceLogAspect [ServiceLogAspect.java:39] 用户[0:0:0:0:0:0:0:1],在[2025-03-20 22:03:49],访问了[com.nowcoder.community.service.MessageService.findLatestNotice].
2025-03-20 22:03:49,207 INFO [http-nio-8080-exec-7] c.n.c.a.ServiceLogAspect [ServiceLogAspect.java:39] 用户[0:0:0:0:0:0:0:1],在[2025-03-20 22:03:49],访问了[com.nowcoder.community.service.UserService.findUserById].
2025-03-20 22:03:49,208 INFO [http-nio-8080-exec-7] c.n.c.a.ServiceLogAspect [ServiceLogAspect.java:39] 用户[0:0:0:0:0:0:0:1],在[2025-03-20 22:03:49],访问了[com.nowcoder.community.service.MessageService.findNoticeCount].
2025-03-20 22:03:49,216 INFO [http-nio-8080-exec-7] c.n.c.a.ServiceLogAspect [ServiceLogAspect.java:39] 用户[0:0:0:0:0:0:0:1],在[2025-03-20 22:03:49],访问了[com.nowcoder.community.service.MessageService.findNoticeUnreadCount].
2025-03-20 22:03:49,223 INFO [http-nio-8080-exec-7] c.n.c.a.ServiceLogAspect [ServiceLogAspect.java:39] 用户[0:0:0:0:0:0:0:1],在[2025-03-20 22:03:49],访问了[com.nowcoder.community.service.MessageService.findLatestNotice].
2025-03-20 22:03:49,233 INFO [http-nio-8080-exec-7] c.n.c.a.ServiceLogAspect [ServiceLogAspect.java:39] 用户[0:0:0:0:0:0:0:1],在[2025-03-20 22:03:49],访问了[com.nowcoder.community.service.UserService.findUserById].
2025-03-20 22:03:49,233 INFO [http-nio-8080-exec-7] c.n.c.a.ServiceLogAspect [ServiceLogAspect.java:39] 用户[0:0:0:0:0:0:0:1],在[2025-03-20 22:03:49],访问了[com.nowcoder.community.service.MessageService.findNoticeCount].
2025-03-20 22:03:49,242 INFO [http-nio-8080-exec-7] c.n.c.a.ServiceLogAspect [ServiceLogAspect.java:39] 用户[0:0:0:0:0:0:0:1],在[2025-03-20 22:03:49],访问了[com.nowcoder.community.service.MessageService.findNoticeUnreadCount].
2025-03-20 22:03:49,250 INFO [http-nio-8080-exec-7] c.n.c.a.ServiceLogAspect [ServiceLogAspect.java:39] 用户[0:0:0:0:0:0:0:1],在[2025-03-20 22:03:49],访问了[com.nowcoder.community.service.MessageService.findLetterUnreadCount].
2025-03-20 22:03:49,251 INFO [http-nio-8080-exec-7] c.n.c.a.ServiceLogAspect [ServiceLogAspect.java:39] 用户[0:0:0:0:0:0:0:1],在[2025-03-20 22:03:49],访问了[com.nowcoder.community.service.MessageService.findNoticeUnreadCount].
2025-03-20 22:03:50,560 INFO [http-nio-8080-exec-4] c.n.c.a.ServiceLogAspect [ServiceLogAspect.java:39] 用户[0:0:0:0:0:0:0:1],在[2025-03-20 22:03:50],访问了[com.nowcoder.community.service.UserService.findLoginTicket].
2025-03-20 22:03:50,561 INFO [http-nio-8080-exec-4] c.n.c.a.ServiceLogAspect [ServiceLogAspect.java:39] 用户[0:0:0:0:0:0:0:1],在[2025-03-20 22:03:50],访问了[com.nowcoder.community.service.UserService.findUserById].
2025-03-20 22:03:50,562 INFO [http-nio-8080-exec-4] c.n.c.a.ServiceLogAspect [ServiceLogAspect.java:39] 用户[0:0:0:0:0:0:0:1],在[2025-03-20 22:03:50],访问了[com.nowcoder.community.service.MessageService.findConversationCount].
2025-03-20 22:03:50,570 INFO [http-nio-8080-exec-4] c.n.c.a.ServiceLogAspect [ServiceLogAspect.java:39] 用户[0:0:0:0:0:0:0:1],在[2025-03-20 22:03:50],访问了[com.nowcoder.community.service.MessageService.findConversations].
2025-03-20 22:03:50,578 INFO [http-nio-8080-exec-4] c.n.c.a.ServiceLogAspect [ServiceLogAspect.java:39] 用户[0:0:0:0:0:0:0:1],在[2025-03-20 22:03:50],访问了[com.nowcoder.community.service.MessageService.findLetterCount].
2025-03-20 22:03:50,579 INFO [http-nio-8080-exec-4] c.n.c.a.ServiceLogAspect [ServiceLogAspect.java:39] 用户[0:0:0:0:0:0:0:1],在[2025-03-20 22:03:50],访问了[com.nowcoder.community.service.MessageService.findLetterUnreadCount].
2025-03-20 22:03:50,587 INFO [http-nio-8080-exec-4] c.n.c.a.ServiceLogAspect [ServiceLogAspect.java:39] 用户[0:0:0:0:0:0:0:1],在[2025-03-20 22:03:50],访问了[com.nowcoder.community.service.UserService.findUserById].
2025-03-20 22:03:50,588 INFO [http-nio-8080-exec-4] c.n.c.a.ServiceLogAspect [ServiceLogAspect.java:39] 用户[0:0:0:0:0:0:0:1],在[2025-03-20 22:03:50],访问了[com.nowcoder.community.service.MessageService.findLetterCount].
2025-03-20 22:03:50,589 INFO [http-nio-8080-exec-4] c.n.c.a.ServiceLogAspect [ServiceLogAspect.java:39] 用户[0:0:0:0:0:0:0:1],在[2025-03-20 22:03:50],访问了[com.nowcoder.community.service.MessageService.findLetterUnreadCount].
2025-03-20 22:03:50,596 INFO [http-nio-8080-exec-4] c.n.c.a.ServiceLogAspect [ServiceLogAspect.java:39] 用户[0:0:0:0:0:0:0:1],在[2025-03-20 22:03:50],访问了[com.nowcoder.community.service.UserService.findUserById].
2025-03-20 22:03:50,597 INFO [http-nio-8080-exec-4] c.n.c.a.ServiceLogAspect [ServiceLogAspect.java:39] 用户[0:0:0:0:0:0:0:1],在[2025-03-20 22:03:50],访问了[com.nowcoder.community.service.MessageService.findLetterCount].
2025-03-20 22:03:50,598 INFO [http-nio-8080-exec-4] c.n.c.a.ServiceLogAspect [ServiceLogAspect.java:39] 用户[0:0:0:0:0:0:0:1],在[2025-03-20 22:03:50],访问了[com.nowcoder.community.service.MessageService.findLetterUnreadCount].
2025-03-20 22:03:50,598 INFO [http-nio-8080-exec-4] c.n.c.a.ServiceLogAspect [ServiceLogAspect.java:39] 用户[0:0:0:0:0:0:0:1],在[2025-03-20 22:03:50],访问了[com.nowcoder.community.service.UserService.findUserById].
2025-03-20 22:03:50,599 INFO [http-nio-8080-exec-4] c.n.c.a.ServiceLogAspect [ServiceLogAspect.java:39] 用户[0:0:0:0:0:0:0:1],在[2025-03-20 22:03:50],访问了[com.nowcoder.community.service.MessageService.findLetterCount].
2025-03-20 22:03:50,599 INFO [http-nio-8080-exec-4] c.n.c.a.ServiceLogAspect [ServiceLogAspect.java:39] 用户[0:0:0:0:0:0:0:1],在[2025-03-20 22:03:50],访问了[com.nowcoder.community.service.MessageService.findLetterUnreadCount].
2025-03-20 22:03:50,607 INFO [http-nio-8080-exec-4] c.n.c.a.ServiceLogAspect [ServiceLogAspect.java:39] 用户[0:0:0:0:0:0:0:1],在[2025-03-20 22:03:50],访问了[com.nowcoder.community.service.UserService.findUserById].
2025-03-20 22:03:50,607 INFO [http-nio-8080-exec-4] c.n.c.a.ServiceLogAspect [ServiceLogAspect.java:39] 用户[0:0:0:0:0:0:0:1],在[2025-03-20 22:03:50],访问了[com.nowcoder.community.service.MessageService.findLetterCount].
2025-03-20 22:03:50,608 INFO [http-nio-8080-exec-4] c.n.c.a.ServiceLogAspect [ServiceLogAspect.java:39] 用户[0:0:0:0:0:0:0:1],在[2025-03-20 22:03:50],访问了[com.nowcoder.community.service.MessageService.findLetterUnreadCount].
2025-03-20 22:03:50,615 INFO [http-nio-8080-exec-4] c.n.c.a.ServiceLogAspect [ServiceLogAspect.java:39] 用户[0:0:0:0:0:0:0:1],在[2025-03-20 22:03:50],访问了[com.nowcoder.community.service.UserService.findUserById].
2025-03-20 22:03:50,615 INFO [http-nio-8080-exec-4] c.n.c.a.ServiceLogAspect [ServiceLogAspect.java:39] 用户[0:0:0:0:0:0:0:1],在[2025-03-20 22:03:50],访问了[com.nowcoder.community.service.MessageService.findLetterUnreadCount].
2025-03-20 22:06:28,395 INFO [http-nio-8080-exec-8] c.n.c.a.ServiceLogAspect [ServiceLogAspect.java:39] 用户[0:0:0:0:0:0:0:1],在[2025-03-20 22:06:28],访问了[com.nowcoder.community.service.UserService.findLoginTicket].
2025-03-20 22:06:28,396 INFO [http-nio-8080-exec-8] c.n.c.a.ServiceLogAspect [ServiceLogAspect.java:39] 用户[0:0:0:0:0:0:0:1],在[2025-03-20 22:06:28],访问了[com.nowcoder.community.service.UserService.findUserById].
2025-03-20 22:06:28,398 INFO [http-nio-8080-exec-8] c.n.c.a.ServiceLogAspect [ServiceLogAspect.java:39] 用户[0:0:0:0:0:0:0:1],在[2025-03-20 22:06:28],访问了[com.nowcoder.community.service.MessageService.findConversationCount].
2025-03-20 22:06:28,406 INFO [http-nio-8080-exec-8] c.n.c.a.ServiceLogAspect [ServiceLogAspect.java:39] 用户[0:0:0:0:0:0:0:1],在[2025-03-20 22:06:28],访问了[com.nowcoder.community.service.MessageService.findConversations].
2025-03-20 22:06:28,415 INFO [http-nio-8080-exec-8] c.n.c.a.ServiceLogAspect [ServiceLogAspect.java:39] 用户[0:0:0:0:0:0:0:1],在[2025-03-20 22:06:28],访问了[com.nowcoder.community.service.MessageService.findLetterCount].
2025-03-20 22:06:28,416 INFO [http-nio-8080-exec-8] c.n.c.a.ServiceLogAspect [ServiceLogAspect.java:39] 用户[0:0:0:0:0:0:0:1],在[2025-03-20 22:06:28],访问了[com.nowcoder.community.service.MessageService.findLetterUnreadCount].
2025-03-20 22:06:28,425 INFO [http-nio-8080-exec-8] c.n.c.a.ServiceLogAspect [ServiceLogAspect.java:39] 用户[0:0:0:0:0:0:0:1],在[2025-03-20 22:06:28],访问了[com.nowcoder.community.service.UserService.findUserById].
2025-03-20 22:06:28,426 INFO [http-nio-8080-exec-8] c.n.c.a.ServiceLogAspect [ServiceLogAspect.java:39] 用户[0:0:0:0:0:0:0:1],在[2025-03-20 22:06:28],访问了[com.nowcoder.community.service.MessageService.findLetterCount].
2025-03-20 22:06:28,428 INFO [http-nio-8080-exec-8] c.n.c.a.ServiceLogAspect [ServiceLogAspect.java:39] 用户[0:0:0:0:0:0:0:1],在[2025-03-20 22:06:28],访问了[com.nowcoder.community.service.MessageService.findLetterUnreadCount].
2025-03-20 22:06:28,435 INFO [http-nio-8080-exec-8] c.n.c.a.ServiceLogAspect [ServiceLogAspect.java:39] 用户[0:0:0:0:0:0:0:1],在[2025-03-20 22:06:28],访问了[com.nowcoder.community.service.UserService.findUserById].
2025-03-20 22:06:28,435 INFO [http-nio-8080-exec-8] c.n.c.a.ServiceLogAspect [ServiceLogAspect.java:39] 用户[0:0:0:0:0:0:0:1],在[2025-03-20 22:06:28],访问了[com.nowcoder.community.service.MessageService.findLetterCount].
2025-03-20 22:06:28,437 INFO [http-nio-8080-exec-8] c.n.c.a.ServiceLogAspect [ServiceLogAspect.java:39] 用户[0:0:0:0:0:0:0:1],在[2025-03-20 22:06:28],访问了[com.nowcoder.community.service.MessageService.findLetterUnreadCount].
2025-03-20 22:06:28,437 INFO [http-nio-8080-exec-8] c.n.c.a.ServiceLogAspect [ServiceLogAspect.java:39] 用户[0:0:0:0:0:0:0:1],在[2025-03-20 22:06:28],访问了[com.nowcoder.community.service.UserService.findUserById].
2025-03-20 22:06:28,438 INFO [http-nio-8080-exec-8] c.n.c.a.ServiceLogAspect [ServiceLogAspect.java:39] 用户[0:0:0:0:0:0:0:1],在[2025-03-20 22:06:28],访问了[com.nowcoder.community.service.MessageService.findLetterCount].
2025-03-20 22:06:28,438 INFO [http-nio-8080-exec-8] c.n.c.a.ServiceLogAspect [ServiceLogAspect.java:39] 用户[0:0:0:0:0:0:0:1],在[2025-03-20 22:06:28],访问了[com.nowcoder.community.service.MessageService.findLetterUnreadCount].
2025-03-20 22:06:28,446 INFO [http-nio-8080-exec-8] c.n.c.a.ServiceLogAspect [ServiceLogAspect.java:39] 用户[0:0:0:0:0:0:0:1],在[2025-03-20 22:06:28],访问了[com.nowcoder.community.service.UserService.findUserById].
2025-03-20 22:06:28,447 INFO [http-nio-8080-exec-8] c.n.c.a.ServiceLogAspect [ServiceLogAspect.java:39] 用户[0:0:0:0:0:0:0:1],在[2025-03-20 22:06:28],访问了[com.nowcoder.community.service.MessageService.findLetterCount].
2025-03-20 22:06:28,448 INFO [http-nio-8080-exec-8] c.n.c.a.ServiceLogAspect [ServiceLogAspect.java:39] 用户[0:0:0:0:0:0:0:1],在[2025-03-20 22:06:28],访问了[com.nowcoder.community.service.MessageService.findLetterUnreadCount].
2025-03-20 22:06:28,457 INFO [http-nio-8080-exec-8] c.n.c.a.ServiceLogAspect [ServiceLogAspect.java:39] 用户[0:0:0:0:0:0:0:1],在[2025-03-20 22:06:28],访问了[com.nowcoder.community.service.UserService.findUserById].
2025-03-20 22:06:28,457 INFO [http-nio-8080-exec-8] c.n.c.a.ServiceLogAspect [ServiceLogAspect.java:39] 用户[0:0:0:0:0:0:0:1],在[2025-03-20 22:06:28],访问了[com.nowcoder.community.service.MessageService.findLetterUnreadCount].
2025-03-20 22:06:29,507 INFO [http-nio-8080-exec-6] c.n.c.a.ServiceLogAspect [ServiceLogAspect.java:39] 用户[0:0:0:0:0:0:0:1],在[2025-03-20 22:06:29],访问了[com.nowcoder.community.service.UserService.findLoginTicket].
2025-03-20 22:06:29,508 INFO [http-nio-8080-exec-6] c.n.c.a.ServiceLogAspect [ServiceLogAspect.java:39] 用户[0:0:0:0:0:0:0:1],在[2025-03-20 22:06:29],访问了[com.nowcoder.community.service.UserService.findUserById].
2025-03-20 22:06:29,509 INFO [http-nio-8080-exec-6] c.n.c.a.ServiceLogAspect [ServiceLogAspect.java:39] 用户[0:0:0:0:0:0:0:1],在[2025-03-20 22:06:29],访问了[com.nowcoder.community.service.MessageService.findLatestNotice].
2025-03-20 22:06:29,510 INFO [http-nio-8080-exec-6] c.n.c.a.ServiceLogAspect [ServiceLogAspect.java:39] 用户[0:0:0:0:0:0:0:1],在[2025-03-20 22:06:29],访问了[com.nowcoder.community.service.UserService.findUserById].
2025-03-20 22:06:29,511 INFO [http-nio-8080-exec-6] c.n.c.a.ServiceLogAspect [ServiceLogAspect.java:39] 用户[0:0:0:0:0:0:0:1],在[2025-03-20 22:06:29],访问了[com.nowcoder.community.service.MessageService.findNoticeCount].
2025-03-20 22:06:29,511 INFO [http-nio-8080-exec-6] c.n.c.a.ServiceLogAspect [ServiceLogAspect.java:39] 用户[0:0:0:0:0:0:0:1],在[2025-03-20 22:06:29],访问了[com.nowcoder.community.service.MessageService.findNoticeUnreadCount].
2025-03-20 22:06:29,512 INFO [http-nio-8080-exec-6] c.n.c.a.ServiceLogAspect [ServiceLogAspect.java:39] 用户[0:0:0:0:0:0:0:1],在[2025-03-20 22:06:29],访问了[com.nowcoder.community.service.MessageService.findLatestNotice].
2025-03-20 22:06:29,520 INFO [http-nio-8080-exec-6] c.n.c.a.ServiceLogAspect [ServiceLogAspect.java:39] 用户[0:0:0:0:0:0:0:1],在[2025-03-20 22:06:29],访问了[com.nowcoder.community.service.UserService.findUserById].
2025-03-20 22:06:29,520 INFO [http-nio-8080-exec-6] c.n.c.a.ServiceLogAspect [ServiceLogAspect.java:39] 用户[0:0:0:0:0:0:0:1],在[2025-03-20 22:06:29],访问了[com.nowcoder.community.service.MessageService.findNoticeCount].
2025-03-20 22:06:29,528 INFO [http-nio-8080-exec-6] c.n.c.a.ServiceLogAspect [ServiceLogAspect.java:39] 用户[0:0:0:0:0:0:0:1],在[2025-03-20 22:06:29],访问了[com.nowcoder.community.service.MessageService.findNoticeUnreadCount].
2025-03-20 22:06:29,535 INFO [http-nio-8080-exec-6] c.n.c.a.ServiceLogAspect [ServiceLogAspect.java:39] 用户[0:0:0:0:0:0:0:1],在[2025-03-20 22:06:29],访问了[com.nowcoder.community.service.MessageService.findLatestNotice].
2025-03-20 22:06:29,542 INFO [http-nio-8080-exec-6] c.n.c.a.ServiceLogAspect [ServiceLogAspect.java:39] 用户[0:0:0:0:0:0:0:1],在[2025-03-20 22:06:29],访问了[com.nowcoder.community.service.UserService.findUserById].
2025-03-20 22:06:29,543 INFO [http-nio-8080-exec-6] c.n.c.a.ServiceLogAspect [ServiceLogAspect.java:39] 用户[0:0:0:0:0:0:0:1],在[2025-03-20 22:06:29],访问了[com.nowcoder.community.service.MessageService.findNoticeCount].
2025-03-20 22:06:29,550 INFO [http-nio-8080-exec-6] c.n.c.a.ServiceLogAspect [ServiceLogAspect.java:39] 用户[0:0:0:0:0:0:0:1],在[2025-03-20 22:06:29],访问了[com.nowcoder.community.service.MessageService.findNoticeUnreadCount].
2025-03-20 22:06:29,557 INFO [http-nio-8080-exec-6] c.n.c.a.ServiceLogAspect [ServiceLogAspect.java:39] 用户[0:0:0:0:0:0:0:1],在[2025-03-20 22:06:29],访问了[com.nowcoder.community.service.MessageService.findLetterUnreadCount].
2025-03-20 22:06:29,558 INFO [http-nio-8080-exec-6] c.n.c.a.ServiceLogAspect [ServiceLogAspect.java:39] 用户[0:0:0:0:0:0:0:1],在[2025-03-20 22:06:29],访问了[com.nowcoder.community.service.MessageService.findNoticeUnreadCount].
2025-03-20 22:06:31,606 INFO [http-nio-8080-exec-9] c.n.c.a.ServiceLogAspect [ServiceLogAspect.java:39] 用户[0:0:0:0:0:0:0:1],在[2025-03-20 22:06:31],访问了[com.nowcoder.community.service.UserService.findLoginTicket].
2025-03-20 22:06:31,607 INFO [http-nio-8080-exec-9] c.n.c.a.ServiceLogAspect [ServiceLogAspect.java:39] 用户[0:0:0:0:0:0:0:1],在[2025-03-20 22:06:31],访问了[com.nowcoder.community.service.UserService.findUserById].
2025-03-20 22:06:31,607 INFO [http-nio-8080-exec-9] c.n.c.a.ServiceLogAspect [ServiceLogAspect.java:39] 用户[0:0:0:0:0:0:0:1],在[2025-03-20 22:06:31],访问了[com.nowcoder.community.service.MessageService.findConversationCount].
2025-03-20 22:06:31,616 INFO [http-nio-8080-exec-9] c.n.c.a.ServiceLogAspect [ServiceLogAspect.java:39] 用户[0:0:0:0:0:0:0:1],在[2025-03-20 22:06:31],访问了[com.nowcoder.community.service.MessageService.findConversations].
2025-03-20 22:06:31,624 INFO [http-nio-8080-exec-9] c.n.c.a.ServiceLogAspect [ServiceLogAspect.java:39] 用户[0:0:0:0:0:0:0:1],在[2025-03-20 22:06:31],访问了[com.nowcoder.community.service.MessageService.findLetterCount].
2025-03-20 22:06:31,625 INFO [http-nio-8080-exec-9] c.n.c.a.ServiceLogAspect [ServiceLogAspect.java:39] 用户[0:0:0:0:0:0:0:1],在[2025-03-20 22:06:31],访问了[com.nowcoder.community.service.MessageService.findLetterUnreadCount].
2025-03-20 22:06:31,632 INFO [http-nio-8080-exec-9] c.n.c.a.ServiceLogAspect [ServiceLogAspect.java:39] 用户[0:0:0:0:0:0:0:1],在[2025-03-20 22:06:31],访问了[com.nowcoder.community.service.UserService.findUserById].
2025-03-20 22:06:31,633 INFO [http-nio-8080-exec-9] c.n.c.a.ServiceLogAspect [ServiceLogAspect.java:39] 用户[0:0:0:0:0:0:0:1],在[2025-03-20 22:06:31],访问了[com.nowcoder.community.service.MessageService.findLetterCount].
2025-03-20 22:06:31,634 INFO [http-nio-8080-exec-9] c.n.c.a.ServiceLogAspect [ServiceLogAspect.java:39] 用户[0:0:0:0:0:0:0:1],在[2025-03-20 22:06:31],访问了[com.nowcoder.community.service.MessageService.findLetterUnreadCount].
2025-03-20 22:06:31,641 INFO [http-nio-8080-exec-9] c.n.c.a.ServiceLogAspect [ServiceLogAspect.java:39] 用户[0:0:0:0:0:0:0:1],在[2025-03-20 22:06:31],访问了[com.nowcoder.community.service.UserService.findUserById].
2025-03-20 22:06:31,642 INFO [http-nio-8080-exec-9] c.n.c.a.ServiceLogAspect [ServiceLogAspect.java:39] 用户[0:0:0:0:0:0:0:1],在[2025-03-20 22:06:31],访问了[com.nowcoder.community.service.MessageService.findLetterCount].
2025-03-20 22:06:31,643 INFO [http-nio-8080-exec-9] c.n.c.a.ServiceLogAspect [ServiceLogAspect.java:39] 用户[0:0:0:0:0:0:0:1],在[2025-03-20 22:06:31],访问了[com.nowcoder.community.service.MessageService.findLetterUnreadCount].
2025-03-20 22:06:31,643 INFO [http-nio-8080-exec-9] c.n.c.a.ServiceLogAspect [ServiceLogAspect.java:39] 用户[0:0:0:0:0:0:0:1],在[2025-03-20 22:06:31],访问了[com.nowcoder.community.service.UserService.findUserById].
2025-03-20 22:06:31,644 INFO [http-nio-8080-exec-9] c.n.c.a.ServiceLogAspect [ServiceLogAspect.java:39] 用户[0:0:0:0:0:0:0:1],在[2025-03-20 22:06:31],访问了[com.nowcoder.community.service.MessageService.findLetterCount].
2025-03-20 22:06:31,644 INFO [http-nio-8080-exec-9] c.n.c.a.ServiceLogAspect [ServiceLogAspect.java:39] 用户[0:0:0:0:0:0:0:1],在[2025-03-20 22:06:31],访问了[com.nowcoder.community.service.MessageService.findLetterUnreadCount].
2025-03-20 22:06:31,651 INFO [http-nio-8080-exec-9] c.n.c.a.ServiceLogAspect [ServiceLogAspect.java:39] 用户[0:0:0:0:0:0:0:1],在[2025-03-20 22:06:31],访问了[com.nowcoder.community.service.UserService.findUserById].
2025-03-20 22:06:31,652 INFO [http-nio-8080-exec-9] c.n.c.a.ServiceLogAspect [ServiceLogAspect.java:39] 用户[0:0:0:0:0:0:0:1],在[2025-03-20 22:06:31],访问了[com.nowcoder.community.service.MessageService.findLetterCount].
2025-03-20 22:06:31,652 INFO [http-nio-8080-exec-9] c.n.c.a.ServiceLogAspect [ServiceLogAspect.java:39] 用户[0:0:0:0:0:0:0:1],在[2025-03-20 22:06:31],访问了[com.nowcoder.community.service.MessageService.findLetterUnreadCount].
2025-03-20 22:06:31,660 INFO [http-nio-8080-exec-9] c.n.c.a.ServiceLogAspect [ServiceLogAspect.java:39] 用户[0:0:0:0:0:0:0:1],在[2025-03-20 22:06:31],访问了[com.nowcoder.community.service.UserService.findUserById].
2025-03-20 22:06:31,661 INFO [http-nio-8080-exec-9] c.n.c.a.ServiceLogAspect [ServiceLogAspect.java:39] 用户[0:0:0:0:0:0:0:1],在[2025-03-20 22:06:31],访问了[com.nowcoder.community.service.MessageService.findLetterUnreadCount].
2025-03-20 22:06:36,154 INFO [http-nio-8080-exec-2] c.n.c.a.ServiceLogAspect [ServiceLogAspect.java:39] 用户[0:0:0:0:0:0:0:1],在[2025-03-20 22:06:36],访问了[com.nowcoder.community.service.UserService.findLoginTicket].
2025-03-20 22:06:36,155 INFO [http-nio-8080-exec-2] c.n.c.a.ServiceLogAspect [ServiceLogAspect.java:39] 用户[0:0:0:0:0:0:0:1],在[2025-03-20 22:06:36],访问了[com.nowcoder.community.service.UserService.findUserById].
2025-03-20 22:06:36,156 INFO [http-nio-8080-exec-2] c.n.c.a.ServiceLogAspect [ServiceLogAspect.java:39] 用户[0:0:0:0:0:0:0:1],在[2025-03-20 22:06:36],访问了[com.nowcoder.community.service.MessageService.findLatestNotice].
2025-03-20 22:06:36,157 INFO [http-nio-8080-exec-2] c.n.c.a.ServiceLogAspect [ServiceLogAspect.java:39] 用户[0:0:0:0:0:0:0:1],在[2025-03-20 22:06:36],访问了[com.nowcoder.community.service.UserService.findUserById].
2025-03-20 22:06:36,157 INFO [http-nio-8080-exec-2] c.n.c.a.ServiceLogAspect [ServiceLogAspect.java:39] 用户[0:0:0:0:0:0:0:1],在[2025-03-20 22:06:36],访问了[com.nowcoder.community.service.MessageService.findNoticeCount].
2025-03-20 22:06:36,158 INFO [http-nio-8080-exec-2] c.n.c.a.ServiceLogAspect [ServiceLogAspect.java:39] 用户[0:0:0:0:0:0:0:1],在[2025-03-20 22:06:36],访问了[com.nowcoder.community.service.MessageService.findNoticeUnreadCount].
2025-03-20 22:06:36,159 INFO [http-nio-8080-exec-2] c.n.c.a.ServiceLogAspect [ServiceLogAspect.java:39] 用户[0:0:0:0:0:0:0:1],在[2025-03-20 22:06:36],访问了[com.nowcoder.community.service.MessageService.findLatestNotice].
2025-03-20 22:06:36,165 INFO [http-nio-8080-exec-2] c.n.c.a.ServiceLogAspect [ServiceLogAspect.java:39] 用户[0:0:0:0:0:0:0:1],在[2025-03-20 22:06:36],访问了[com.nowcoder.community.service.UserService.findUserById].
2025-03-20 22:06:36,167 INFO [http-nio-8080-exec-2] c.n.c.a.ServiceLogAspect [ServiceLogAspect.java:39] 用户[0:0:0:0:0:0:0:1],在[2025-03-20 22:06:36],访问了[com.nowcoder.community.service.MessageService.findNoticeCount].
2025-03-20 22:06:36,174 INFO [http-nio-8080-exec-2] c.n.c.a.ServiceLogAspect [ServiceLogAspect.java:39] 用户[0:0:0:0:0:0:0:1],在[2025-03-20 22:06:36],访问了[com.nowcoder.community.service.MessageService.findNoticeUnreadCount].
2025-03-20 22:06:36,181 INFO [http-nio-8080-exec-2] c.n.c.a.ServiceLogAspect [ServiceLogAspect.java:39] 用户[0:0:0:0:0:0:0:1],在[2025-03-20 22:06:36],访问了[com.nowcoder.community.service.MessageService.findLatestNotice].
2025-03-20 22:06:36,189 INFO [http-nio-8080-exec-2] c.n.c.a.ServiceLogAspect [ServiceLogAspect.java:39] 用户[0:0:0:0:0:0:0:1],在[2025-03-20 22:06:36],访问了[com.nowcoder.community.service.UserService.findUserById].
2025-03-20 22:06:36,189 INFO [http-nio-8080-exec-2] c.n.c.a.ServiceLogAspect [ServiceLogAspect.java:39] 用户[0:0:0:0:0:0:0:1],在[2025-03-20 22:06:36],访问了[com.nowcoder.community.service.MessageService.findNoticeCount].
2025-03-20 22:06:36,196 INFO [http-nio-8080-exec-2] c.n.c.a.ServiceLogAspect [ServiceLogAspect.java:39] 用户[0:0:0:0:0:0:0:1],在[2025-03-20 22:06:36],访问了[com.nowcoder.community.service.MessageService.findNoticeUnreadCount].
2025-03-20 22:06:36,204 INFO [http-nio-8080-exec-2] c.n.c.a.ServiceLogAspect [ServiceLogAspect.java:39] 用户[0:0:0:0:0:0:0:1],在[2025-03-20 22:06:36],访问了[com.nowcoder.community.service.MessageService.findLetterUnreadCount].
2025-03-20 22:06:36,205 INFO [http-nio-8080-exec-2] c.n.c.a.ServiceLogAspect [ServiceLogAspect.java:39] 用户[0:0:0:0:0:0:0:1],在[2025-03-20 22:06:36],访问了[com.nowcoder.community.service.MessageService.findNoticeUnreadCount].
2025-03-20 22:06:42,138 INFO [http-nio-8080-exec-10] c.n.c.a.ServiceLogAspect [ServiceLogAspect.java:39] 用户[0:0:0:0:0:0:0:1],在[2025-03-20 22:06:42],访问了[com.nowcoder.community.service.UserService.findLoginTicket].
2025-03-20 22:06:42,138 INFO [http-nio-8080-exec-10] c.n.c.a.ServiceLogAspect [ServiceLogAspect.java:39] 用户[0:0:0:0:0:0:0:1],在[2025-03-20 22:06:42],访问了[com.nowcoder.community.service.UserService.findUserById].
2025-03-20 22:06:42,139 INFO [http-nio-8080-exec-10] c.n.c.a.ServiceLogAspect [ServiceLogAspect.java:39] 用户[0:0:0:0:0:0:0:1],在[2025-03-20 22:06:42],访问了[com.nowcoder.community.service.MessageService.findConversationCount].
2025-03-20 22:06:42,148 INFO [http-nio-8080-exec-10] c.n.c.a.ServiceLogAspect [ServiceLogAspect.java:39] 用户[0:0:0:0:0:0:0:1],在[2025-03-20 22:06:42],访问了[com.nowcoder.community.service.MessageService.findConversations].
2025-03-20 22:06:42,157 INFO [http-nio-8080-exec-10] c.n.c.a.ServiceLogAspect [ServiceLogAspect.java:39] 用户[0:0:0:0:0:0:0:1],在[2025-03-20 22:06:42],访问了[com.nowcoder.community.service.MessageService.findLetterCount].
2025-03-20 22:06:42,158 INFO [http-nio-8080-exec-10] c.n.c.a.ServiceLogAspect [ServiceLogAspect.java:39] 用户[0:0:0:0:0:0:0:1],在[2025-03-20 22:06:42],访问了[com.nowcoder.community.service.MessageService.findLetterUnreadCount].
2025-03-20 22:06:42,166 INFO [http-nio-8080-exec-10] c.n.c.a.ServiceLogAspect [ServiceLogAspect.java:39] 用户[0:0:0:0:0:0:0:1],在[2025-03-20 22:06:42],访问了[com.nowcoder.community.service.UserService.findUserById].
2025-03-20 22:06:42,166 INFO [http-nio-8080-exec-10] c.n.c.a.ServiceLogAspect [ServiceLogAspect.java:39] 用户[0:0:0:0:0:0:0:1],在[2025-03-20 22:06:42],访问了[com.nowcoder.community.service.MessageService.findLetterCount].
2025-03-20 22:06:42,167 INFO [http-nio-8080-exec-10] c.n.c.a.ServiceLogAspect [ServiceLogAspect.java:39] 用户[0:0:0:0:0:0:0:1],在[2025-03-20 22:06:42],访问了[com.nowcoder.community.service.MessageService.findLetterUnreadCount].
2025-03-20 22:06:42,174 INFO [http-nio-8080-exec-10] c.n.c.a.ServiceLogAspect [ServiceLogAspect.java:39] 用户[0:0:0:0:0:0:0:1],在[2025-03-20 22:06:42],访问了[com.nowcoder.community.service.UserService.findUserById].
2025-03-20 22:06:42,175 INFO [http-nio-8080-exec-10] c.n.c.a.ServiceLogAspect [ServiceLogAspect.java:39] 用户[0:0:0:0:0:0:0:1],在[2025-03-20 22:06:42],访问了[com.nowcoder.community.service.MessageService.findLetterCount].
2025-03-20 22:06:42,175 INFO [http-nio-8080-exec-10] c.n.c.a.ServiceLogAspect [ServiceLogAspect.java:39] 用户[0:0:0:0:0:0:0:1],在[2025-03-20 22:06:42],访问了[com.nowcoder.community.service.MessageService.findLetterUnreadCount].
2025-03-20 22:06:42,176 INFO [http-nio-8080-exec-10] c.n.c.a.ServiceLogAspect [ServiceLogAspect.java:39] 用户[0:0:0:0:0:0:0:1],在[2025-03-20 22:06:42],访问了[com.nowcoder.community.service.UserService.findUserById].
2025-03-20 22:06:42,176 INFO [http-nio-8080-exec-10] c.n.c.a.ServiceLogAspect [ServiceLogAspect.java:39] 用户[0:0:0:0:0:0:0:1],在[2025-03-20 22:06:42],访问了[com.nowcoder.community.service.MessageService.findLetterCount].
2025-03-20 22:06:42,178 INFO [http-nio-8080-exec-10] c.n.c.a.ServiceLogAspect [ServiceLogAspect.java:39] 用户[0:0:0:0:0:0:0:1],在[2025-03-20 22:06:42],访问了[com.nowcoder.community.service.MessageService.findLetterUnreadCount].
2025-03-20 22:06:42,184 INFO [http-nio-8080-exec-10] c.n.c.a.ServiceLogAspect [ServiceLogAspect.java:39] 用户[0:0:0:0:0:0:0:1],在[2025-03-20 22:06:42],访问了[com.nowcoder.community.service.UserService.findUserById].
2025-03-20 22:06:42,185 INFO [http-nio-8080-exec-10] c.n.c.a.ServiceLogAspect [ServiceLogAspect.java:39] 用户[0:0:0:0:0:0:0:1],在[2025-03-20 22:06:42],访问了[com.nowcoder.community.service.MessageService.findLetterCount].
2025-03-20 22:06:42,186 INFO [http-nio-8080-exec-10] c.n.c.a.ServiceLogAspect [ServiceLogAspect.java:39] 用户[0:0:0:0:0:0:0:1],在[2025-03-20 22:06:42],访问了[com.nowcoder.community.service.MessageService.findLetterUnreadCount].
2025-03-20 22:06:42,194 INFO [http-nio-8080-exec-10] c.n.c.a.ServiceLogAspect [ServiceLogAspect.java:39] 用户[0:0:0:0:0:0:0:1],在[2025-03-20 22:06:42],访问了[com.nowcoder.community.service.UserService.findUserById].
2025-03-20 22:06:42,195 INFO [http-nio-8080-exec-10] c.n.c.a.ServiceLogAspect [ServiceLogAspect.java:39] 用户[0:0:0:0:0:0:0:1],在[2025-03-20 22:06:42],访问了[com.nowcoder.community.service.MessageService.findLetterUnreadCount].
2025-03-20 22:06:45,792 INFO [http-nio-8080-exec-5] c.n.c.a.ServiceLogAspect [ServiceLogAspect.java:39] 用户[0:0:0:0:0:0:0:1],在[2025-03-20 22:06:45],访问了[com.nowcoder.community.service.UserService.findLoginTicket].
2025-03-20 22:06:45,793 INFO [http-nio-8080-exec-5] c.n.c.a.ServiceLogAspect [ServiceLogAspect.java:39] 用户[0:0:0:0:0:0:0:1],在[2025-03-20 22:06:45],访问了[com.nowcoder.community.service.UserService.findUserById].
2025-03-20 22:06:45,795 INFO [http-nio-8080-exec-5] c.n.c.a.ServiceLogAspect [ServiceLogAspect.java:39] 用户[0:0:0:0:0:0:0:1],在[2025-03-20 22:06:45],访问了[com.nowcoder.community.service.MessageService.findLatestNotice].
2025-03-20 22:06:45,796 INFO [http-nio-8080-exec-5] c.n.c.a.ServiceLogAspect [ServiceLogAspect.java:39] 用户[0:0:0:0:0:0:0:1],在[2025-03-20 22:06:45],访问了[com.nowcoder.community.service.UserService.findUserById].
2025-03-20 22:06:45,797 INFO [http-nio-8080-exec-5] c.n.c.a.ServiceLogAspect [ServiceLogAspect.java:39] 用户[0:0:0:0:0:0:0:1],在[2025-03-20 22:06:45],访问了[com.nowcoder.community.service.MessageService.findNoticeCount].
2025-03-20 22:06:45,798 INFO [http-nio-8080-exec-5] c.n.c.a.ServiceLogAspect [ServiceLogAspect.java:39] 用户[0:0:0:0:0:0:0:1],在[2025-03-20 22:06:45],访问了[com.nowcoder.community.service.MessageService.findNoticeUnreadCount].
2025-03-20 22:06:45,799 INFO [http-nio-8080-exec-5] c.n.c.a.ServiceLogAspect [ServiceLogAspect.java:39] 用户[0:0:0:0:0:0:0:1],在[2025-03-20 22:06:45],访问了[com.nowcoder.community.service.MessageService.findLatestNotice].
2025-03-20 22:06:45,807 INFO [http-nio-8080-exec-5] c.n.c.a.ServiceLogAspect [ServiceLogAspect.java:39] 用户[0:0:0:0:0:0:0:1],在[2025-03-20 22:06:45],访问了[com.nowcoder.community.service.UserService.findUserById].
2025-03-20 22:06:45,807 INFO [http-nio-8080-exec-5] c.n.c.a.ServiceLogAspect [ServiceLogAspect.java:39] 用户[0:0:0:0:0:0:0:1],在[2025-03-20 22:06:45],访问了[com.nowcoder.community.service.MessageService.findNoticeCount].
2025-03-20 22:06:45,815 INFO [http-nio-8080-exec-5] c.n.c.a.ServiceLogAspect [ServiceLogAspect.java:39] 用户[0:0:0:0:0:0:0:1],在[2025-03-20 22:06:45],访问了[com.nowcoder.community.service.MessageService.findNoticeUnreadCount].
2025-03-20 22:06:45,822 INFO [http-nio-8080-exec-5] c.n.c.a.ServiceLogAspect [ServiceLogAspect.java:39] 用户[0:0:0:0:0:0:0:1],在[2025-03-20 22:06:45],访问了[com.nowcoder.community.service.MessageService.findLatestNotice].
2025-03-20 22:06:45,830 INFO [http-nio-8080-exec-5] c.n.c.a.ServiceLogAspect [ServiceLogAspect.java:39] 用户[0:0:0:0:0:0:0:1],在[2025-03-20 22:06:45],访问了[com.nowcoder.community.service.UserService.findUserById].
2025-03-20 22:06:45,830 INFO [http-nio-8080-exec-5] c.n.c.a.ServiceLogAspect [ServiceLogAspect.java:39] 用户[0:0:0:0:0:0:0:1],在[2025-03-20 22:06:45],访问了[com.nowcoder.community.service.MessageService.findNoticeCount].
2025-03-20 22:06:45,838 INFO [http-nio-8080-exec-5] c.n.c.a.ServiceLogAspect [ServiceLogAspect.java:39] 用户[0:0:0:0:0:0:0:1],在[2025-03-20 22:06:45],访问了[com.nowcoder.community.service.MessageService.findNoticeUnreadCount].
2025-03-20 22:06:45,846 INFO [http-nio-8080-exec-5] c.n.c.a.ServiceLogAspect [ServiceLogAspect.java:39] 用户[0:0:0:0:0:0:0:1],在[2025-03-20 22:06:45],访问了[com.nowcoder.community.service.MessageService.findLetterUnreadCount].
2025-03-20 22:06:45,847 INFO [http-nio-8080-exec-5] c.n.c.a.ServiceLogAspect [ServiceLogAspect.java:39] 用户[0:0:0:0:0:0:0:1],在[2025-03-20 22:06:45],访问了[com.nowcoder.community.service.MessageService.findNoticeUnreadCount].
2025-03-20 22:06:46,677 INFO [http-nio-8080-exec-7] c.n.c.a.ServiceLogAspect [ServiceLogAspect.java:39] 用户[0:0:0:0:0:0:0:1],在[2025-03-20 22:06:46],访问了[com.nowcoder.community.service.UserService.findLoginTicket].
2025-03-20 22:06:46,678 INFO [http-nio-8080-exec-7] c.n.c.a.ServiceLogAspect [ServiceLogAspect.java:39] 用户[0:0:0:0:0:0:0:1],在[2025-03-20 22:06:46],访问了[com.nowcoder.community.service.UserService.findUserById].
2025-03-20 22:06:46,680 INFO [http-nio-8080-exec-7] c.n.c.a.ServiceLogAspect [ServiceLogAspect.java:39] 用户[0:0:0:0:0:0:0:1],在[2025-03-20 22:06:46],访问了[com.nowcoder.community.service.MessageService.findConversationCount].
2025-03-20 22:06:46,688 INFO [http-nio-8080-exec-7] c.n.c.a.ServiceLogAspect [ServiceLogAspect.java:39] 用户[0:0:0:0:0:0:0:1],在[2025-03-20 22:06:46],访问了[com.nowcoder.community.service.MessageService.findConversations].
2025-03-20 22:06:46,696 INFO [http-nio-8080-exec-7] c.n.c.a.ServiceLogAspect [ServiceLogAspect.java:39] 用户[0:0:0:0:0:0:0:1],在[2025-03-20 22:06:46],访问了[com.nowcoder.community.service.MessageService.findLetterCount].
2025-03-20 22:06:46,697 INFO [http-nio-8080-exec-7] c.n.c.a.ServiceLogAspect [ServiceLogAspect.java:39] 用户[0:0:0:0:0:0:0:1],在[2025-03-20 22:06:46],访问了[com.nowcoder.community.service.MessageService.findLetterUnreadCount].
2025-03-20 22:06:46,704 INFO [http-nio-8080-exec-7] c.n.c.a.ServiceLogAspect [ServiceLogAspect.java:39] 用户[0:0:0:0:0:0:0:1],在[2025-03-20 22:06:46],访问了[com.nowcoder.community.service.UserService.findUserById].
2025-03-20 22:06:46,704 INFO [http-nio-8080-exec-7] c.n.c.a.ServiceLogAspect [ServiceLogAspect.java:39] 用户[0:0:0:0:0:0:0:1],在[2025-03-20 22:06:46],访问了[com.nowcoder.community.service.MessageService.findLetterCount].
2025-03-20 22:06:46,705 INFO [http-nio-8080-exec-7] c.n.c.a.ServiceLogAspect [ServiceLogAspect.java:39] 用户[0:0:0:0:0:0:0:1],在[2025-03-20 22:06:46],访问了[com.nowcoder.community.service.MessageService.findLetterUnreadCount].
2025-03-20 22:06:46,713 INFO [http-nio-8080-exec-7] c.n.c.a.ServiceLogAspect [ServiceLogAspect.java:39] 用户[0:0:0:0:0:0:0:1],在[2025-03-20 22:06:46],访问了[com.nowcoder.community.service.UserService.findUserById].
2025-03-20 22:06:46,714 INFO [http-nio-8080-exec-7] c.n.c.a.ServiceLogAspect [ServiceLogAspect.java:39] 用户[0:0:0:0:0:0:0:1],在[2025-03-20 22:06:46],访问了[com.nowcoder.community.service.MessageService.findLetterCount].
2025-03-20 22:06:46,714 INFO [http-nio-8080-exec-7] c.n.c.a.ServiceLogAspect [ServiceLogAspect.java:39] 用户[0:0:0:0:0:0:0:1],在[2025-03-20 22:06:46],访问了[com.nowcoder.community.service.MessageService.findLetterUnreadCount].
2025-03-20 22:06:46,715 INFO [http-nio-8080-exec-7] c.n.c.a.ServiceLogAspect [ServiceLogAspect.java:39] 用户[0:0:0:0:0:0:0:1],在[2025-03-20 22:06:46],访问了[com.nowcoder.community.service.UserService.findUserById].
2025-03-20 22:06:46,715 INFO [http-nio-8080-exec-7] c.n.c.a.ServiceLogAspect [ServiceLogAspect.java:39] 用户[0:0:0:0:0:0:0:1],在[2025-03-20 22:06:46],访问了[com.nowcoder.community.service.MessageService.findLetterCount].
2025-03-20 22:06:46,715 INFO [http-nio-8080-exec-7] c.n.c.a.ServiceLogAspect [ServiceLogAspect.java:39] 用户[0:0:0:0:0:0:0:1],在[2025-03-20 22:06:46],访问了[com.nowcoder.community.service.MessageService.findLetterUnreadCount].
2025-03-20 22:06:46,723 INFO [http-nio-8080-exec-7] c.n.c.a.ServiceLogAspect [ServiceLogAspect.java:39] 用户[0:0:0:0:0:0:0:1],在[2025-03-20 22:06:46],访问了[com.nowcoder.community.service.UserService.findUserById].
2025-03-20 22:06:46,723 INFO [http-nio-8080-exec-7] c.n.c.a.ServiceLogAspect [ServiceLogAspect.java:39] 用户[0:0:0:0:0:0:0:1],在[2025-03-20 22:06:46],访问了[com.nowcoder.community.service.MessageService.findLetterCount].
2025-03-20 22:06:46,724 INFO [http-nio-8080-exec-7] c.n.c.a.ServiceLogAspect [ServiceLogAspect.java:39] 用户[0:0:0:0:0:0:0:1],在[2025-03-20 22:06:46],访问了[com.nowcoder.community.service.MessageService.findLetterUnreadCount].
2025-03-20 22:06:46,730 INFO [http-nio-8080-exec-7] c.n.c.a.ServiceLogAspect [ServiceLogAspect.java:39] 用户[0:0:0:0:0:0:0:1],在[2025-03-20 22:06:46],访问了[com.nowcoder.community.service.UserService.findUserById].
2025-03-20 22:06:46,731 INFO [http-nio-8080-exec-7] c.n.c.a.ServiceLogAspect [ServiceLogAspect.java:39] 用户[0:0:0:0:0:0:0:1],在[2025-03-20 22:06:46],访问了[com.nowcoder.community.service.MessageService.findLetterUnreadCount].
2025-03-20 22:07:35,516 INFO [http-nio-8080-exec-2] c.n.c.a.ServiceLogAspect [ServiceLogAspect.java:39] 用户[0:0:0:0:0:0:0:1],在[2025-03-20 22:07:35],访问了[com.nowcoder.community.service.UserService.findLoginTicket].
2025-03-20 22:07:35,517 INFO [http-nio-8080-exec-2] c.n.c.a.ServiceLogAspect [ServiceLogAspect.java:39] 用户[0:0:0:0:0:0:0:1],在[2025-03-20 22:07:35],访问了[com.nowcoder.community.service.UserService.findUserById].
2025-03-20 22:07:35,519 INFO [http-nio-8080-exec-2] c.n.c.a.ServiceLogAspect [ServiceLogAspect.java:39] 用户[0:0:0:0:0:0:0:1],在[2025-03-20 22:07:35],访问了[com.nowcoder.community.service.MessageService.findLatestNotice].
2025-03-20 22:07:35,521 INFO [http-nio-8080-exec-2] c.n.c.a.ServiceLogAspect [ServiceLogAspect.java:39] 用户[0:0:0:0:0:0:0:1],在[2025-03-20 22:07:35],访问了[com.nowcoder.community.service.UserService.findUserById].
2025-03-20 22:07:35,521 INFO [http-nio-8080-exec-2] c.n.c.a.ServiceLogAspect [ServiceLogAspect.java:39] 用户[0:0:0:0:0:0:0:1],在[2025-03-20 22:07:35],访问了[com.nowcoder.community.service.MessageService.findNoticeCount].
2025-03-20 22:07:35,522 INFO [http-nio-8080-exec-2] c.n.c.a.ServiceLogAspect [ServiceLogAspect.java:39] 用户[0:0:0:0:0:0:0:1],在[2025-03-20 22:07:35],访问了[com.nowcoder.community.service.MessageService.findNoticeUnreadCount].
2025-03-20 22:07:35,523 INFO [http-nio-8080-exec-2] c.n.c.a.ServiceLogAspect [ServiceLogAspect.java:39] 用户[0:0:0:0:0:0:0:1],在[2025-03-20 22:07:35],访问了[com.nowcoder.community.service.MessageService.findLatestNotice].
2025-03-20 22:07:35,532 INFO [http-nio-8080-exec-2] c.n.c.a.ServiceLogAspect [ServiceLogAspect.java:39] 用户[0:0:0:0:0:0:0:1],在[2025-03-20 22:07:35],访问了[com.nowcoder.community.service.UserService.findUserById].
2025-03-20 22:07:35,533 INFO [http-nio-8080-exec-2] c.n.c.a.ServiceLogAspect [ServiceLogAspect.java:39] 用户[0:0:0:0:0:0:0:1],在[2025-03-20 22:07:35],访问了[com.nowcoder.community.service.MessageService.findNoticeCount].
2025-03-20 22:07:35,541 INFO [http-nio-8080-exec-2] c.n.c.a.ServiceLogAspect [ServiceLogAspect.java:39] 用户[0:0:0:0:0:0:0:1],在[2025-03-20 22:07:35],访问了[com.nowcoder.community.service.MessageService.findNoticeUnreadCount].
2025-03-20 22:07:35,550 INFO [http-nio-8080-exec-2] c.n.c.a.ServiceLogAspect [ServiceLogAspect.java:39] 用户[0:0:0:0:0:0:0:1],在[2025-03-20 22:07:35],访问了[com.nowcoder.community.service.MessageService.findLatestNotice].
2025-03-20 22:07:35,559 INFO [http-nio-8080-exec-2] c.n.c.a.ServiceLogAspect [ServiceLogAspect.java:39] 用户[0:0:0:0:0:0:0:1],在[2025-03-20 22:07:35],访问了[com.nowcoder.community.service.UserService.findUserById].
2025-03-20 22:07:35,561 INFO [http-nio-8080-exec-2] c.n.c.a.ServiceLogAspect [ServiceLogAspect.java:39] 用户[0:0:0:0:0:0:0:1],在[2025-03-20 22:07:35],访问了[com.nowcoder.community.service.MessageService.findNoticeCount].
2025-03-20 22:07:35,569 INFO [http-nio-8080-exec-2] c.n.c.a.ServiceLogAspect [ServiceLogAspect.java:39] 用户[0:0:0:0:0:0:0:1],在[2025-03-20 22:07:35],访问了[com.nowcoder.community.service.MessageService.findNoticeUnreadCount].
2025-03-20 22:07:35,578 INFO [http-nio-8080-exec-2] c.n.c.a.ServiceLogAspect [ServiceLogAspect.java:39] 用户[0:0:0:0:0:0:0:1],在[2025-03-20 22:07:35],访问了[com.nowcoder.community.service.MessageService.findLetterUnreadCount].
2025-03-20 22:07:35,580 INFO [http-nio-8080-exec-2] c.n.c.a.ServiceLogAspect [ServiceLogAspect.java:39] 用户[0:0:0:0:0:0:0:1],在[2025-03-20 22:07:35],访问了[com.nowcoder.community.service.MessageService.findNoticeUnreadCount].
2025-03-20 22:07:46,976 INFO [http-nio-8080-exec-8] c.n.c.a.ServiceLogAspect [ServiceLogAspect.java:39] 用户[0:0:0:0:0:0:0:1],在[2025-03-20 22:07:46],访问了[com.nowcoder.community.service.UserService.findLoginTicket].
2025-03-20 22:07:46,977 INFO [http-nio-8080-exec-8] c.n.c.a.ServiceLogAspect [ServiceLogAspect.java:39] 用户[0:0:0:0:0:0:0:1],在[2025-03-20 22:07:46],访问了[com.nowcoder.community.service.UserService.findUserById].
2025-03-20 22:07:46,978 INFO [http-nio-8080-exec-8] c.n.c.a.ServiceLogAspect [ServiceLogAspect.java:39] 用户[0:0:0:0:0:0:0:1],在[2025-03-20 22:07:46],访问了[com.nowcoder.community.service.MessageService.findConversationCount].
2025-03-20 22:07:46,987 INFO [http-nio-8080-exec-8] c.n.c.a.ServiceLogAspect [ServiceLogAspect.java:39] 用户[0:0:0:0:0:0:0:1],在[2025-03-20 22:07:46],访问了[com.nowcoder.community.service.MessageService.findConversations].
2025-03-20 22:07:46,996 INFO [http-nio-8080-exec-8] c.n.c.a.ServiceLogAspect [ServiceLogAspect.java:39] 用户[0:0:0:0:0:0:0:1],在[2025-03-20 22:07:46],访问了[com.nowcoder.community.service.MessageService.findLetterCount].
2025-03-20 22:07:46,996 INFO [http-nio-8080-exec-8] c.n.c.a.ServiceLogAspect [ServiceLogAspect.java:39] 用户[0:0:0:0:0:0:0:1],在[2025-03-20 22:07:46],访问了[com.nowcoder.community.service.MessageService.findLetterUnreadCount].
2025-03-20 22:07:47,005 INFO [http-nio-8080-exec-8] c.n.c.a.ServiceLogAspect [ServiceLogAspect.java:39] 用户[0:0:0:0:0:0:0:1],在[2025-03-20 22:07:47],访问了[com.nowcoder.community.service.UserService.findUserById].
2025-03-20 22:07:47,005 INFO [http-nio-8080-exec-8] c.n.c.a.ServiceLogAspect [ServiceLogAspect.java:39] 用户[0:0:0:0:0:0:0:1],在[2025-03-20 22:07:47],访问了[com.nowcoder.community.service.MessageService.findLetterCount].
2025-03-20 22:07:47,006 INFO [http-nio-8080-exec-8] c.n.c.a.ServiceLogAspect [ServiceLogAspect.java:39] 用户[0:0:0:0:0:0:0:1],在[2025-03-20 22:07:47],访问了[com.nowcoder.community.service.MessageService.findLetterUnreadCount].
2025-03-20 22:07:47,014 INFO [http-nio-8080-exec-8] c.n.c.a.ServiceLogAspect [ServiceLogAspect.java:39] 用户[0:0:0:0:0:0:0:1],在[2025-03-20 22:07:47],访问了[com.nowcoder.community.service.UserService.findUserById].
2025-03-20 22:07:47,014 INFO [http-nio-8080-exec-8] c.n.c.a.ServiceLogAspect [ServiceLogAspect.java:39] 用户[0:0:0:0:0:0:0:1],在[2025-03-20 22:07:47],访问了[com.nowcoder.community.service.MessageService.findLetterCount].
2025-03-20 22:07:47,015 INFO [http-nio-8080-exec-8] c.n.c.a.ServiceLogAspect [ServiceLogAspect.java:39] 用户[0:0:0:0:0:0:0:1],在[2025-03-20 22:07:47],访问了[com.nowcoder.community.service.MessageService.findLetterUnreadCount].
2025-03-20 22:07:47,016 INFO [http-nio-8080-exec-8] c.n.c.a.ServiceLogAspect [ServiceLogAspect.java:39] 用户[0:0:0:0:0:0:0:1],在[2025-03-20 22:07:47],访问了[com.nowcoder.community.service.UserService.findUserById].
2025-03-20 22:07:47,017 INFO [http-nio-8080-exec-8] c.n.c.a.ServiceLogAspect [ServiceLogAspect.java:39] 用户[0:0:0:0:0:0:0:1],在[2025-03-20 22:07:47],访问了[com.nowcoder.community.service.MessageService.findLetterCount].
2025-03-20 22:07:47,017 INFO [http-nio-8080-exec-8] c.n.c.a.ServiceLogAspect [ServiceLogAspect.java:39] 用户[0:0:0:0:0:0:0:1],在[2025-03-20 22:07:47],访问了[com.nowcoder.community.service.MessageService.findLetterUnreadCount].
2025-03-20 22:07:47,025 INFO [http-nio-8080-exec-8] c.n.c.a.ServiceLogAspect [ServiceLogAspect.java:39] 用户[0:0:0:0:0:0:0:1],在[2025-03-20 22:07:47],访问了[com.nowcoder.community.service.UserService.findUserById].
2025-03-20 22:07:47,025 INFO [http-nio-8080-exec-8] c.n.c.a.ServiceLogAspect [ServiceLogAspect.java:39] 用户[0:0:0:0:0:0:0:1],在[2025-03-20 22:07:47],访问了[com.nowcoder.community.service.MessageService.findLetterCount].
2025-03-20 22:07:47,026 INFO [http-nio-8080-exec-8] c.n.c.a.ServiceLogAspect [ServiceLogAspect.java:39] 用户[0:0:0:0:0:0:0:1],在[2025-03-20 22:07:47],访问了[com.nowcoder.community.service.MessageService.findLetterUnreadCount].
2025-03-20 22:07:47,032 INFO [http-nio-8080-exec-8] c.n.c.a.ServiceLogAspect [ServiceLogAspect.java:39] 用户[0:0:0:0:0:0:0:1],在[2025-03-20 22:07:47],访问了[com.nowcoder.community.service.UserService.findUserById].
2025-03-20 22:07:47,033 INFO [http-nio-8080-exec-8] c.n.c.a.ServiceLogAspect [ServiceLogAspect.java:39] 用户[0:0:0:0:0:0:0:1],在[2025-03-20 22:07:47],访问了[com.nowcoder.community.service.MessageService.findLetterUnreadCount].
2025-03-20 22:09:07,674 INFO [http-nio-8080-exec-7] c.n.c.a.ServiceLogAspect [ServiceLogAspect.java:39] 用户[0:0:0:0:0:0:0:1],在[2025-03-20 22:09:07],访问了[com.nowcoder.community.service.UserService.findLoginTicket].
2025-03-20 22:09:07,675 INFO [http-nio-8080-exec-7] c.n.c.a.ServiceLogAspect [ServiceLogAspect.java:39] 用户[0:0:0:0:0:0:0:1],在[2025-03-20 22:09:07],访问了[com.nowcoder.community.service.UserService.findUserById].
2025-03-20 22:09:07,676 INFO [http-nio-8080-exec-7] c.n.c.a.ServiceLogAspect [ServiceLogAspect.java:39] 用户[0:0:0:0:0:0:0:1],在[2025-03-20 22:09:07],访问了[com.nowcoder.community.service.MessageService.findLatestNotice].
2025-03-20 22:09:07,677 INFO [http-nio-8080-exec-7] c.n.c.a.ServiceLogAspect [ServiceLogAspect.java:39] 用户[0:0:0:0:0:0:0:1],在[2025-03-20 22:09:07],访问了[com.nowcoder.community.service.UserService.findUserById].
2025-03-20 22:09:07,678 INFO [http-nio-8080-exec-7] c.n.c.a.ServiceLogAspect [ServiceLogAspect.java:39] 用户[0:0:0:0:0:0:0:1],在[2025-03-20 22:09:07],访问了[com.nowcoder.community.service.MessageService.findNoticeCount].
2025-03-20 22:09:07,678 INFO [http-nio-8080-exec-7] c.n.c.a.ServiceLogAspect [ServiceLogAspect.java:39] 用户[0:0:0:0:0:0:0:1],在[2025-03-20 22:09:07],访问了[com.nowcoder.community.service.MessageService.findNoticeUnreadCount].
2025-03-20 22:09:07,679 INFO [http-nio-8080-exec-7] c.n.c.a.ServiceLogAspect [ServiceLogAspect.java:39] 用户[0:0:0:0:0:0:0:1],在[2025-03-20 22:09:07],访问了[com.nowcoder.community.service.MessageService.findLatestNotice].
2025-03-20 22:09:07,687 INFO [http-nio-8080-exec-7] c.n.c.a.ServiceLogAspect [ServiceLogAspect.java:39] 用户[0:0:0:0:0:0:0:1],在[2025-03-20 22:09:07],访问了[com.nowcoder.community.service.UserService.findUserById].
2025-03-20 22:09:07,687 INFO [http-nio-8080-exec-7] c.n.c.a.ServiceLogAspect [ServiceLogAspect.java:39] 用户[0:0:0:0:0:0:0:1],在[2025-03-20 22:09:07],访问了[com.nowcoder.community.service.MessageService.findNoticeCount].
2025-03-20 22:09:07,694 INFO [http-nio-8080-exec-7] c.n.c.a.ServiceLogAspect [ServiceLogAspect.java:39] 用户[0:0:0:0:0:0:0:1],在[2025-03-20 22:09:07],访问了[com.nowcoder.community.service.MessageService.findNoticeUnreadCount].
2025-03-20 22:09:07,703 INFO [http-nio-8080-exec-7] c.n.c.a.ServiceLogAspect [ServiceLogAspect.java:39] 用户[0:0:0:0:0:0:0:1],在[2025-03-20 22:09:07],访问了[com.nowcoder.community.service.MessageService.findLatestNotice].
2025-03-20 22:09:07,711 INFO [http-nio-8080-exec-7] c.n.c.a.ServiceLogAspect [ServiceLogAspect.java:39] 用户[0:0:0:0:0:0:0:1],在[2025-03-20 22:09:07],访问了[com.nowcoder.community.service.UserService.findUserById].
2025-03-20 22:09:07,711 INFO [http-nio-8080-exec-7] c.n.c.a.ServiceLogAspect [ServiceLogAspect.java:39] 用户[0:0:0:0:0:0:0:1],在[2025-03-20 22:09:07],访问了[com.nowcoder.community.service.MessageService.findNoticeCount].
2025-03-20 22:09:07,719 INFO [http-nio-8080-exec-7] c.n.c.a.ServiceLogAspect [ServiceLogAspect.java:39] 用户[0:0:0:0:0:0:0:1],在[2025-03-20 22:09:07],访问了[com.nowcoder.community.service.MessageService.findNoticeUnreadCount].
2025-03-20 22:09:07,726 INFO [http-nio-8080-exec-7] c.n.c.a.ServiceLogAspect [ServiceLogAspect.java:39] 用户[0:0:0:0:0:0:0:1],在[2025-03-20 22:09:07],访问了[com.nowcoder.community.service.MessageService.findLetterUnreadCount].
2025-03-20 22:09:07,728 INFO [http-nio-8080-exec-7] c.n.c.a.ServiceLogAspect [ServiceLogAspect.java:39] 用户[0:0:0:0:0:0:0:1],在[2025-03-20 22:09:07],访问了[com.nowcoder.community.service.MessageService.findNoticeUnreadCount].
2025-03-20 22:09:08,424 INFO [http-nio-8080-exec-5] c.n.c.a.ServiceLogAspect [ServiceLogAspect.java:39] 用户[0:0:0:0:0:0:0:1],在[2025-03-20 22:09:08],访问了[com.nowcoder.community.service.UserService.findLoginTicket].
2025-03-20 22:09:08,425 INFO [http-nio-8080-exec-5] c.n.c.a.ServiceLogAspect [ServiceLogAspect.java:39] 用户[0:0:0:0:0:0:0:1],在[2025-03-20 22:09:08],访问了[com.nowcoder.community.service.UserService.findUserById].
2025-03-20 22:09:08,426 INFO [http-nio-8080-exec-5] c.n.c.a.ServiceLogAspect [ServiceLogAspect.java:39] 用户[0:0:0:0:0:0:0:1],在[2025-03-20 22:09:08],访问了[com.nowcoder.community.service.MessageService.findConversationCount].
2025-03-20 22:09:08,434 INFO [http-nio-8080-exec-5] c.n.c.a.ServiceLogAspect [ServiceLogAspect.java:39] 用户[0:0:0:0:0:0:0:1],在[2025-03-20 22:09:08],访问了[com.nowcoder.community.service.MessageService.findConversations].
2025-03-20 22:09:08,444 INFO [http-nio-8080-exec-5] c.n.c.a.ServiceLogAspect [ServiceLogAspect.java:39] 用户[0:0:0:0:0:0:0:1],在[2025-03-20 22:09:08],访问了[com.nowcoder.community.service.MessageService.findLetterCount].
2025-03-20 22:09:08,444 INFO [http-nio-8080-exec-5] c.n.c.a.ServiceLogAspect [ServiceLogAspect.java:39] 用户[0:0:0:0:0:0:0:1],在[2025-03-20 22:09:08],访问了[com.nowcoder.community.service.MessageService.findLetterUnreadCount].
2025-03-20 22:09:08,452 INFO [http-nio-8080-exec-5] c.n.c.a.ServiceLogAspect [ServiceLogAspect.java:39] 用户[0:0:0:0:0:0:0:1],在[2025-03-20 22:09:08],访问了[com.nowcoder.community.service.UserService.findUserById].
2025-03-20 22:09:08,453 INFO [http-nio-8080-exec-5] c.n.c.a.ServiceLogAspect [ServiceLogAspect.java:39] 用户[0:0:0:0:0:0:0:1],在[2025-03-20 22:09:08],访问了[com.nowcoder.community.service.MessageService.findLetterCount].
2025-03-20 22:09:08,454 INFO [http-nio-8080-exec-5] c.n.c.a.ServiceLogAspect [ServiceLogAspect.java:39] 用户[0:0:0:0:0:0:0:1],在[2025-03-20 22:09:08],访问了[com.nowcoder.community.service.MessageService.findLetterUnreadCount].
2025-03-20 22:09:08,461 INFO [http-nio-8080-exec-5] c.n.c.a.ServiceLogAspect [ServiceLogAspect.java:39] 用户[0:0:0:0:0:0:0:1],在[2025-03-20 22:09:08],访问了[com.nowcoder.community.service.UserService.findUserById].
2025-03-20 22:09:08,462 INFO [http-nio-8080-exec-5] c.n.c.a.ServiceLogAspect [ServiceLogAspect.java:39] 用户[0:0:0:0:0:0:0:1],在[2025-03-20 22:09:08],访问了[com.nowcoder.community.service.MessageService.findLetterCount].
2025-03-20 22:09:08,463 INFO [http-nio-8080-exec-5] c.n.c.a.ServiceLogAspect [ServiceLogAspect.java:39] 用户[0:0:0:0:0:0:0:1],在[2025-03-20 22:09:08],访问了[com.nowcoder.community.service.MessageService.findLetterUnreadCount].
2025-03-20 22:09:08,464 INFO [http-nio-8080-exec-5] c.n.c.a.ServiceLogAspect [ServiceLogAspect.java:39] 用户[0:0:0:0:0:0:0:1],在[2025-03-20 22:09:08],访问了[com.nowcoder.community.service.UserService.findUserById].
2025-03-20 22:09:08,465 INFO [http-nio-8080-exec-5] c.n.c.a.ServiceLogAspect [ServiceLogAspect.java:39] 用户[0:0:0:0:0:0:0:1],在[2025-03-20 22:09:08],访问了[com.nowcoder.community.service.MessageService.findLetterCount].
2025-03-20 22:09:08,467 INFO [http-nio-8080-exec-5] c.n.c.a.ServiceLogAspect [ServiceLogAspect.java:39] 用户[0:0:0:0:0:0:0:1],在[2025-03-20 22:09:08],访问了[com.nowcoder.community.service.MessageService.findLetterUnreadCount].
2025-03-20 22:09:08,476 INFO [http-nio-8080-exec-5] c.n.c.a.ServiceLogAspect [ServiceLogAspect.java:39] 用户[0:0:0:0:0:0:0:1],在[2025-03-20 22:09:08],访问了[com.nowcoder.community.service.UserService.findUserById].
2025-03-20 22:09:08,477 INFO [http-nio-8080-exec-5] c.n.c.a.ServiceLogAspect [ServiceLogAspect.java:39] 用户[0:0:0:0:0:0:0:1],在[2025-03-20 22:09:08],访问了[com.nowcoder.community.service.MessageService.findLetterCount].
2025-03-20 22:09:08,478 INFO [http-nio-8080-exec-5] c.n.c.a.ServiceLogAspect [ServiceLogAspect.java:39] 用户[0:0:0:0:0:0:0:1],在[2025-03-20 22:09:08],访问了[com.nowcoder.community.service.MessageService.findLetterUnreadCount].
2025-03-20 22:09:08,486 INFO [http-nio-8080-exec-5] c.n.c.a.ServiceLogAspect [ServiceLogAspect.java:39] 用户[0:0:0:0:0:0:0:1],在[2025-03-20 22:09:08],访问了[com.nowcoder.community.service.UserService.findUserById].
2025-03-20 22:09:08,486 INFO [http-nio-8080-exec-5] c.n.c.a.ServiceLogAspect [ServiceLogAspect.java:39] 用户[0:0:0:0:0:0:0:1],在[2025-03-20 22:09:08],访问了[com.nowcoder.community.service.MessageService.findLetterUnreadCount].
2025-03-20 22:09:09,151 INFO [http-nio-8080-exec-6] c.n.c.a.ServiceLogAspect [ServiceLogAspect.java:39] 用户[0:0:0:0:0:0:0:1],在[2025-03-20 22:09:09],访问了[com.nowcoder.community.service.UserService.findLoginTicket].
2025-03-20 22:09:09,152 INFO [http-nio-8080-exec-6] c.n.c.a.ServiceLogAspect [ServiceLogAspect.java:39] 用户[0:0:0:0:0:0:0:1],在[2025-03-20 22:09:09],访问了[com.nowcoder.community.service.UserService.findUserById].
2025-03-20 22:09:09,153 INFO [http-nio-8080-exec-6] c.n.c.a.ServiceLogAspect [ServiceLogAspect.java:39] 用户[0:0:0:0:0:0:0:1],在[2025-03-20 22:09:09],访问了[com.nowcoder.community.service.MessageService.findLatestNotice].
2025-03-20 22:09:09,157 INFO [http-nio-8080-exec-6] c.n.c.a.ServiceLogAspect [ServiceLogAspect.java:39] 用户[0:0:0:0:0:0:0:1],在[2025-03-20 22:09:09],访问了[com.nowcoder.community.service.UserService.findUserById].
2025-03-20 22:09:09,157 INFO [http-nio-8080-exec-6] c.n.c.a.ServiceLogAspect [ServiceLogAspect.java:39] 用户[0:0:0:0:0:0:0:1],在[2025-03-20 22:09:09],访问了[com.nowcoder.community.service.MessageService.findNoticeCount].
2025-03-20 22:09:09,159 INFO [http-nio-8080-exec-6] c.n.c.a.ServiceLogAspect [ServiceLogAspect.java:39] 用户[0:0:0:0:0:0:0:1],在[2025-03-20 22:09:09],访问了[com.nowcoder.community.service.MessageService.findNoticeUnreadCount].
2025-03-20 22:09:09,160 INFO [http-nio-8080-exec-6] c.n.c.a.ServiceLogAspect [ServiceLogAspect.java:39] 用户[0:0:0:0:0:0:0:1],在[2025-03-20 22:09:09],访问了[com.nowcoder.community.service.MessageService.findLatestNotice].
2025-03-20 22:09:09,171 INFO [http-nio-8080-exec-6] c.n.c.a.ServiceLogAspect [ServiceLogAspect.java:39] 用户[0:0:0:0:0:0:0:1],在[2025-03-20 22:09:09],访问了[com.nowcoder.community.service.UserService.findUserById].
2025-03-20 22:09:09,171 INFO [http-nio-8080-exec-6] c.n.c.a.ServiceLogAspect [ServiceLogAspect.java:39] 用户[0:0:0:0:0:0:0:1],在[2025-03-20 22:09:09],访问了[com.nowcoder.community.service.MessageService.findNoticeCount].
2025-03-20 22:09:09,178 INFO [http-nio-8080-exec-6] c.n.c.a.ServiceLogAspect [ServiceLogAspect.java:39] 用户[0:0:0:0:0:0:0:1],在[2025-03-20 22:09:09],访问了[com.nowcoder.community.service.MessageService.findNoticeUnreadCount].
2025-03-20 22:09:09,186 INFO [http-nio-8080-exec-6] c.n.c.a.ServiceLogAspect [ServiceLogAspect.java:39] 用户[0:0:0:0:0:0:0:1],在[2025-03-20 22:09:09],访问了[com.nowcoder.community.service.MessageService.findLatestNotice].
2025-03-20 22:09:09,195 INFO [http-nio-8080-exec-6] c.n.c.a.ServiceLogAspect [ServiceLogAspect.java:39] 用户[0:0:0:0:0:0:0:1],在[2025-03-20 22:09:09],访问了[com.nowcoder.community.service.UserService.findUserById].
2025-03-20 22:09:09,195 INFO [http-nio-8080-exec-6] c.n.c.a.ServiceLogAspect [ServiceLogAspect.java:39] 用户[0:0:0:0:0:0:0:1],在[2025-03-20 22:09:09],访问了[com.nowcoder.community.service.MessageService.findNoticeCount].
2025-03-20 22:09:09,203 INFO [http-nio-8080-exec-6] c.n.c.a.ServiceLogAspect [ServiceLogAspect.java:39] 用户[0:0:0:0:0:0:0:1],在[2025-03-20 22:09:09],访问了[com.nowcoder.community.service.MessageService.findNoticeUnreadCount].
2025-03-20 22:09:09,211 INFO [http-nio-8080-exec-6] c.n.c.a.ServiceLogAspect [ServiceLogAspect.java:39] 用户[0:0:0:0:0:0:0:1],在[2025-03-20 22:09:09],访问了[com.nowcoder.community.service.MessageService.findLetterUnreadCount].
2025-03-20 22:09:09,213 INFO [http-nio-8080-exec-6] c.n.c.a.ServiceLogAspect [ServiceLogAspect.java:39] 用户[0:0:0:0:0:0:0:1],在[2025-03-20 22:09:09],访问了[com.nowcoder.community.service.MessageService.findNoticeUnreadCount].
2025-03-20 22:09:10,481 INFO [http-nio-8080-exec-8] c.n.c.a.ServiceLogAspect [ServiceLogAspect.java:39] 用户[0:0:0:0:0:0:0:1],在[2025-03-20 22:09:10],访问了[com.nowcoder.community.service.UserService.findLoginTicket].
2025-03-20 22:09:10,482 INFO [http-nio-8080-exec-8] c.n.c.a.ServiceLogAspect [ServiceLogAspect.java:39] 用户[0:0:0:0:0:0:0:1],在[2025-03-20 22:09:10],访问了[com.nowcoder.community.service.UserService.findUserById].
2025-03-20 22:09:10,482 INFO [http-nio-8080-exec-8] c.n.c.a.ServiceLogAspect [ServiceLogAspect.java:39] 用户[0:0:0:0:0:0:0:1],在[2025-03-20 22:09:10],访问了[com.nowcoder.community.service.MessageService.findConversationCount].
2025-03-20 22:09:10,491 INFO [http-nio-8080-exec-8] c.n.c.a.ServiceLogAspect [ServiceLogAspect.java:39] 用户[0:0:0:0:0:0:0:1],在[2025-03-20 22:09:10],访问了[com.nowcoder.community.service.MessageService.findConversations].
2025-03-20 22:09:10,500 INFO [http-nio-8080-exec-8] c.n.c.a.ServiceLogAspect [ServiceLogAspect.java:39] 用户[0:0:0:0:0:0:0:1],在[2025-03-20 22:09:10],访问了[com.nowcoder.community.service.MessageService.findLetterCount].
2025-03-20 22:09:10,501 INFO [http-nio-8080-exec-8] c.n.c.a.ServiceLogAspect [ServiceLogAspect.java:39] 用户[0:0:0:0:0:0:0:1],在[2025-03-20 22:09:10],访问了[com.nowcoder.community.service.MessageService.findLetterUnreadCount].
2025-03-20 22:09:10,508 INFO [http-nio-8080-exec-8] c.n.c.a.ServiceLogAspect [ServiceLogAspect.java:39] 用户[0:0:0:0:0:0:0:1],在[2025-03-20 22:09:10],访问了[com.nowcoder.community.service.UserService.findUserById].
2025-03-20 22:09:10,509 INFO [http-nio-8080-exec-8] c.n.c.a.ServiceLogAspect [ServiceLogAspect.java:39] 用户[0:0:0:0:0:0:0:1],在[2025-03-20 22:09:10],访问了[com.nowcoder.community.service.MessageService.findLetterCount].
2025-03-20 22:09:10,510 INFO [http-nio-8080-exec-8] c.n.c.a.ServiceLogAspect [ServiceLogAspect.java:39] 用户[0:0:0:0:0:0:0:1],在[2025-03-20 22:09:10],访问了[com.nowcoder.community.service.MessageService.findLetterUnreadCount].
2025-03-20 22:09:10,516 INFO [http-nio-8080-exec-8] c.n.c.a.ServiceLogAspect [ServiceLogAspect.java:39] 用户[0:0:0:0:0:0:0:1],在[2025-03-20 22:09:10],访问了[com.nowcoder.community.service.UserService.findUserById].
2025-03-20 22:09:10,517 INFO [http-nio-8080-exec-8] c.n.c.a.ServiceLogAspect [ServiceLogAspect.java:39] 用户[0:0:0:0:0:0:0:1],在[2025-03-20 22:09:10],访问了[com.nowcoder.community.service.MessageService.findLetterCount].
2025-03-20 22:09:10,518 INFO [http-nio-8080-exec-8] c.n.c.a.ServiceLogAspect [ServiceLogAspect.java:39] 用户[0:0:0:0:0:0:0:1],在[2025-03-20 22:09:10],访问了[com.nowcoder.community.service.MessageService.findLetterUnreadCount].
2025-03-20 22:09:10,518 INFO [http-nio-8080-exec-8] c.n.c.a.ServiceLogAspect [ServiceLogAspect.java:39] 用户[0:0:0:0:0:0:0:1],在[2025-03-20 22:09:10],访问了[com.nowcoder.community.service.UserService.findUserById].
2025-03-20 22:09:10,519 INFO [http-nio-8080-exec-8] c.n.c.a.ServiceLogAspect [ServiceLogAspect.java:39] 用户[0:0:0:0:0:0:0:1],在[2025-03-20 22:09:10],访问了[com.nowcoder.community.service.MessageService.findLetterCount].
2025-03-20 22:09:10,519 INFO [http-nio-8080-exec-8] c.n.c.a.ServiceLogAspect [ServiceLogAspect.java:39] 用户[0:0:0:0:0:0:0:1],在[2025-03-20 22:09:10],访问了[com.nowcoder.community.service.MessageService.findLetterUnreadCount].
2025-03-20 22:09:10,526 INFO [http-nio-8080-exec-8] c.n.c.a.ServiceLogAspect [ServiceLogAspect.java:39] 用户[0:0:0:0:0:0:0:1],在[2025-03-20 22:09:10],访问了[com.nowcoder.community.service.UserService.findUserById].
2025-03-20 22:09:10,527 INFO [http-nio-8080-exec-8] c.n.c.a.ServiceLogAspect [ServiceLogAspect.java:39] 用户[0:0:0:0:0:0:0:1],在[2025-03-20 22:09:10],访问了[com.nowcoder.community.service.MessageService.findLetterCount].
2025-03-20 22:09:10,528 INFO [http-nio-8080-exec-8] c.n.c.a.ServiceLogAspect [ServiceLogAspect.java:39] 用户[0:0:0:0:0:0:0:1],在[2025-03-20 22:09:10],访问了[com.nowcoder.community.service.MessageService.findLetterUnreadCount].
2025-03-20 22:09:10,535 INFO [http-nio-8080-exec-8] c.n.c.a.ServiceLogAspect [ServiceLogAspect.java:39] 用户[0:0:0:0:0:0:0:1],在[2025-03-20 22:09:10],访问了[com.nowcoder.community.service.UserService.findUserById].
2025-03-20 22:09:10,536 INFO [http-nio-8080-exec-8] c.n.c.a.ServiceLogAspect [ServiceLogAspect.java:39] 用户[0:0:0:0:0:0:0:1],在[2025-03-20 22:09:10],访问了[com.nowcoder.community.service.MessageService.findLetterUnreadCount].
2025-03-20 22:09:11,589 INFO [http-nio-8080-exec-1] c.n.c.a.ServiceLogAspect [ServiceLogAspect.java:39] 用户[0:0:0:0:0:0:0:1],在[2025-03-20 22:09:11],访问了[com.nowcoder.community.service.UserService.findLoginTicket].
2025-03-20 22:09:11,590 INFO [http-nio-8080-exec-1] c.n.c.a.ServiceLogAspect [ServiceLogAspect.java:39] 用户[0:0:0:0:0:0:0:1],在[2025-03-20 22:09:11],访问了[com.nowcoder.community.service.UserService.findUserById].
2025-03-20 22:09:11,590 INFO [http-nio-8080-exec-1] c.n.c.a.ServiceLogAspect [ServiceLogAspect.java:39] 用户[0:0:0:0:0:0:0:1],在[2025-03-20 22:09:11],访问了[com.nowcoder.community.service.MessageService.findLatestNotice].
2025-03-20 22:09:11,593 INFO [http-nio-8080-exec-1] c.n.c.a.ServiceLogAspect [ServiceLogAspect.java:39] 用户[0:0:0:0:0:0:0:1],在[2025-03-20 22:09:11],访问了[com.nowcoder.community.service.UserService.findUserById].
2025-03-20 22:09:11,594 INFO [http-nio-8080-exec-1] c.n.c.a.ServiceLogAspect [ServiceLogAspect.java:39] 用户[0:0:0:0:0:0:0:1],在[2025-03-20 22:09:11],访问了[com.nowcoder.community.service.MessageService.findNoticeCount].
2025-03-20 22:09:11,595 INFO [http-nio-8080-exec-1] c.n.c.a.ServiceLogAspect [ServiceLogAspect.java:39] 用户[0:0:0:0:0:0:0:1],在[2025-03-20 22:09:11],访问了[com.nowcoder.community.service.MessageService.findNoticeUnreadCount].
2025-03-20 22:09:11,596 INFO [http-nio-8080-exec-1] c.n.c.a.ServiceLogAspect [ServiceLogAspect.java:39] 用户[0:0:0:0:0:0:0:1],在[2025-03-20 22:09:11],访问了[com.nowcoder.community.service.MessageService.findLatestNotice].
2025-03-20 22:09:11,603 INFO [http-nio-8080-exec-1] c.n.c.a.ServiceLogAspect [ServiceLogAspect.java:39] 用户[0:0:0:0:0:0:0:1],在[2025-03-20 22:09:11],访问了[com.nowcoder.community.service.UserService.findUserById].
2025-03-20 22:09:11,604 INFO [http-nio-8080-exec-1] c.n.c.a.ServiceLogAspect [ServiceLogAspect.java:39] 用户[0:0:0:0:0:0:0:1],在[2025-03-20 22:09:11],访问了[com.nowcoder.community.service.MessageService.findNoticeCount].
2025-03-20 22:09:11,613 INFO [http-nio-8080-exec-1] c.n.c.a.ServiceLogAspect [ServiceLogAspect.java:39] 用户[0:0:0:0:0:0:0:1],在[2025-03-20 22:09:11],访问了[com.nowcoder.community.service.MessageService.findNoticeUnreadCount].
2025-03-20 22:09:11,621 INFO [http-nio-8080-exec-1] c.n.c.a.ServiceLogAspect [ServiceLogAspect.java:39] 用户[0:0:0:0:0:0:0:1],在[2025-03-20 22:09:11],访问了[com.nowcoder.community.service.MessageService.findLatestNotice].
2025-03-20 22:09:11,628 INFO [http-nio-8080-exec-1] c.n.c.a.ServiceLogAspect [ServiceLogAspect.java:39] 用户[0:0:0:0:0:0:0:1],在[2025-03-20 22:09:11],访问了[com.nowcoder.community.service.UserService.findUserById].
2025-03-20 22:09:11,628 INFO [http-nio-8080-exec-1] c.n.c.a.ServiceLogAspect [ServiceLogAspect.java:39] 用户[0:0:0:0:0:0:0:1],在[2025-03-20 22:09:11],访问了[com.nowcoder.community.service.MessageService.findNoticeCount].
2025-03-20 22:09:11,636 INFO [http-nio-8080-exec-1] c.n.c.a.ServiceLogAspect [ServiceLogAspect.java:39] 用户[0:0:0:0:0:0:0:1],在[2025-03-20 22:09:11],访问了[com.nowcoder.community.service.MessageService.findNoticeUnreadCount].
2025-03-20 22:09:11,644 INFO [http-nio-8080-exec-1] c.n.c.a.ServiceLogAspect [ServiceLogAspect.java:39] 用户[0:0:0:0:0:0:0:1],在[2025-03-20 22:09:11],访问了[com.nowcoder.community.service.MessageService.findLetterUnreadCount].
2025-03-20 22:09:11,645 INFO [http-nio-8080-exec-1] c.n.c.a.ServiceLogAspect [ServiceLogAspect.java:39] 用户[0:0:0:0:0:0:0:1],在[2025-03-20 22:09:11],访问了[com.nowcoder.community.service.MessageService.findNoticeUnreadCount].
2025-03-20 22:09:12,938 INFO [org.springframework.kafka.KafkaListenerEndpointContainer#0-0-C-1] o.a.k.c.NetworkClient [NetworkClient.java:1017] [Consumer clientId=consumer-test-consumer-group-1, groupId=test-consumer-group] Node -1 disconnected.
2025-03-20 22:09:14,067 INFO [http-nio-8080-exec-10] c.n.c.a.ServiceLogAspect [ServiceLogAspect.java:39] 用户[0:0:0:0:0:0:0:1],在[2025-03-20 22:09:14],访问了[com.nowcoder.community.service.UserService.findLoginTicket].
2025-03-20 22:09:14,068 INFO [http-nio-8080-exec-10] c.n.c.a.ServiceLogAspect [ServiceLogAspect.java:39] 用户[0:0:0:0:0:0:0:1],在[2025-03-20 22:09:14],访问了[com.nowcoder.community.service.UserService.findUserById].
2025-03-20 22:09:14,069 INFO [http-nio-8080-exec-10] c.n.c.a.ServiceLogAspect [ServiceLogAspect.java:39] 用户[0:0:0:0:0:0:0:1],在[2025-03-20 22:09:14],访问了[com.nowcoder.community.service.MessageService.findConversationCount].
2025-03-20 22:09:14,077 INFO [http-nio-8080-exec-10] c.n.c.a.ServiceLogAspect [ServiceLogAspect.java:39] 用户[0:0:0:0:0:0:0:1],在[2025-03-20 22:09:14],访问了[com.nowcoder.community.service.MessageService.findConversations].
2025-03-20 22:09:14,085 INFO [http-nio-8080-exec-10] c.n.c.a.ServiceLogAspect [ServiceLogAspect.java:39] 用户[0:0:0:0:0:0:0:1],在[2025-03-20 22:09:14],访问了[com.nowcoder.community.service.MessageService.findLetterCount].
2025-03-20 22:09:14,086 INFO [http-nio-8080-exec-10] c.n.c.a.ServiceLogAspect [ServiceLogAspect.java:39] 用户[0:0:0:0:0:0:0:1],在[2025-03-20 22:09:14],访问了[com.nowcoder.community.service.MessageService.findLetterUnreadCount].
2025-03-20 22:09:14,093 INFO [http-nio-8080-exec-10] c.n.c.a.ServiceLogAspect [ServiceLogAspect.java:39] 用户[0:0:0:0:0:0:0:1],在[2025-03-20 22:09:14],访问了[com.nowcoder.community.service.UserService.findUserById].
2025-03-20 22:09:14,094 INFO [http-nio-8080-exec-10] c.n.c.a.ServiceLogAspect [ServiceLogAspect.java:39] 用户[0:0:0:0:0:0:0:1],在[2025-03-20 22:09:14],访问了[com.nowcoder.community.service.MessageService.findLetterCount].
2025-03-20 22:09:14,094 INFO [http-nio-8080-exec-10] c.n.c.a.ServiceLogAspect [ServiceLogAspect.java:39] 用户[0:0:0:0:0:0:0:1],在[2025-03-20 22:09:14],访问了[com.nowcoder.community.service.MessageService.findLetterUnreadCount].
2025-03-20 22:09:14,102 INFO [http-nio-8080-exec-10] c.n.c.a.ServiceLogAspect [ServiceLogAspect.java:39] 用户[0:0:0:0:0:0:0:1],在[2025-03-20 22:09:14],访问了[com.nowcoder.community.service.UserService.findUserById].
2025-03-20 22:09:14,103 INFO [http-nio-8080-exec-10] c.n.c.a.ServiceLogAspect [ServiceLogAspect.java:39] 用户[0:0:0:0:0:0:0:1],在[2025-03-20 22:09:14],访问了[com.nowcoder.community.service.MessageService.findLetterCount].
2025-03-20 22:09:14,103 INFO [http-nio-8080-exec-10] c.n.c.a.ServiceLogAspect [ServiceLogAspect.java:39] 用户[0:0:0:0:0:0:0:1],在[2025-03-20 22:09:14],访问了[com.nowcoder.community.service.MessageService.findLetterUnreadCount].
2025-03-20 22:09:14,104 INFO [http-nio-8080-exec-10] c.n.c.a.ServiceLogAspect [ServiceLogAspect.java:39] 用户[0:0:0:0:0:0:0:1],在[2025-03-20 22:09:14],访问了[com.nowcoder.community.service.UserService.findUserById].
2025-03-20 22:09:14,104 INFO [http-nio-8080-exec-10] c.n.c.a.ServiceLogAspect [ServiceLogAspect.java:39] 用户[0:0:0:0:0:0:0:1],在[2025-03-20 22:09:14],访问了[com.nowcoder.community.service.MessageService.findLetterCount].
2025-03-20 22:09:14,105 INFO [http-nio-8080-exec-10] c.n.c.a.ServiceLogAspect [ServiceLogAspect.java:39] 用户[0:0:0:0:0:0:0:1],在[2025-03-20 22:09:14],访问了[com.nowcoder.community.service.MessageService.findLetterUnreadCount].
2025-03-20 22:09:14,112 INFO [http-nio-8080-exec-10] c.n.c.a.ServiceLogAspect [ServiceLogAspect.java:39] 用户[0:0:0:0:0:0:0:1],在[2025-03-20 22:09:14],访问了[com.nowcoder.community.service.UserService.findUserById].
2025-03-20 22:09:14,113 INFO [http-nio-8080-exec-10] c.n.c.a.ServiceLogAspect [ServiceLogAspect.java:39] 用户[0:0:0:0:0:0:0:1],在[2025-03-20 22:09:14],访问了[com.nowcoder.community.service.MessageService.findLetterCount].
2025-03-20 22:09:14,114 INFO [http-nio-8080-exec-10] c.n.c.a.ServiceLogAspect [ServiceLogAspect.java:39] 用户[0:0:0:0:0:0:0:1],在[2025-03-20 22:09:14],访问了[com.nowcoder.community.service.MessageService.findLetterUnreadCount].
2025-03-20 22:09:14,121 INFO [http-nio-8080-exec-10] c.n.c.a.ServiceLogAspect [ServiceLogAspect.java:39] 用户[0:0:0:0:0:0:0:1],在[2025-03-20 22:09:14],访问了[com.nowcoder.community.service.UserService.findUserById].
2025-03-20 22:09:14,121 INFO [http-nio-8080-exec-10] c.n.c.a.ServiceLogAspect [ServiceLogAspect.java:39] 用户[0:0:0:0:0:0:0:1],在[2025-03-20 22:09:14],访问了[com.nowcoder.community.service.MessageService.findLetterUnreadCount].
2025-03-20 22:09:16,540 INFO [http-nio-8080-exec-2] c.n.c.a.ServiceLogAspect [ServiceLogAspect.java:39] 用户[0:0:0:0:0:0:0:1],在[2025-03-20 22:09:16],访问了[com.nowcoder.community.service.UserService.findLoginTicket].
2025-03-20 22:09:16,540 INFO [http-nio-8080-exec-2] c.n.c.a.ServiceLogAspect [ServiceLogAspect.java:39] 用户[0:0:0:0:0:0:0:1],在[2025-03-20 22:09:16],访问了[com.nowcoder.community.service.UserService.findUserById].
2025-03-20 22:09:16,541 INFO [http-nio-8080-exec-2] c.n.c.a.ServiceLogAspect [ServiceLogAspect.java:39] 用户[0:0:0:0:0:0:0:1],在[2025-03-20 22:09:16],访问了[com.nowcoder.community.service.MessageService.findLatestNotice].
2025-03-20 22:09:16,543 INFO [http-nio-8080-exec-2] c.n.c.a.ServiceLogAspect [ServiceLogAspect.java:39] 用户[0:0:0:0:0:0:0:1],在[2025-03-20 22:09:16],访问了[com.nowcoder.community.service.UserService.findUserById].
2025-03-20 22:09:16,543 INFO [http-nio-8080-exec-2] c.n.c.a.ServiceLogAspect [ServiceLogAspect.java:39] 用户[0:0:0:0:0:0:0:1],在[2025-03-20 22:09:16],访问了[com.nowcoder.community.service.MessageService.findNoticeCount].
2025-03-20 22:09:16,543 INFO [http-nio-8080-exec-2] c.n.c.a.ServiceLogAspect [ServiceLogAspect.java:39] 用户[0:0:0:0:0:0:0:1],在[2025-03-20 22:09:16],访问了[com.nowcoder.community.service.MessageService.findNoticeUnreadCount].
2025-03-20 22:09:16,545 INFO [http-nio-8080-exec-2] c.n.c.a.ServiceLogAspect [ServiceLogAspect.java:39] 用户[0:0:0:0:0:0:0:1],在[2025-03-20 22:09:16],访问了[com.nowcoder.community.service.MessageService.findLatestNotice].
2025-03-20 22:09:16,553 INFO [http-nio-8080-exec-2] c.n.c.a.ServiceLogAspect [ServiceLogAspect.java:39] 用户[0:0:0:0:0:0:0:1],在[2025-03-20 22:09:16],访问了[com.nowcoder.community.service.UserService.findUserById].
2025-03-20 22:09:16,554 INFO [http-nio-8080-exec-2] c.n.c.a.ServiceLogAspect [ServiceLogAspect.java:39] 用户[0:0:0:0:0:0:0:1],在[2025-03-20 22:09:16],访问了[com.nowcoder.community.service.MessageService.findNoticeCount].
2025-03-20 22:09:16,559 INFO [http-nio-8080-exec-2] c.n.c.a.ServiceLogAspect [ServiceLogAspect.java:39] 用户[0:0:0:0:0:0:0:1],在[2025-03-20 22:09:16],访问了[com.nowcoder.community.service.MessageService.findNoticeUnreadCount].
2025-03-20 22:09:16,567 INFO [http-nio-8080-exec-2] c.n.c.a.ServiceLogAspect [ServiceLogAspect.java:39] 用户[0:0:0:0:0:0:0:1],在[2025-03-20 22:09:16],访问了[com.nowcoder.community.service.MessageService.findLatestNotice].
2025-03-20 22:09:16,575 INFO [http-nio-8080-exec-2] c.n.c.a.ServiceLogAspect [ServiceLogAspect.java:39] 用户[0:0:0:0:0:0:0:1],在[2025-03-20 22:09:16],访问了[com.nowcoder.community.service.UserService.findUserById].
2025-03-20 22:09:16,576 INFO [http-nio-8080-exec-2] c.n.c.a.ServiceLogAspect [ServiceLogAspect.java:39] 用户[0:0:0:0:0:0:0:1],在[2025-03-20 22:09:16],访问了[com.nowcoder.community.service.MessageService.findNoticeCount].
2025-03-20 22:09:16,583 INFO [http-nio-8080-exec-2] c.n.c.a.ServiceLogAspect [ServiceLogAspect.java:39] 用户[0:0:0:0:0:0:0:1],在[2025-03-20 22:09:16],访问了[com.nowcoder.community.service.MessageService.findNoticeUnreadCount].
2025-03-20 22:09:16,590 INFO [http-nio-8080-exec-2] c.n.c.a.ServiceLogAspect [ServiceLogAspect.java:39] 用户[0:0:0:0:0:0:0:1],在[2025-03-20 22:09:16],访问了[com.nowcoder.community.service.MessageService.findLetterUnreadCount].
2025-03-20 22:09:16,590 INFO [http-nio-8080-exec-2] c.n.c.a.ServiceLogAspect [ServiceLogAspect.java:39] 用户[0:0:0:0:0:0:0:1],在[2025-03-20 22:09:16],访问了[com.nowcoder.community.service.MessageService.findNoticeUnreadCount].
2025-03-20 22:09:17,980 INFO [http-nio-8080-exec-9] c.n.c.a.ServiceLogAspect [ServiceLogAspect.java:39] 用户[0:0:0:0:0:0:0:1],在[2025-03-20 22:09:17],访问了[com.nowcoder.community.service.UserService.findLoginTicket].
2025-03-20 22:09:17,981 INFO [http-nio-8080-exec-9] c.n.c.a.ServiceLogAspect [ServiceLogAspect.java:39] 用户[0:0:0:0:0:0:0:1],在[2025-03-20 22:09:17],访问了[com.nowcoder.community.service.UserService.findUserById].
2025-03-20 22:09:17,982 INFO [http-nio-8080-exec-9] c.n.c.a.ServiceLogAspect [ServiceLogAspect.java:39] 用户[0:0:0:0:0:0:0:1],在[2025-03-20 22:09:17],访问了[com.nowcoder.community.service.MessageService.findConversationCount].
2025-03-20 22:09:17,990 INFO [http-nio-8080-exec-9] c.n.c.a.ServiceLogAspect [ServiceLogAspect.java:39] 用户[0:0:0:0:0:0:0:1],在[2025-03-20 22:09:17],访问了[com.nowcoder.community.service.MessageService.findConversations].
2025-03-20 22:09:17,998 INFO [http-nio-8080-exec-9] c.n.c.a.ServiceLogAspect [ServiceLogAspect.java:39] 用户[0:0:0:0:0:0:0:1],在[2025-03-20 22:09:17],访问了[com.nowcoder.community.service.MessageService.findLetterCount].
2025-03-20 22:09:17,998 INFO [http-nio-8080-exec-9] c.n.c.a.ServiceLogAspect [ServiceLogAspect.java:39] 用户[0:0:0:0:0:0:0:1],在[2025-03-20 22:09:17],访问了[com.nowcoder.community.service.MessageService.findLetterUnreadCount].
2025-03-20 22:09:18,006 INFO [http-nio-8080-exec-9] c.n.c.a.ServiceLogAspect [ServiceLogAspect.java:39] 用户[0:0:0:0:0:0:0:1],在[2025-03-20 22:09:18],访问了[com.nowcoder.community.service.UserService.findUserById].
2025-03-20 22:09:18,007 INFO [http-nio-8080-exec-9] c.n.c.a.ServiceLogAspect [ServiceLogAspect.java:39] 用户[0:0:0:0:0:0:0:1],在[2025-03-20 22:09:18],访问了[com.nowcoder.community.service.MessageService.findLetterCount].
2025-03-20 22:09:18,007 INFO [http-nio-8080-exec-9] c.n.c.a.ServiceLogAspect [ServiceLogAspect.java:39] 用户[0:0:0:0:0:0:0:1],在[2025-03-20 22:09:18],访问了[com.nowcoder.community.service.MessageService.findLetterUnreadCount].
2025-03-20 22:09:18,015 INFO [http-nio-8080-exec-9] c.n.c.a.ServiceLogAspect [ServiceLogAspect.java:39] 用户[0:0:0:0:0:0:0:1],在[2025-03-20 22:09:18],访问了[com.nowcoder.community.service.UserService.findUserById].
2025-03-20 22:09:18,015 INFO [http-nio-8080-exec-9] c.n.c.a.ServiceLogAspect [ServiceLogAspect.java:39] 用户[0:0:0:0:0:0:0:1],在[2025-03-20 22:09:18],访问了[com.nowcoder.community.service.MessageService.findLetterCount].
2025-03-20 22:09:18,016 INFO [http-nio-8080-exec-9] c.n.c.a.ServiceLogAspect [ServiceLogAspect.java:39] 用户[0:0:0:0:0:0:0:1],在[2025-03-20 22:09:18],访问了[com.nowcoder.community.service.MessageService.findLetterUnreadCount].
2025-03-20 22:09:18,017 INFO [http-nio-8080-exec-9] c.n.c.a.ServiceLogAspect [ServiceLogAspect.java:39] 用户[0:0:0:0:0:0:0:1],在[2025-03-20 22:09:18],访问了[com.nowcoder.community.service.UserService.findUserById].
2025-03-20 22:09:18,017 INFO [http-nio-8080-exec-9] c.n.c.a.ServiceLogAspect [ServiceLogAspect.java:39] 用户[0:0:0:0:0:0:0:1],在[2025-03-20 22:09:18],访问了[com.nowcoder.community.service.MessageService.findLetterCount].
2025-03-20 22:09:18,018 INFO [http-nio-8080-exec-9] c.n.c.a.ServiceLogAspect [ServiceLogAspect.java:39] 用户[0:0:0:0:0:0:0:1],在[2025-03-20 22:09:18],访问了[com.nowcoder.community.service.MessageService.findLetterUnreadCount].
2025-03-20 22:09:18,025 INFO [http-nio-8080-exec-9] c.n.c.a.ServiceLogAspect [ServiceLogAspect.java:39] 用户[0:0:0:0:0:0:0:1],在[2025-03-20 22:09:18],访问了[com.nowcoder.community.service.UserService.findUserById].
2025-03-20 22:09:18,026 INFO [http-nio-8080-exec-9] c.n.c.a.ServiceLogAspect [ServiceLogAspect.java:39] 用户[0:0:0:0:0:0:0:1],在[2025-03-20 22:09:18],访问了[com.nowcoder.community.service.MessageService.findLetterCount].
2025-03-20 22:09:18,027 INFO [http-nio-8080-exec-9] c.n.c.a.ServiceLogAspect [ServiceLogAspect.java:39] 用户[0:0:0:0:0:0:0:1],在[2025-03-20 22:09:18],访问了[com.nowcoder.community.service.MessageService.findLetterUnreadCount].
2025-03-20 22:09:18,034 INFO [http-nio-8080-exec-9] c.n.c.a.ServiceLogAspect [ServiceLogAspect.java:39] 用户[0:0:0:0:0:0:0:1],在[2025-03-20 22:09:18],访问了[com.nowcoder.community.service.UserService.findUserById].
2025-03-20 22:09:18,034 INFO [http-nio-8080-exec-9] c.n.c.a.ServiceLogAspect [ServiceLogAspect.java:39] 用户[0:0:0:0:0:0:0:1],在[2025-03-20 22:09:18],访问了[com.nowcoder.community.service.MessageService.findLetterUnreadCount].
2025-03-20 22:09:18,706 INFO [http-nio-8080-exec-3] c.n.c.a.ServiceLogAspect [ServiceLogAspect.java:39] 用户[0:0:0:0:0:0:0:1],在[2025-03-20 22:09:18],访问了[com.nowcoder.community.service.UserService.findLoginTicket].
2025-03-20 22:09:18,707 INFO [http-nio-8080-exec-3] c.n.c.a.ServiceLogAspect [ServiceLogAspect.java:39] 用户[0:0:0:0:0:0:0:1],在[2025-03-20 22:09:18],访问了[com.nowcoder.community.service.UserService.findUserById].
2025-03-20 22:09:18,708 INFO [http-nio-8080-exec-3] c.n.c.a.ServiceLogAspect [ServiceLogAspect.java:39] 用户[0:0:0:0:0:0:0:1],在[2025-03-20 22:09:18],访问了[com.nowcoder.community.service.MessageService.findLatestNotice].
2025-03-20 22:09:18,710 INFO [http-nio-8080-exec-3] c.n.c.a.ServiceLogAspect [ServiceLogAspect.java:39] 用户[0:0:0:0:0:0:0:1],在[2025-03-20 22:09:18],访问了[com.nowcoder.community.service.UserService.findUserById].
2025-03-20 22:09:18,710 INFO [http-nio-8080-exec-3] c.n.c.a.ServiceLogAspect [ServiceLogAspect.java:39] 用户[0:0:0:0:0:0:0:1],在[2025-03-20 22:09:18],访问了[com.nowcoder.community.service.MessageService.findNoticeCount].
2025-03-20 22:09:18,712 INFO [http-nio-8080-exec-3] c.n.c.a.ServiceLogAspect [ServiceLogAspect.java:39] 用户[0:0:0:0:0:0:0:1],在[2025-03-20 22:09:18],访问了[com.nowcoder.community.service.MessageService.findNoticeUnreadCount].
2025-03-20 22:09:18,712 INFO [http-nio-8080-exec-3] c.n.c.a.ServiceLogAspect [ServiceLogAspect.java:39] 用户[0:0:0:0:0:0:0:1],在[2025-03-20 22:09:18],访问了[com.nowcoder.community.service.MessageService.findLatestNotice].
2025-03-20 22:09:18,722 INFO [http-nio-8080-exec-3] c.n.c.a.ServiceLogAspect [ServiceLogAspect.java:39] 用户[0:0:0:0:0:0:0:1],在[2025-03-20 22:09:18],访问了[com.nowcoder.community.service.UserService.findUserById].
2025-03-20 22:09:18,722 INFO [http-nio-8080-exec-3] c.n.c.a.ServiceLogAspect [ServiceLogAspect.java:39] 用户[0:0:0:0:0:0:0:1],在[2025-03-20 22:09:18],访问了[com.nowcoder.community.service.MessageService.findNoticeCount].
2025-03-20 22:09:18,729 INFO [http-nio-8080-exec-3] c.n.c.a.ServiceLogAspect [ServiceLogAspect.java:39] 用户[0:0:0:0:0:0:0:1],在[2025-03-20 22:09:18],访问了[com.nowcoder.community.service.MessageService.findNoticeUnreadCount].
2025-03-20 22:09:18,738 INFO [http-nio-8080-exec-3] c.n.c.a.ServiceLogAspect [ServiceLogAspect.java:39] 用户[0:0:0:0:0:0:0:1],在[2025-03-20 22:09:18],访问了[com.nowcoder.community.service.MessageService.findLatestNotice].
2025-03-20 22:09:18,746 INFO [http-nio-8080-exec-3] c.n.c.a.ServiceLogAspect [ServiceLogAspect.java:39] 用户[0:0:0:0:0:0:0:1],在[2025-03-20 22:09:18],访问了[com.nowcoder.community.service.UserService.findUserById].
2025-03-20 22:09:18,746 INFO [http-nio-8080-exec-3] c.n.c.a.ServiceLogAspect [ServiceLogAspect.java:39] 用户[0:0:0:0:0:0:0:1],在[2025-03-20 22:09:18],访问了[com.nowcoder.community.service.MessageService.findNoticeCount].
2025-03-20 22:09:18,754 INFO [http-nio-8080-exec-3] c.n.c.a.ServiceLogAspect [ServiceLogAspect.java:39] 用户[0:0:0:0:0:0:0:1],在[2025-03-20 22:09:18],访问了[com.nowcoder.community.service.MessageService.findNoticeUnreadCount].
2025-03-20 22:09:18,763 INFO [http-nio-8080-exec-3] c.n.c.a.ServiceLogAspect [ServiceLogAspect.java:39] 用户[0:0:0:0:0:0:0:1],在[2025-03-20 22:09:18],访问了[com.nowcoder.community.service.MessageService.findLetterUnreadCount].
2025-03-20 22:09:18,764 INFO [http-nio-8080-exec-3] c.n.c.a.ServiceLogAspect [ServiceLogAspect.java:39] 用户[0:0:0:0:0:0:0:1],在[2025-03-20 22:09:18],访问了[com.nowcoder.community.service.MessageService.findNoticeUnreadCount].
2025-03-20 22:09:19,383 INFO [http-nio-8080-exec-6] c.n.c.a.ServiceLogAspect [ServiceLogAspect.java:39] 用户[0:0:0:0:0:0:0:1],在[2025-03-20 22:09:19],访问了[com.nowcoder.community.service.UserService.findLoginTicket].
2025-03-20 22:09:19,384 INFO [http-nio-8080-exec-6] c.n.c.a.ServiceLogAspect [ServiceLogAspect.java:39] 用户[0:0:0:0:0:0:0:1],在[2025-03-20 22:09:19],访问了[com.nowcoder.community.service.UserService.findUserById].
2025-03-20 22:09:19,385 INFO [http-nio-8080-exec-6] c.n.c.a.ServiceLogAspect [ServiceLogAspect.java:39] 用户[0:0:0:0:0:0:0:1],在[2025-03-20 22:09:19],访问了[com.nowcoder.community.service.MessageService.findConversationCount].
2025-03-20 22:09:19,394 INFO [http-nio-8080-exec-6] c.n.c.a.ServiceLogAspect [ServiceLogAspect.java:39] 用户[0:0:0:0:0:0:0:1],在[2025-03-20 22:09:19],访问了[com.nowcoder.community.service.MessageService.findConversations].
2025-03-20 22:09:19,403 INFO [http-nio-8080-exec-6] c.n.c.a.ServiceLogAspect [ServiceLogAspect.java:39] 用户[0:0:0:0:0:0:0:1],在[2025-03-20 22:09:19],访问了[com.nowcoder.community.service.MessageService.findLetterCount].
2025-03-20 22:09:19,404 INFO [http-nio-8080-exec-6] c.n.c.a.ServiceLogAspect [ServiceLogAspect.java:39] 用户[0:0:0:0:0:0:0:1],在[2025-03-20 22:09:19],访问了[com.nowcoder.community.service.MessageService.findLetterUnreadCount].
2025-03-20 22:09:19,413 INFO [http-nio-8080-exec-6] c.n.c.a.ServiceLogAspect [ServiceLogAspect.java:39] 用户[0:0:0:0:0:0:0:1],在[2025-03-20 22:09:19],访问了[com.nowcoder.community.service.UserService.findUserById].
2025-03-20 22:09:19,414 INFO [http-nio-8080-exec-6] c.n.c.a.ServiceLogAspect [ServiceLogAspect.java:39] 用户[0:0:0:0:0:0:0:1],在[2025-03-20 22:09:19],访问了[com.nowcoder.community.service.MessageService.findLetterCount].
2025-03-20 22:09:19,415 INFO [http-nio-8080-exec-6] c.n.c.a.ServiceLogAspect [ServiceLogAspect.java:39] 用户[0:0:0:0:0:0:0:1],在[2025-03-20 22:09:19],访问了[com.nowcoder.community.service.MessageService.findLetterUnreadCount].
2025-03-20 22:09:19,422 INFO [http-nio-8080-exec-6] c.n.c.a.ServiceLogAspect [ServiceLogAspect.java:39] 用户[0:0:0:0:0:0:0:1],在[2025-03-20 22:09:19],访问了[com.nowcoder.community.service.UserService.findUserById].
2025-03-20 22:09:19,424 INFO [http-nio-8080-exec-6] c.n.c.a.ServiceLogAspect [ServiceLogAspect.java:39] 用户[0:0:0:0:0:0:0:1],在[2025-03-20 22:09:19],访问了[com.nowcoder.community.service.MessageService.findLetterCount].
2025-03-20 22:09:19,425 INFO [http-nio-8080-exec-6] c.n.c.a.ServiceLogAspect [ServiceLogAspect.java:39] 用户[0:0:0:0:0:0:0:1],在[2025-03-20 22:09:19],访问了[com.nowcoder.community.service.MessageService.findLetterUnreadCount].
2025-03-20 22:09:19,425 INFO [http-nio-8080-exec-6] c.n.c.a.ServiceLogAspect [ServiceLogAspect.java:39] 用户[0:0:0:0:0:0:0:1],在[2025-03-20 22:09:19],访问了[com.nowcoder.community.service.UserService.findUserById].
2025-03-20 22:09:19,426 INFO [http-nio-8080-exec-6] c.n.c.a.ServiceLogAspect [ServiceLogAspect.java:39] 用户[0:0:0:0:0:0:0:1],在[2025-03-20 22:09:19],访问了[com.nowcoder.community.service.MessageService.findLetterCount].
2025-03-20 22:09:19,426 INFO [http-nio-8080-exec-6] c.n.c.a.ServiceLogAspect [ServiceLogAspect.java:39] 用户[0:0:0:0:0:0:0:1],在[2025-03-20 22:09:19],访问了[com.nowcoder.community.service.MessageService.findLetterUnreadCount].
2025-03-20 22:09:19,434 INFO [http-nio-8080-exec-6] c.n.c.a.ServiceLogAspect [ServiceLogAspect.java:39] 用户[0:0:0:0:0:0:0:1],在[2025-03-20 22:09:19],访问了[com.nowcoder.community.service.UserService.findUserById].
2025-03-20 22:09:19,436 INFO [http-nio-8080-exec-6] c.n.c.a.ServiceLogAspect [ServiceLogAspect.java:39] 用户[0:0:0:0:0:0:0:1],在[2025-03-20 22:09:19],访问了[com.nowcoder.community.service.MessageService.findLetterCount].
2025-03-20 22:09:19,436 INFO [http-nio-8080-exec-6] c.n.c.a.ServiceLogAspect [ServiceLogAspect.java:39] 用户[0:0:0:0:0:0:0:1],在[2025-03-20 22:09:19],访问了[com.nowcoder.community.service.MessageService.findLetterUnreadCount].
2025-03-20 22:09:19,444 INFO [http-nio-8080-exec-6] c.n.c.a.ServiceLogAspect [ServiceLogAspect.java:39] 用户[0:0:0:0:0:0:0:1],在[2025-03-20 22:09:19],访问了[com.nowcoder.community.service.UserService.findUserById].
2025-03-20 22:09:19,444 INFO [http-nio-8080-exec-6] c.n.c.a.ServiceLogAspect [ServiceLogAspect.java:39] 用户[0:0:0:0:0:0:0:1],在[2025-03-20 22:09:19],访问了[com.nowcoder.community.service.MessageService.findLetterUnreadCount].
2025-03-20 22:09:34,584 INFO [http-nio-8080-exec-4] c.n.c.a.ServiceLogAspect [ServiceLogAspect.java:39] 用户[0:0:0:0:0:0:0:1],在[2025-03-20 22:09:34],访问了[com.nowcoder.community.service.UserService.findLoginTicket].
2025-03-20 22:09:34,585 INFO [http-nio-8080-exec-4] c.n.c.a.ServiceLogAspect [ServiceLogAspect.java:39] 用户[0:0:0:0:0:0:0:1],在[2025-03-20 22:09:34],访问了[com.nowcoder.community.service.UserService.findUserById].
2025-03-20 22:09:34,585 INFO [http-nio-8080-exec-4] c.n.c.a.ServiceLogAspect [ServiceLogAspect.java:39] 用户[0:0:0:0:0:0:0:1],在[2025-03-20 22:09:34],访问了[com.nowcoder.community.service.MessageService.findLatestNotice].
2025-03-20 22:09:34,587 INFO [http-nio-8080-exec-4] c.n.c.a.ServiceLogAspect [ServiceLogAspect.java:39] 用户[0:0:0:0:0:0:0:1],在[2025-03-20 22:09:34],访问了[com.nowcoder.community.service.UserService.findUserById].
2025-03-20 22:09:34,589 INFO [http-nio-8080-exec-4] c.n.c.a.ServiceLogAspect [ServiceLogAspect.java:39] 用户[0:0:0:0:0:0:0:1],在[2025-03-20 22:09:34],访问了[com.nowcoder.community.service.MessageService.findNoticeCount].
2025-03-20 22:09:34,590 INFO [http-nio-8080-exec-4] c.n.c.a.ServiceLogAspect [ServiceLogAspect.java:39] 用户[0:0:0:0:0:0:0:1],在[2025-03-20 22:09:34],访问了[com.nowcoder.community.service.MessageService.findNoticeUnreadCount].
2025-03-20 22:09:34,591 INFO [http-nio-8080-exec-4] c.n.c.a.ServiceLogAspect [ServiceLogAspect.java:39] 用户[0:0:0:0:0:0:0:1],在[2025-03-20 22:09:34],访问了[com.nowcoder.community.service.MessageService.findLatestNotice].
2025-03-20 22:09:34,599 INFO [http-nio-8080-exec-4] c.n.c.a.ServiceLogAspect [ServiceLogAspect.java:39] 用户[0:0:0:0:0:0:0:1],在[2025-03-20 22:09:34],访问了[com.nowcoder.community.service.UserService.findUserById].
2025-03-20 22:09:34,600 INFO [http-nio-8080-exec-4] c.n.c.a.ServiceLogAspect [ServiceLogAspect.java:39] 用户[0:0:0:0:0:0:0:1],在[2025-03-20 22:09:34],访问了[com.nowcoder.community.service.MessageService.findNoticeCount].
2025-03-20 22:09:34,608 INFO [http-nio-8080-exec-4] c.n.c.a.ServiceLogAspect [ServiceLogAspect.java:39] 用户[0:0:0:0:0:0:0:1],在[2025-03-20 22:09:34],访问了[com.nowcoder.community.service.MessageService.findNoticeUnreadCount].
2025-03-20 22:09:34,615 INFO [http-nio-8080-exec-4] c.n.c.a.ServiceLogAspect [ServiceLogAspect.java:39] 用户[0:0:0:0:0:0:0:1],在[2025-03-20 22:09:34],访问了[com.nowcoder.community.service.MessageService.findLatestNotice].
2025-03-20 22:09:34,624 INFO [http-nio-8080-exec-4] c.n.c.a.ServiceLogAspect [ServiceLogAspect.java:39] 用户[0:0:0:0:0:0:0:1],在[2025-03-20 22:09:34],访问了[com.nowcoder.community.service.UserService.findUserById].
2025-03-20 22:09:34,624 INFO [http-nio-8080-exec-4] c.n.c.a.ServiceLogAspect [ServiceLogAspect.java:39] 用户[0:0:0:0:0:0:0:1],在[2025-03-20 22:09:34],访问了[com.nowcoder.community.service.MessageService.findNoticeCount].
2025-03-20 22:09:34,632 INFO [http-nio-8080-exec-4] c.n.c.a.ServiceLogAspect [ServiceLogAspect.java:39] 用户[0:0:0:0:0:0:0:1],在[2025-03-20 22:09:34],访问了[com.nowcoder.community.service.MessageService.findNoticeUnreadCount].
2025-03-20 22:09:34,640 INFO [http-nio-8080-exec-4] c.n.c.a.ServiceLogAspect [ServiceLogAspect.java:39] 用户[0:0:0:0:0:0:0:1],在[2025-03-20 22:09:34],访问了[com.nowcoder.community.service.MessageService.findLetterUnreadCount].
2025-03-20 22:09:34,641 INFO [http-nio-8080-exec-4] c.n.c.a.ServiceLogAspect [ServiceLogAspect.java:39] 用户[0:0:0:0:0:0:0:1],在[2025-03-20 22:09:34],访问了[com.nowcoder.community.service.MessageService.findNoticeUnreadCount].
2025-03-20 22:09:42,438 INFO [http-nio-8080-exec-2] c.n.c.a.ServiceLogAspect [ServiceLogAspect.java:39] 用户[0:0:0:0:0:0:0:1],在[2025-03-20 22:09:42],访问了[com.nowcoder.community.service.UserService.findLoginTicket].
2025-03-20 22:09:42,438 INFO [http-nio-8080-exec-2] c.n.c.a.ServiceLogAspect [ServiceLogAspect.java:39] 用户[0:0:0:0:0:0:0:1],在[2025-03-20 22:09:42],访问了[com.nowcoder.community.service.UserService.findUserById].
2025-03-20 22:09:42,439 INFO [http-nio-8080-exec-2] c.n.c.a.ServiceLogAspect [ServiceLogAspect.java:39] 用户[0:0:0:0:0:0:0:1],在[2025-03-20 22:09:42],访问了[com.nowcoder.community.service.MessageService.findConversationCount].
2025-03-20 22:09:42,448 INFO [http-nio-8080-exec-2] c.n.c.a.ServiceLogAspect [ServiceLogAspect.java:39] 用户[0:0:0:0:0:0:0:1],在[2025-03-20 22:09:42],访问了[com.nowcoder.community.service.MessageService.findConversations].
2025-03-20 22:09:42,456 INFO [http-nio-8080-exec-2] c.n.c.a.ServiceLogAspect [ServiceLogAspect.java:39] 用户[0:0:0:0:0:0:0:1],在[2025-03-20 22:09:42],访问了[com.nowcoder.community.service.MessageService.findLetterCount].
2025-03-20 22:09:42,456 INFO [http-nio-8080-exec-2] c.n.c.a.ServiceLogAspect [ServiceLogAspect.java:39] 用户[0:0:0:0:0:0:0:1],在[2025-03-20 22:09:42],访问了[com.nowcoder.community.service.MessageService.findLetterUnreadCount].
2025-03-20 22:09:42,464 INFO [http-nio-8080-exec-2] c.n.c.a.ServiceLogAspect [ServiceLogAspect.java:39] 用户[0:0:0:0:0:0:0:1],在[2025-03-20 22:09:42],访问了[com.nowcoder.community.service.UserService.findUserById].
2025-03-20 22:09:42,465 INFO [http-nio-8080-exec-2] c.n.c.a.ServiceLogAspect [ServiceLogAspect.java:39] 用户[0:0:0:0:0:0:0:1],在[2025-03-20 22:09:42],访问了[com.nowcoder.community.service.MessageService.findLetterCount].
2025-03-20 22:09:42,465 INFO [http-nio-8080-exec-2] c.n.c.a.ServiceLogAspect [ServiceLogAspect.java:39] 用户[0:0:0:0:0:0:0:1],在[2025-03-20 22:09:42],访问了[com.nowcoder.community.service.MessageService.findLetterUnreadCount].
2025-03-20 22:09:42,472 INFO [http-nio-8080-exec-2] c.n.c.a.ServiceLogAspect [ServiceLogAspect.java:39] 用户[0:0:0:0:0:0:0:1],在[2025-03-20 22:09:42],访问了[com.nowcoder.community.service.UserService.findUserById].
2025-03-20 22:09:42,473 INFO [http-nio-8080-exec-2] c.n.c.a.ServiceLogAspect [ServiceLogAspect.java:39] 用户[0:0:0:0:0:0:0:1],在[2025-03-20 22:09:42],访问了[com.nowcoder.community.service.MessageService.findLetterCount].
2025-03-20 22:09:42,473 INFO [http-nio-8080-exec-2] c.n.c.a.ServiceLogAspect [ServiceLogAspect.java:39] 用户[0:0:0:0:0:0:0:1],在[2025-03-20 22:09:42],访问了[com.nowcoder.community.service.MessageService.findLetterUnreadCount].
2025-03-20 22:09:42,474 INFO [http-nio-8080-exec-2] c.n.c.a.ServiceLogAspect [ServiceLogAspect.java:39] 用户[0:0:0:0:0:0:0:1],在[2025-03-20 22:09:42],访问了[com.nowcoder.community.service.UserService.findUserById].
2025-03-20 22:09:42,474 INFO [http-nio-8080-exec-2] c.n.c.a.ServiceLogAspect [ServiceLogAspect.java:39] 用户[0:0:0:0:0:0:0:1],在[2025-03-20 22:09:42],访问了[com.nowcoder.community.service.MessageService.findLetterCount].
2025-03-20 22:09:42,475 INFO [http-nio-8080-exec-2] c.n.c.a.ServiceLogAspect [ServiceLogAspect.java:39] 用户[0:0:0:0:0:0:0:1],在[2025-03-20 22:09:42],访问了[com.nowcoder.community.service.MessageService.findLetterUnreadCount].
2025-03-20 22:09:42,483 INFO [http-nio-8080-exec-2] c.n.c.a.ServiceLogAspect [ServiceLogAspect.java:39] 用户[0:0:0:0:0:0:0:1],在[2025-03-20 22:09:42],访问了[com.nowcoder.community.service.UserService.findUserById].
2025-03-20 22:09:42,484 INFO [http-nio-8080-exec-2] c.n.c.a.ServiceLogAspect [ServiceLogAspect.java:39] 用户[0:0:0:0:0:0:0:1],在[2025-03-20 22:09:42],访问了[com.nowcoder.community.service.MessageService.findLetterCount].
2025-03-20 22:09:42,484 INFO [http-nio-8080-exec-2] c.n.c.a.ServiceLogAspect [ServiceLogAspect.java:39] 用户[0:0:0:0:0:0:0:1],在[2025-03-20 22:09:42],访问了[com.nowcoder.community.service.MessageService.findLetterUnreadCount].
2025-03-20 22:09:42,491 INFO [http-nio-8080-exec-2] c.n.c.a.ServiceLogAspect [ServiceLogAspect.java:39] 用户[0:0:0:0:0:0:0:1],在[2025-03-20 22:09:42],访问了[com.nowcoder.community.service.UserService.findUserById].
2025-03-20 22:09:42,491 INFO [http-nio-8080-exec-2] c.n.c.a.ServiceLogAspect [ServiceLogAspect.java:39] 用户[0:0:0:0:0:0:0:1],在[2025-03-20 22:09:42],访问了[com.nowcoder.community.service.MessageService.findLetterUnreadCount].
2025-03-20 22:09:44,545 INFO [http-nio-8080-exec-8] c.n.c.a.ServiceLogAspect [ServiceLogAspect.java:39] 用户[0:0:0:0:0:0:0:1],在[2025-03-20 22:09:44],访问了[com.nowcoder.community.service.UserService.findLoginTicket].
2025-03-20 22:09:44,546 INFO [http-nio-8080-exec-8] c.n.c.a.ServiceLogAspect [ServiceLogAspect.java:39] 用户[0:0:0:0:0:0:0:1],在[2025-03-20 22:09:44],访问了[com.nowcoder.community.service.UserService.findUserById].
2025-03-20 22:09:44,546 INFO [http-nio-8080-exec-8] c.n.c.a.ServiceLogAspect [ServiceLogAspect.java:39] 用户[0:0:0:0:0:0:0:1],在[2025-03-20 22:09:44],访问了[com.nowcoder.community.service.MessageService.findLatestNotice].
2025-03-20 22:09:44,549 INFO [http-nio-8080-exec-8] c.n.c.a.ServiceLogAspect [ServiceLogAspect.java:39] 用户[0:0:0:0:0:0:0:1],在[2025-03-20 22:09:44],访问了[com.nowcoder.community.service.UserService.findUserById].
2025-03-20 22:09:44,549 INFO [http-nio-8080-exec-8] c.n.c.a.ServiceLogAspect [ServiceLogAspect.java:39] 用户[0:0:0:0:0:0:0:1],在[2025-03-20 22:09:44],访问了[com.nowcoder.community.service.MessageService.findNoticeCount].
2025-03-20 22:09:44,550 INFO [http-nio-8080-exec-8] c.n.c.a.ServiceLogAspect [ServiceLogAspect.java:39] 用户[0:0:0:0:0:0:0:1],在[2025-03-20 22:09:44],访问了[com.nowcoder.community.service.MessageService.findNoticeUnreadCount].
2025-03-20 22:09:44,551 INFO [http-nio-8080-exec-8] c.n.c.a.ServiceLogAspect [ServiceLogAspect.java:39] 用户[0:0:0:0:0:0:0:1],在[2025-03-20 22:09:44],访问了[com.nowcoder.community.service.MessageService.findLatestNotice].
2025-03-20 22:09:44,558 INFO [http-nio-8080-exec-8] c.n.c.a.ServiceLogAspect [ServiceLogAspect.java:39] 用户[0:0:0:0:0:0:0:1],在[2025-03-20 22:09:44],访问了[com.nowcoder.community.service.UserService.findUserById].
2025-03-20 22:09:44,559 INFO [http-nio-8080-exec-8] c.n.c.a.ServiceLogAspect [ServiceLogAspect.java:39] 用户[0:0:0:0:0:0:0:1],在[2025-03-20 22:09:44],访问了[com.nowcoder.community.service.MessageService.findNoticeCount].
2025-03-20 22:09:44,566 INFO [http-nio-8080-exec-8] c.n.c.a.ServiceLogAspect [ServiceLogAspect.java:39] 用户[0:0:0:0:0:0:0:1],在[2025-03-20 22:09:44],访问了[com.nowcoder.community.service.MessageService.findNoticeUnreadCount].
2025-03-20 22:09:44,573 INFO [http-nio-8080-exec-8] c.n.c.a.ServiceLogAspect [ServiceLogAspect.java:39] 用户[0:0:0:0:0:0:0:1],在[2025-03-20 22:09:44],访问了[com.nowcoder.community.service.MessageService.findLatestNotice].
2025-03-20 22:09:44,582 INFO [http-nio-8080-exec-8] c.n.c.a.ServiceLogAspect [ServiceLogAspect.java:39] 用户[0:0:0:0:0:0:0:1],在[2025-03-20 22:09:44],访问了[com.nowcoder.community.service.UserService.findUserById].
2025-03-20 22:09:44,582 INFO [http-nio-8080-exec-8] c.n.c.a.ServiceLogAspect [ServiceLogAspect.java:39] 用户[0:0:0:0:0:0:0:1],在[2025-03-20 22:09:44],访问了[com.nowcoder.community.service.MessageService.findNoticeCount].
2025-03-20 22:09:44,589 INFO [http-nio-8080-exec-8] c.n.c.a.ServiceLogAspect [ServiceLogAspect.java:39] 用户[0:0:0:0:0:0:0:1],在[2025-03-20 22:09:44],访问了[com.nowcoder.community.service.MessageService.findNoticeUnreadCount].
2025-03-20 22:09:44,597 INFO [http-nio-8080-exec-8] c.n.c.a.ServiceLogAspect [ServiceLogAspect.java:39] 用户[0:0:0:0:0:0:0:1],在[2025-03-20 22:09:44],访问了[com.nowcoder.community.service.MessageService.findLetterUnreadCount].
2025-03-20 22:09:44,598 INFO [http-nio-8080-exec-8] c.n.c.a.ServiceLogAspect [ServiceLogAspect.java:39] 用户[0:0:0:0:0:0:0:1],在[2025-03-20 22:09:44],访问了[com.nowcoder.community.service.MessageService.findNoticeUnreadCount].
2025-03-20 22:09:45,094 INFO [http-nio-8080-exec-1] c.n.c.a.ServiceLogAspect [ServiceLogAspect.java:39] 用户[0:0:0:0:0:0:0:1],在[2025-03-20 22:09:45],访问了[com.nowcoder.community.service.UserService.findLoginTicket].
2025-03-20 22:09:45,095 INFO [http-nio-8080-exec-1] c.n.c.a.ServiceLogAspect [ServiceLogAspect.java:39] 用户[0:0:0:0:0:0:0:1],在[2025-03-20 22:09:45],访问了[com.nowcoder.community.service.UserService.findUserById].
2025-03-20 22:09:45,097 INFO [http-nio-8080-exec-1] c.n.c.a.ServiceLogAspect [ServiceLogAspect.java:39] 用户[0:0:0:0:0:0:0:1],在[2025-03-20 22:09:45],访问了[com.nowcoder.community.service.MessageService.findConversationCount].
2025-03-20 22:09:45,108 INFO [http-nio-8080-exec-1] c.n.c.a.ServiceLogAspect [ServiceLogAspect.java:39] 用户[0:0:0:0:0:0:0:1],在[2025-03-20 22:09:45],访问了[com.nowcoder.community.service.MessageService.findConversations].
2025-03-20 22:09:45,117 INFO [http-nio-8080-exec-1] c.n.c.a.ServiceLogAspect [ServiceLogAspect.java:39] 用户[0:0:0:0:0:0:0:1],在[2025-03-20 22:09:45],访问了[com.nowcoder.community.service.MessageService.findLetterCount].
2025-03-20 22:09:45,117 INFO [http-nio-8080-exec-1] c.n.c.a.ServiceLogAspect [ServiceLogAspect.java:39] 用户[0:0:0:0:0:0:0:1],在[2025-03-20 22:09:45],访问了[com.nowcoder.community.service.MessageService.findLetterUnreadCount].
2025-03-20 22:09:45,127 INFO [http-nio-8080-exec-1] c.n.c.a.ServiceLogAspect [ServiceLogAspect.java:39] 用户[0:0:0:0:0:0:0:1],在[2025-03-20 22:09:45],访问了[com.nowcoder.community.service.UserService.findUserById].
2025-03-20 22:09:45,128 INFO [http-nio-8080-exec-1] c.n.c.a.ServiceLogAspect [ServiceLogAspect.java:39] 用户[0:0:0:0:0:0:0:1],在[2025-03-20 22:09:45],访问了[com.nowcoder.community.service.MessageService.findLetterCount].
2025-03-20 22:09:45,129 INFO [http-nio-8080-exec-1] c.n.c.a.ServiceLogAspect [ServiceLogAspect.java:39] 用户[0:0:0:0:0:0:0:1],在[2025-03-20 22:09:45],访问了[com.nowcoder.community.service.MessageService.findLetterUnreadCount].
2025-03-20 22:09:45,137 INFO [http-nio-8080-exec-1] c.n.c.a.ServiceLogAspect [ServiceLogAspect.java:39] 用户[0:0:0:0:0:0:0:1],在[2025-03-20 22:09:45],访问了[com.nowcoder.community.service.UserService.findUserById].
2025-03-20 22:09:45,138 INFO [http-nio-8080-exec-1] c.n.c.a.ServiceLogAspect [ServiceLogAspect.java:39] 用户[0:0:0:0:0:0:0:1],在[2025-03-20 22:09:45],访问了[com.nowcoder.community.service.MessageService.findLetterCount].
2025-03-20 22:09:45,140 INFO [http-nio-8080-exec-1] c.n.c.a.ServiceLogAspect [ServiceLogAspect.java:39] 用户[0:0:0:0:0:0:0:1],在[2025-03-20 22:09:45],访问了[com.nowcoder.community.service.MessageService.findLetterUnreadCount].
2025-03-20 22:09:45,140 INFO [http-nio-8080-exec-1] c.n.c.a.ServiceLogAspect [ServiceLogAspect.java:39] 用户[0:0:0:0:0:0:0:1],在[2025-03-20 22:09:45],访问了[com.nowcoder.community.service.UserService.findUserById].
2025-03-20 22:09:45,141 INFO [http-nio-8080-exec-1] c.n.c.a.ServiceLogAspect [ServiceLogAspect.java:39] 用户[0:0:0:0:0:0:0:1],在[2025-03-20 22:09:45],访问了[com.nowcoder.community.service.MessageService.findLetterCount].
2025-03-20 22:09:45,141 INFO [http-nio-8080-exec-1] c.n.c.a.ServiceLogAspect [ServiceLogAspect.java:39] 用户[0:0:0:0:0:0:0:1],在[2025-03-20 22:09:45],访问了[com.nowcoder.community.service.MessageService.findLetterUnreadCount].
2025-03-20 22:09:45,150 INFO [http-nio-8080-exec-1] c.n.c.a.ServiceLogAspect [ServiceLogAspect.java:39] 用户[0:0:0:0:0:0:0:1],在[2025-03-20 22:09:45],访问了[com.nowcoder.community.service.UserService.findUserById].
2025-03-20 22:09:45,151 INFO [http-nio-8080-exec-1] c.n.c.a.ServiceLogAspect [ServiceLogAspect.java:39] 用户[0:0:0:0:0:0:0:1],在[2025-03-20 22:09:45],访问了[com.nowcoder.community.service.MessageService.findLetterCount].
2025-03-20 22:09:45,152 INFO [http-nio-8080-exec-1] c.n.c.a.ServiceLogAspect [ServiceLogAspect.java:39] 用户[0:0:0:0:0:0:0:1],在[2025-03-20 22:09:45],访问了[com.nowcoder.community.service.MessageService.findLetterUnreadCount].
2025-03-20 22:09:45,160 INFO [http-nio-8080-exec-1] c.n.c.a.ServiceLogAspect [ServiceLogAspect.java:39] 用户[0:0:0:0:0:0:0:1],在[2025-03-20 22:09:45],访问了[com.nowcoder.community.service.UserService.findUserById].
2025-03-20 22:09:45,160 INFO [http-nio-8080-exec-1] c.n.c.a.ServiceLogAspect [ServiceLogAspect.java:39] 用户[0:0:0:0:0:0:0:1],在[2025-03-20 22:09:45],访问了[com.nowcoder.community.service.MessageService.findLetterUnreadCount].
2025-03-20 22:11:22,285 INFO [kafka-producer-network-thread | producer-1] o.a.k.c.NetworkClient [NetworkClient.java:1017] [Producer clientId=producer-1] Node -1 disconnected.
2025-03-20 22:11:28,358 INFO [http-nio-8080-exec-3] c.n.c.a.ServiceLogAspect [ServiceLogAspect.java:39] 用户[0:0:0:0:0:0:0:1],在[2025-03-20 22:11:28],访问了[com.nowcoder.community.service.UserService.findLoginTicket].
2025-03-20 22:11:28,359 INFO [http-nio-8080-exec-3] c.n.c.a.ServiceLogAspect [ServiceLogAspect.java:39] 用户[0:0:0:0:0:0:0:1],在[2025-03-20 22:11:28],访问了[com.nowcoder.community.service.UserService.findUserById].
2025-03-20 22:11:28,360 INFO [http-nio-8080-exec-3] c.n.c.a.ServiceLogAspect [ServiceLogAspect.java:39] 用户[0:0:0:0:0:0:0:1],在[2025-03-20 22:11:28],访问了[com.nowcoder.community.service.MessageService.findConversationCount].
2025-03-20 22:11:28,373 INFO [http-nio-8080-exec-3] c.n.c.a.ServiceLogAspect [ServiceLogAspect.java:39] 用户[0:0:0:0:0:0:0:1],在[2025-03-20 22:11:28],访问了[com.nowcoder.community.service.MessageService.findConversations].
2025-03-20 22:11:28,385 INFO [http-nio-8080-exec-3] c.n.c.a.ServiceLogAspect [ServiceLogAspect.java:39] 用户[0:0:0:0:0:0:0:1],在[2025-03-20 22:11:28],访问了[com.nowcoder.community.service.MessageService.findLetterCount].
2025-03-20 22:11:28,387 INFO [http-nio-8080-exec-3] c.n.c.a.ServiceLogAspect [ServiceLogAspect.java:39] 用户[0:0:0:0:0:0:0:1],在[2025-03-20 22:11:28],访问了[com.nowcoder.community.service.MessageService.findLetterUnreadCount].
2025-03-20 22:11:28,396 INFO [http-nio-8080-exec-3] c.n.c.a.ServiceLogAspect [ServiceLogAspect.java:39] 用户[0:0:0:0:0:0:0:1],在[2025-03-20 22:11:28],访问了[com.nowcoder.community.service.UserService.findUserById].
2025-03-20 22:11:28,396 INFO [http-nio-8080-exec-3] c.n.c.a.ServiceLogAspect [ServiceLogAspect.java:39] 用户[0:0:0:0:0:0:0:1],在[2025-03-20 22:11:28],访问了[com.nowcoder.community.service.MessageService.findLetterCount].
2025-03-20 22:11:28,397 INFO [http-nio-8080-exec-3] c.n.c.a.ServiceLogAspect [ServiceLogAspect.java:39] 用户[0:0:0:0:0:0:0:1],在[2025-03-20 22:11:28],访问了[com.nowcoder.community.service.MessageService.findLetterUnreadCount].
2025-03-20 22:11:28,407 INFO [http-nio-8080-exec-3] c.n.c.a.ServiceLogAspect [ServiceLogAspect.java:39] 用户[0:0:0:0:0:0:0:1],在[2025-03-20 22:11:28],访问了[com.nowcoder.community.service.UserService.findUserById].
2025-03-20 22:11:28,407 INFO [http-nio-8080-exec-3] c.n.c.a.ServiceLogAspect [ServiceLogAspect.java:39] 用户[0:0:0:0:0:0:0:1],在[2025-03-20 22:11:28],访问了[com.nowcoder.community.service.MessageService.findLetterCount].
2025-03-20 22:11:28,409 INFO [http-nio-8080-exec-3] c.n.c.a.ServiceLogAspect [ServiceLogAspect.java:39] 用户[0:0:0:0:0:0:0:1],在[2025-03-20 22:11:28],访问了[com.nowcoder.community.service.MessageService.findLetterUnreadCount].
2025-03-20 22:11:28,410 INFO [http-nio-8080-exec-3] c.n.c.a.ServiceLogAspect [ServiceLogAspect.java:39] 用户[0:0:0:0:0:0:0:1],在[2025-03-20 22:11:28],访问了[com.nowcoder.community.service.UserService.findUserById].
2025-03-20 22:11:28,411 INFO [http-nio-8080-exec-3] c.n.c.a.ServiceLogAspect [ServiceLogAspect.java:39] 用户[0:0:0:0:0:0:0:1],在[2025-03-20 22:11:28],访问了[com.nowcoder.community.service.MessageService.findLetterCount].
2025-03-20 22:11:28,412 INFO [http-nio-8080-exec-3] c.n.c.a.ServiceLogAspect [ServiceLogAspect.java:39] 用户[0:0:0:0:0:0:0:1],在[2025-03-20 22:11:28],访问了[com.nowcoder.community.service.MessageService.findLetterUnreadCount].
2025-03-20 22:11:28,422 INFO [http-nio-8080-exec-3] c.n.c.a.ServiceLogAspect [ServiceLogAspect.java:39] 用户[0:0:0:0:0:0:0:1],在[2025-03-20 22:11:28],访问了[com.nowcoder.community.service.UserService.findUserById].
2025-03-20 22:11:28,423 INFO [http-nio-8080-exec-3] c.n.c.a.ServiceLogAspect [ServiceLogAspect.java:39] 用户[0:0:0:0:0:0:0:1],在[2025-03-20 22:11:28],访问了[com.nowcoder.community.service.MessageService.findLetterCount].
2025-03-20 22:11:28,424 INFO [http-nio-8080-exec-3] c.n.c.a.ServiceLogAspect [ServiceLogAspect.java:39] 用户[0:0:0:0:0:0:0:1],在[2025-03-20 22:11:28],访问了[com.nowcoder.community.service.MessageService.findLetterUnreadCount].
2025-03-20 22:11:28,433 INFO [http-nio-8080-exec-3] c.n.c.a.ServiceLogAspect [ServiceLogAspect.java:39] 用户[0:0:0:0:0:0:0:1],在[2025-03-20 22:11:28],访问了[com.nowcoder.community.service.UserService.findUserById].
2025-03-20 22:11:28,434 INFO [http-nio-8080-exec-3] c.n.c.a.ServiceLogAspect [ServiceLogAspect.java:39] 用户[0:0:0:0:0:0:0:1],在[2025-03-20 22:11:28],访问了[com.nowcoder.community.service.MessageService.findLetterUnreadCount].
2025-03-20 22:11:28,858 INFO [File Watcher] o.s.b.d.a.LocalDevToolsAutoConfiguration$RestartingClassPathChangeChangedEventListener [LocalDevToolsAutoConfiguration.java:211] Restarting due to 1 class path change (0 additions, 1 deletion, 0 modifications)
2025-03-20 22:11:28,866 INFO [org.springframework.kafka.KafkaListenerEndpointContainer#0-0-C-1] o.a.k.c.c.i.ConsumerRebalanceListenerInvoker [ConsumerRebalanceListenerInvoker.java:79] [Consumer clientId=consumer-test-consumer-group-1, groupId=test-consumer-group] Revoke previously assigned partitions comment-0, follow-0, like-0
2025-03-20 22:11:28,868 INFO [org.springframework.kafka.KafkaListenerEndpointContainer#0-0-C-1] o.s.k.l.KafkaMessageListenerContainer [LogAccessor.java:292] test-consumer-group: partitions revoked: [comment-0, follow-0, like-0]
2025-03-20 22:11:28,869 INFO [org.springframework.kafka.KafkaListenerEndpointContainer#0-0-C-1] o.a.k.c.c.i.ConsumerCoordinator [AbstractCoordinator.java:1173] [Consumer clientId=consumer-test-consumer-group-1, groupId=test-consumer-group] Member consumer-test-consumer-group-1-0f7c1a4e-9bc0-476c-b90b-d481daca5714 sending LeaveGroup request to coordinator 10.99.237.116:9092 (id: 2147483647 rack: null) due to the consumer unsubscribed from all topics
2025-03-20 22:11:28,869 INFO [org.springframework.kafka.KafkaListenerEndpointContainer#0-0-C-1] o.a.k.c.c.i.ConsumerCoordinator [AbstractCoordinator.java:1055] [Consumer clientId=consumer-test-consumer-group-1, groupId=test-consumer-group] Resetting generation and member id due to: consumer pro-actively leaving the group
2025-03-20 22:11:28,870 INFO [org.springframework.kafka.KafkaListenerEndpointContainer#0-0-C-1] o.a.k.c.c.i.ConsumerCoordinator [AbstractCoordinator.java:1102] [Consumer clientId=consumer-test-consumer-group-1, groupId=test-consumer-group] Request joining group due to: consumer pro-actively leaving the group
2025-03-20 22:11:28,870 INFO [org.springframework.kafka.KafkaListenerEndpointContainer#0-0-C-1] o.a.k.c.c.i.LegacyKafkaConsumer [LegacyKafkaConsumer.java:547] [Consumer clientId=consumer-test-consumer-group-1, groupId=test-consumer-group] Unsubscribed all topics or patterns and assigned partitions
2025-03-20 22:11:28,872 INFO [org.springframework.kafka.KafkaListenerEndpointContainer#0-0-C-1] o.a.k.c.c.i.ConsumerCoordinator [AbstractCoordinator.java:1055] [Consumer clientId=consumer-test-consumer-group-1, groupId=test-consumer-group] Resetting generation and member id due to: consumer pro-actively leaving the group
2025-03-20 22:11:28,872 INFO [org.springframework.kafka.KafkaListenerEndpointContainer#0-0-C-1] o.a.k.c.c.i.ConsumerCoordinator [AbstractCoordinator.java:1102] [Consumer clientId=consumer-test-consumer-group-1, groupId=test-consumer-group] Request joining group due to: consumer pro-actively leaving the group
2025-03-20 22:11:29,021 INFO [org.springframework.kafka.KafkaListenerEndpointContainer#0-0-C-1] o.a.k.c.m.Metrics [Metrics.java:684] Metrics scheduler closed
2025-03-20 22:11:29,021 INFO [org.springframework.kafka.KafkaListenerEndpointContainer#0-0-C-1] o.a.k.c.m.Metrics [Metrics.java:688] Closing reporter org.apache.kafka.common.metrics.JmxReporter
2025-03-20 22:11:29,022 INFO [org.springframework.kafka.KafkaListenerEndpointContainer#0-0-C-1] o.a.k.c.m.Metrics [Metrics.java:688] Closing reporter org.apache.kafka.common.telemetry.internals.ClientTelemetryReporter
2025-03-20 22:11:29,022 INFO [org.springframework.kafka.KafkaListenerEndpointContainer#0-0-C-1] o.a.k.c.m.Metrics [Metrics.java:694] Metrics reporters closed
2025-03-20 22:11:29,029 INFO [org.springframework.kafka.KafkaListenerEndpointContainer#0-0-C-1] o.a.k.c.u.AppInfoParser [AppInfoParser.java:88] App info kafka.consumer for consumer-test-consumer-group-1 unregistered
2025-03-20 22:11:29,029 INFO [org.springframework.kafka.KafkaListenerEndpointContainer#0-0-C-1] o.s.k.l.KafkaMessageListenerContainer [LogAccessor.java:292] test-consumer-group: Consumer stopped
2025-03-20 22:11:29,032 INFO [Thread-5] o.s.b.w.e.t.GracefulShutdown [GracefulShutdown.java:54] Commencing graceful shutdown. Waiting for active requests to complete
2025-03-20 22:11:29,032 INFO [tomcat-shutdown] o.a.c.h.Http11NioProtocol [DirectJDKLog.java:173] Pausing ProtocolHandler ["http-nio-8080"]
2025-03-20 22:11:29,170 INFO [tomcat-shutdown] o.s.b.w.e.t.GracefulShutdown [GracefulShutdown.java:76] Graceful shutdown complete
2025-03-20 22:11:29,171 INFO [Thread-5] o.a.c.h.Http11NioProtocol [DirectJDKLog.java:173] Stopping ProtocolHandler ["http-nio-8080"]
2025-03-20 22:11:29,182 INFO [Thread-5] o.a.k.c.p.KafkaProducer [KafkaProducer.java:1373] [Producer clientId=producer-1] Closing the Kafka producer with timeoutMillis = 30000 ms.
2025-03-20 22:11:29,185 INFO [Thread-5] o.a.k.c.m.Metrics [Metrics.java:684] Metrics scheduler closed
2025-03-20 22:11:29,185 INFO [Thread-5] o.a.k.c.m.Metrics [Metrics.java:688] Closing reporter org.apache.kafka.common.metrics.JmxReporter
2025-03-20 22:11:29,186 INFO [Thread-5] o.a.k.c.m.Metrics [Metrics.java:688] Closing reporter org.apache.kafka.common.telemetry.internals.ClientTelemetryReporter
2025-03-20 22:11:29,186 INFO [Thread-5] o.a.k.c.m.Metrics [Metrics.java:694] Metrics reporters closed
2025-03-20 22:11:29,186 INFO [Thread-5] o.a.k.c.u.AppInfoParser [AppInfoParser.java:88] App info kafka.producer for producer-1 unregistered
2025-03-20 22:11:29,196 INFO [Thread-5] c.z.h.HikariDataSource [HikariDataSource.java:349] HikariPool-1 - Shutdown initiated...
2025-03-20 22:11:29,202 INFO [Thread-5] c.z.h.HikariDataSource [HikariDataSource.java:351] HikariPool-1 - Shutdown completed.
2025-03-20 22:11:29,357 INFO [restartedMain] c.n.c.CommunityApplication [StartupInfoLogger.java:53] Starting CommunityApplication using Java 17.0.10 with PID 23036 (E:\javacode\workspace4vscode\nk\community\community\target\classes started by 40782 in E:\javacode\workspace4vscode\nk\community)
2025-03-20 22:11:29,358 INFO [restartedMain] c.n.c.CommunityApplication [SpringApplication.java:652] No active profile set, falling back to 1 default profile: "default"
2025-03-20 22:11:29,728 INFO [restartedMain] o.s.d.r.c.RepositoryConfigurationDelegate [RepositoryConfigurationDelegate.java:295] Multiple Spring Data modules found, entering strict repository configuration mode
2025-03-20 22:11:29,728 INFO [restartedMain] o.s.d.r.c.RepositoryConfigurationDelegate [RepositoryConfigurationDelegate.java:143] Bootstrapping Spring Data Redis repositories in DEFAULT mode.
2025-03-20 22:11:29,742 INFO [restartedMain] o.s.d.r.c.RepositoryConfigurationDelegate [RepositoryConfigurationDelegate.java:211] Finished Spring Data repository scanning in 12 ms. Found 0 Redis repository interfaces.
2025-03-20 22:11:29,918 INFO [restartedMain] o.s.b.w.e.t.TomcatWebServer [TomcatWebServer.java:111] Tomcat initialized with port 8080 (http)
2025-03-20 22:11:29,919 INFO [restartedMain] o.a.c.h.Http11NioProtocol [DirectJDKLog.java:173] Initializing ProtocolHandler ["http-nio-8080"]
2025-03-20 22:11:29,920 INFO [restartedMain] o.a.c.c.StandardService [DirectJDKLog.java:173] Starting service [Tomcat]
2025-03-20 22:11:29,920 INFO [restartedMain] o.a.c.c.StandardEngine [DirectJDKLog.java:173] Starting Servlet engine: [Apache Tomcat/10.1.34]
2025-03-20 22:11:29,980 INFO [restartedMain] o.a.c.c.C.[.[.[/community] [DirectJDKLog.java:173] Initializing Spring embedded WebApplicationContext
2025-03-20 22:11:29,980 INFO [restartedMain] o.s.b.w.s.c.ServletWebServerApplicationContext [ServletWebServerApplicationContext.java:296] Root WebApplicationContext: initialization completed in 619 ms
2025-03-20 22:11:30,251 INFO [restartedMain] o.s.b.a.w.s.WelcomePageHandlerMapping [WelcomePageHandlerMapping.java:59] Adding welcome page template: index
2025-03-20 22:11:30,527 INFO [restartedMain] o.s.b.d.a.OptionalLiveReloadServer [OptionalLiveReloadServer.java:59] LiveReload server is running on port 35729
2025-03-20 22:11:30,544 INFO [restartedMain] o.a.c.h.Http11NioProtocol [DirectJDKLog.java:173] Starting ProtocolHandler ["http-nio-8080"]
2025-03-20 22:11:30,548 INFO [restartedMain] o.s.b.w.e.t.TomcatWebServer [TomcatWebServer.java:243] Tomcat started on port 8080 (http) with context path '/community'
2025-03-20 22:11:30,549 INFO [restartedMain] o.a.k.c.c.ConsumerConfig [AbstractConfig.java:372] ConsumerConfig values: 
	allow.auto.create.topics = true
	auto.commit.interval.ms = 3000
	auto.include.jmx.reporter = true
	auto.offset.reset = latest
	bootstrap.servers = [localhost:9092]
	check.crcs = true
	client.dns.lookup = use_all_dns_ips
	client.id = consumer-test-consumer-group-2
	client.rack = 
	connections.max.idle.ms = 540000
	default.api.timeout.ms = 60000
	enable.auto.commit = true
	enable.metrics.push = true
	exclude.internal.topics = true
	fetch.max.bytes = 52428800
	fetch.max.wait.ms = 500
	fetch.min.bytes = 1
	group.id = test-consumer-group
	group.instance.id = null
	group.protocol = classic
	group.remote.assignor = null
	heartbeat.interval.ms = 3000
	interceptor.classes = []
	internal.leave.group.on.close = true
	internal.throw.on.fetch.stable.offset.unsupported = false
	isolation.level = read_uncommitted
	key.deserializer = class org.apache.kafka.common.serialization.StringDeserializer
	max.partition.fetch.bytes = 1048576
	max.poll.interval.ms = 300000
	max.poll.records = 500
	metadata.max.age.ms = 300000
	metadata.recovery.strategy = none
	metric.reporters = []
	metrics.num.samples = 2
	metrics.recording.level = INFO
	metrics.sample.window.ms = 30000
	partition.assignment.strategy = [class org.apache.kafka.clients.consumer.RangeAssignor, class org.apache.kafka.clients.consumer.CooperativeStickyAssignor]
	receive.buffer.bytes = 65536
	reconnect.backoff.max.ms = 1000
	reconnect.backoff.ms = 50
	request.timeout.ms = 30000
	retry.backoff.max.ms = 1000
	retry.backoff.ms = 100
	sasl.client.callback.handler.class = null
	sasl.jaas.config = null
	sasl.kerberos.kinit.cmd = /usr/bin/kinit
	sasl.kerberos.min.time.before.relogin = 60000
	sasl.kerberos.service.name = null
	sasl.kerberos.ticket.renew.jitter = 0.05
	sasl.kerberos.ticket.renew.window.factor = 0.8
	sasl.login.callback.handler.class = null
	sasl.login.class = null
	sasl.login.connect.timeout.ms = null
	sasl.login.read.timeout.ms = null
	sasl.login.refresh.buffer.seconds = 300
	sasl.login.refresh.min.period.seconds = 60
	sasl.login.refresh.window.factor = 0.8
	sasl.login.refresh.window.jitter = 0.05
	sasl.login.retry.backoff.max.ms = 10000
	sasl.login.retry.backoff.ms = 100
	sasl.mechanism = GSSAPI
	sasl.oauthbearer.clock.skew.seconds = 30
	sasl.oauthbearer.expected.audience = null
	sasl.oauthbearer.expected.issuer = null
	sasl.oauthbearer.jwks.endpoint.refresh.ms = 3600000
	sasl.oauthbearer.jwks.endpoint.retry.backoff.max.ms = 10000
	sasl.oauthbearer.jwks.endpoint.retry.backoff.ms = 100
	sasl.oauthbearer.jwks.endpoint.url = null
	sasl.oauthbearer.scope.claim.name = scope
	sasl.oauthbearer.sub.claim.name = sub
	sasl.oauthbearer.token.endpoint.url = null
	security.protocol = PLAINTEXT
	security.providers = null
	send.buffer.bytes = 131072
	session.timeout.ms = 45000
	socket.connection.setup.timeout.max.ms = 30000
	socket.connection.setup.timeout.ms = 10000
	ssl.cipher.suites = null
	ssl.enabled.protocols = [TLSv1.2, TLSv1.3]
	ssl.endpoint.identification.algorithm = https
	ssl.engine.factory.class = null
	ssl.key.password = null
	ssl.keymanager.algorithm = SunX509
	ssl.keystore.certificate.chain = null
	ssl.keystore.key = null
	ssl.keystore.location = null
	ssl.keystore.password = null
	ssl.keystore.type = JKS
	ssl.protocol = TLSv1.3
	ssl.provider = null
	ssl.secure.random.implementation = null
	ssl.trustmanager.algorithm = PKIX
	ssl.truststore.certificates = null
	ssl.truststore.location = null
	ssl.truststore.password = null
	ssl.truststore.type = JKS
	value.deserializer = class org.apache.kafka.common.serialization.StringDeserializer

2025-03-20 22:11:30,549 INFO [restartedMain] o.a.k.c.t.i.KafkaMetricsCollector [KafkaMetricsCollector.java:269] initializing Kafka metrics collector
2025-03-20 22:11:30,554 INFO [restartedMain] o.a.k.c.u.AppInfoParser [AppInfoParser.java:124] Kafka version: 3.8.1
2025-03-20 22:11:30,554 INFO [restartedMain] o.a.k.c.u.AppInfoParser [AppInfoParser.java:125] Kafka commitId: 70d6ff42debf7e17
2025-03-20 22:11:30,554 INFO [restartedMain] o.a.k.c.u.AppInfoParser [AppInfoParser.java:126] Kafka startTimeMs: 1742479890554
2025-03-20 22:11:30,555 INFO [restartedMain] o.a.k.c.c.i.LegacyKafkaConsumer [LegacyKafkaConsumer.java:476] [Consumer clientId=consumer-test-consumer-group-2, groupId=test-consumer-group] Subscribed to topic(s): comment, like, follow
2025-03-20 22:11:30,559 INFO [org.springframework.kafka.KafkaListenerEndpointContainer#0-0-C-1] o.a.k.c.Metadata [Metadata.java:364] [Consumer clientId=consumer-test-consumer-group-2, groupId=test-consumer-group] Cluster ID: cahCa2tqRnq3OYXiEm_sPA
2025-03-20 22:11:30,559 INFO [org.springframework.kafka.KafkaListenerEndpointContainer#0-0-C-1] o.a.k.c.c.i.ConsumerCoordinator [AbstractCoordinator.java:936] [Consumer clientId=consumer-test-consumer-group-2, groupId=test-consumer-group] Discovered group coordinator 10.99.237.116:9092 (id: 2147483647 rack: null)
2025-03-20 22:11:30,559 INFO [restartedMain] c.n.c.CommunityApplication [StartupInfoLogger.java:59] Started CommunityApplication in 1.272 seconds (process running for 683.393)
2025-03-20 22:11:30,561 INFO [org.springframework.kafka.KafkaListenerEndpointContainer#0-0-C-1] o.a.k.c.c.i.ConsumerCoordinator [AbstractCoordinator.java:604] [Consumer clientId=consumer-test-consumer-group-2, groupId=test-consumer-group] (Re-)joining group
2025-03-20 22:11:30,561 INFO [restartedMain] o.s.b.d.a.ConditionEvaluationDeltaLoggingListener [ConditionEvaluationDeltaLoggingListener.java:63] Condition evaluation unchanged
2025-03-20 22:11:30,562 INFO [org.springframework.kafka.KafkaListenerEndpointContainer#0-0-C-1] o.a.k.c.c.i.ConsumerCoordinator [AbstractCoordinator.java:1102] [Consumer clientId=consumer-test-consumer-group-2, groupId=test-consumer-group] Request joining group due to: need to re-join with the given member-id: consumer-test-consumer-group-2-590a61d5-f09c-44b9-aae8-3c16755069c1
2025-03-20 22:11:30,562 INFO [org.springframework.kafka.KafkaListenerEndpointContainer#0-0-C-1] o.a.k.c.c.i.ConsumerCoordinator [AbstractCoordinator.java:604] [Consumer clientId=consumer-test-consumer-group-2, groupId=test-consumer-group] (Re-)joining group
2025-03-20 22:11:30,563 INFO [org.springframework.kafka.KafkaListenerEndpointContainer#0-0-C-1] o.a.k.c.c.i.ConsumerCoordinator [AbstractCoordinator.java:665] [Consumer clientId=consumer-test-consumer-group-2, groupId=test-consumer-group] Successfully joined group with generation Generation{generationId=13, memberId='consumer-test-consumer-group-2-590a61d5-f09c-44b9-aae8-3c16755069c1', protocol='range'}
2025-03-20 22:11:30,564 INFO [org.springframework.kafka.KafkaListenerEndpointContainer#0-0-C-1] o.a.k.c.c.i.ConsumerCoordinator [ConsumerCoordinator.java:663] [Consumer clientId=consumer-test-consumer-group-2, groupId=test-consumer-group] Finished assignment for group at generation 13: {consumer-test-consumer-group-2-590a61d5-f09c-44b9-aae8-3c16755069c1=Assignment(partitions=[like-0, comment-0, follow-0])}
2025-03-20 22:11:30,565 INFO [org.springframework.kafka.KafkaListenerEndpointContainer#0-0-C-1] o.a.k.c.c.i.ConsumerCoordinator [AbstractCoordinator.java:842] [Consumer clientId=consumer-test-consumer-group-2, groupId=test-consumer-group] Successfully synced group in generation Generation{generationId=13, memberId='consumer-test-consumer-group-2-590a61d5-f09c-44b9-aae8-3c16755069c1', protocol='range'}
2025-03-20 22:11:30,565 INFO [org.springframework.kafka.KafkaListenerEndpointContainer#0-0-C-1] o.a.k.c.c.i.ConsumerCoordinator [ConsumerCoordinator.java:323] [Consumer clientId=consumer-test-consumer-group-2, groupId=test-consumer-group] Notifying assignor about the new Assignment(partitions=[like-0, comment-0, follow-0])
2025-03-20 22:11:30,565 INFO [org.springframework.kafka.KafkaListenerEndpointContainer#0-0-C-1] o.a.k.c.c.i.ConsumerRebalanceListenerInvoker [ConsumerRebalanceListenerInvoker.java:57] [Consumer clientId=consumer-test-consumer-group-2, groupId=test-consumer-group] Adding newly assigned partitions: comment-0, follow-0, like-0
2025-03-20 22:11:30,566 INFO [org.springframework.kafka.KafkaListenerEndpointContainer#0-0-C-1] o.a.k.c.c.i.ConsumerUtils [ConsumerUtils.java:201] Setting offset for partition comment-0 to the committed offset FetchPosition{offset=3, offsetEpoch=Optional[0], currentLeader=LeaderAndEpoch{leader=Optional[10.99.237.116:9092 (id: 0 rack: null)], epoch=absent}}
2025-03-20 22:11:30,566 INFO [org.springframework.kafka.KafkaListenerEndpointContainer#0-0-C-1] o.a.k.c.c.i.ConsumerUtils [ConsumerUtils.java:201] Setting offset for partition like-0 to the committed offset FetchPosition{offset=0, offsetEpoch=Optional.empty, currentLeader=LeaderAndEpoch{leader=Optional[10.99.237.116:9092 (id: 0 rack: null)], epoch=absent}}
2025-03-20 22:11:30,566 INFO [org.springframework.kafka.KafkaListenerEndpointContainer#0-0-C-1] o.a.k.c.c.i.ConsumerUtils [ConsumerUtils.java:201] Setting offset for partition follow-0 to the committed offset FetchPosition{offset=0, offsetEpoch=Optional.empty, currentLeader=LeaderAndEpoch{leader=Optional[10.99.237.116:9092 (id: 0 rack: null)], epoch=absent}}
2025-03-20 22:11:30,566 INFO [org.springframework.kafka.KafkaListenerEndpointContainer#0-0-C-1] o.s.k.l.KafkaMessageListenerContainer [LogAccessor.java:292] test-consumer-group: partitions assigned: [comment-0, follow-0, like-0]
2025-03-20 22:11:30,604 INFO [http-nio-8080-exec-1] o.a.c.c.C.[.[.[/community] [DirectJDKLog.java:173] Initializing Spring DispatcherServlet 'dispatcherServlet'
2025-03-20 22:11:30,604 INFO [http-nio-8080-exec-1] o.s.w.s.DispatcherServlet [FrameworkServlet.java:532] Initializing Servlet 'dispatcherServlet'
2025-03-20 22:11:30,605 INFO [http-nio-8080-exec-1] o.s.w.s.DispatcherServlet [FrameworkServlet.java:554] Completed initialization in 1 ms
2025-03-20 22:11:30,608 INFO [http-nio-8080-exec-1] c.n.c.a.ServiceLogAspect [ServiceLogAspect.java:39] 用户[0:0:0:0:0:0:0:1],在[2025-03-20 22:11:30],访问了[com.nowcoder.community.service.UserService.findLoginTicket].
2025-03-20 22:11:30,646 INFO [http-nio-8080-exec-1] c.n.c.a.ServiceLogAspect [ServiceLogAspect.java:39] 用户[0:0:0:0:0:0:0:1],在[2025-03-20 22:11:30],访问了[com.nowcoder.community.service.UserService.findUserById].
2025-03-20 22:11:30,647 INFO [http-nio-8080-exec-1] c.n.c.a.ServiceLogAspect [ServiceLogAspect.java:39] 用户[0:0:0:0:0:0:0:1],在[2025-03-20 22:11:30],访问了[com.nowcoder.community.service.MessageService.findLatestNotice].
2025-03-20 22:11:30,648 INFO [http-nio-8080-exec-1] c.z.h.HikariDataSource [HikariDataSource.java:109] HikariPool-2 - Starting...
2025-03-20 22:11:30,652 INFO [http-nio-8080-exec-1] c.z.h.p.HikariPool [HikariPool.java:554] HikariPool-2 - Added connection com.mysql.cj.jdbc.ConnectionImpl@1cb37718
2025-03-20 22:11:30,652 INFO [http-nio-8080-exec-1] c.z.h.HikariDataSource [HikariDataSource.java:122] HikariPool-2 - Start completed.
2025-03-20 22:11:30,657 INFO [http-nio-8080-exec-1] c.n.c.a.ServiceLogAspect [ServiceLogAspect.java:39] 用户[0:0:0:0:0:0:0:1],在[2025-03-20 22:11:30],访问了[com.nowcoder.community.service.UserService.findUserById].
2025-03-20 22:11:30,658 INFO [http-nio-8080-exec-1] c.n.c.a.ServiceLogAspect [ServiceLogAspect.java:39] 用户[0:0:0:0:0:0:0:1],在[2025-03-20 22:11:30],访问了[com.nowcoder.community.service.MessageService.findNoticeCount].
2025-03-20 22:11:30,659 INFO [http-nio-8080-exec-1] c.n.c.a.ServiceLogAspect [ServiceLogAspect.java:39] 用户[0:0:0:0:0:0:0:1],在[2025-03-20 22:11:30],访问了[com.nowcoder.community.service.MessageService.findNoticeUnreadCount].
2025-03-20 22:11:30,660 INFO [http-nio-8080-exec-1] c.n.c.a.ServiceLogAspect [ServiceLogAspect.java:39] 用户[0:0:0:0:0:0:0:1],在[2025-03-20 22:11:30],访问了[com.nowcoder.community.service.MessageService.findLatestNotice].
2025-03-20 22:11:30,668 INFO [http-nio-8080-exec-1] c.n.c.a.ServiceLogAspect [ServiceLogAspect.java:39] 用户[0:0:0:0:0:0:0:1],在[2025-03-20 22:11:30],访问了[com.nowcoder.community.service.UserService.findUserById].
2025-03-20 22:11:30,668 INFO [http-nio-8080-exec-1] c.n.c.a.ServiceLogAspect [ServiceLogAspect.java:39] 用户[0:0:0:0:0:0:0:1],在[2025-03-20 22:11:30],访问了[com.nowcoder.community.service.MessageService.findNoticeCount].
2025-03-20 22:11:30,676 INFO [http-nio-8080-exec-1] c.n.c.a.ServiceLogAspect [ServiceLogAspect.java:39] 用户[0:0:0:0:0:0:0:1],在[2025-03-20 22:11:30],访问了[com.nowcoder.community.service.MessageService.findNoticeUnreadCount].
2025-03-20 22:11:30,683 INFO [http-nio-8080-exec-1] c.n.c.a.ServiceLogAspect [ServiceLogAspect.java:39] 用户[0:0:0:0:0:0:0:1],在[2025-03-20 22:11:30],访问了[com.nowcoder.community.service.MessageService.findLatestNotice].
2025-03-20 22:11:30,691 INFO [http-nio-8080-exec-1] c.n.c.a.ServiceLogAspect [ServiceLogAspect.java:39] 用户[0:0:0:0:0:0:0:1],在[2025-03-20 22:11:30],访问了[com.nowcoder.community.service.UserService.findUserById].
2025-03-20 22:11:30,691 INFO [http-nio-8080-exec-1] c.n.c.a.ServiceLogAspect [ServiceLogAspect.java:39] 用户[0:0:0:0:0:0:0:1],在[2025-03-20 22:11:30],访问了[com.nowcoder.community.service.MessageService.findNoticeCount].
2025-03-20 22:11:30,698 INFO [http-nio-8080-exec-1] c.n.c.a.ServiceLogAspect [ServiceLogAspect.java:39] 用户[0:0:0:0:0:0:0:1],在[2025-03-20 22:11:30],访问了[com.nowcoder.community.service.MessageService.findNoticeUnreadCount].
2025-03-20 22:11:30,705 INFO [http-nio-8080-exec-1] c.n.c.a.ServiceLogAspect [ServiceLogAspect.java:39] 用户[0:0:0:0:0:0:0:1],在[2025-03-20 22:11:30],访问了[com.nowcoder.community.service.MessageService.findLetterUnreadCount].
2025-03-20 22:11:30,707 INFO [http-nio-8080-exec-1] c.n.c.a.ServiceLogAspect [ServiceLogAspect.java:39] 用户[0:0:0:0:0:0:0:1],在[2025-03-20 22:11:30],访问了[com.nowcoder.community.service.MessageService.findNoticeUnreadCount].
2025-03-20 22:11:31,648 INFO [http-nio-8080-exec-5] c.n.c.a.ServiceLogAspect [ServiceLogAspect.java:39] 用户[0:0:0:0:0:0:0:1],在[2025-03-20 22:11:31],访问了[com.nowcoder.community.service.UserService.findLoginTicket].
2025-03-20 22:11:31,649 INFO [http-nio-8080-exec-5] c.n.c.a.ServiceLogAspect [ServiceLogAspect.java:39] 用户[0:0:0:0:0:0:0:1],在[2025-03-20 22:11:31],访问了[com.nowcoder.community.service.UserService.findUserById].
2025-03-20 22:11:31,650 INFO [http-nio-8080-exec-5] c.n.c.a.ServiceLogAspect [ServiceLogAspect.java:39] 用户[0:0:0:0:0:0:0:1],在[2025-03-20 22:11:31],访问了[com.nowcoder.community.service.MessageService.findConversationCount].
2025-03-20 22:11:31,659 INFO [http-nio-8080-exec-5] c.n.c.a.ServiceLogAspect [ServiceLogAspect.java:39] 用户[0:0:0:0:0:0:0:1],在[2025-03-20 22:11:31],访问了[com.nowcoder.community.service.MessageService.findConversations].
2025-03-20 22:11:31,669 INFO [http-nio-8080-exec-5] c.n.c.a.ServiceLogAspect [ServiceLogAspect.java:39] 用户[0:0:0:0:0:0:0:1],在[2025-03-20 22:11:31],访问了[com.nowcoder.community.service.MessageService.findLetterCount].
2025-03-20 22:11:31,670 INFO [http-nio-8080-exec-5] c.n.c.a.ServiceLogAspect [ServiceLogAspect.java:39] 用户[0:0:0:0:0:0:0:1],在[2025-03-20 22:11:31],访问了[com.nowcoder.community.service.MessageService.findLetterUnreadCount].
2025-03-20 22:11:31,679 INFO [http-nio-8080-exec-5] c.n.c.a.ServiceLogAspect [ServiceLogAspect.java:39] 用户[0:0:0:0:0:0:0:1],在[2025-03-20 22:11:31],访问了[com.nowcoder.community.service.UserService.findUserById].
2025-03-20 22:11:31,679 INFO [http-nio-8080-exec-5] c.n.c.a.ServiceLogAspect [ServiceLogAspect.java:39] 用户[0:0:0:0:0:0:0:1],在[2025-03-20 22:11:31],访问了[com.nowcoder.community.service.MessageService.findLetterCount].
2025-03-20 22:11:31,680 INFO [http-nio-8080-exec-5] c.n.c.a.ServiceLogAspect [ServiceLogAspect.java:39] 用户[0:0:0:0:0:0:0:1],在[2025-03-20 22:11:31],访问了[com.nowcoder.community.service.MessageService.findLetterUnreadCount].
2025-03-20 22:11:31,688 INFO [http-nio-8080-exec-5] c.n.c.a.ServiceLogAspect [ServiceLogAspect.java:39] 用户[0:0:0:0:0:0:0:1],在[2025-03-20 22:11:31],访问了[com.nowcoder.community.service.UserService.findUserById].
2025-03-20 22:11:31,688 INFO [http-nio-8080-exec-5] c.n.c.a.ServiceLogAspect [ServiceLogAspect.java:39] 用户[0:0:0:0:0:0:0:1],在[2025-03-20 22:11:31],访问了[com.nowcoder.community.service.MessageService.findLetterCount].
2025-03-20 22:11:31,689 INFO [http-nio-8080-exec-5] c.n.c.a.ServiceLogAspect [ServiceLogAspect.java:39] 用户[0:0:0:0:0:0:0:1],在[2025-03-20 22:11:31],访问了[com.nowcoder.community.service.MessageService.findLetterUnreadCount].
2025-03-20 22:11:31,690 INFO [http-nio-8080-exec-5] c.n.c.a.ServiceLogAspect [ServiceLogAspect.java:39] 用户[0:0:0:0:0:0:0:1],在[2025-03-20 22:11:31],访问了[com.nowcoder.community.service.UserService.findUserById].
2025-03-20 22:11:31,692 INFO [http-nio-8080-exec-5] c.n.c.a.ServiceLogAspect [ServiceLogAspect.java:39] 用户[0:0:0:0:0:0:0:1],在[2025-03-20 22:11:31],访问了[com.nowcoder.community.service.MessageService.findLetterCount].
2025-03-20 22:11:31,693 INFO [http-nio-8080-exec-5] c.n.c.a.ServiceLogAspect [ServiceLogAspect.java:39] 用户[0:0:0:0:0:0:0:1],在[2025-03-20 22:11:31],访问了[com.nowcoder.community.service.MessageService.findLetterUnreadCount].
2025-03-20 22:11:31,700 INFO [http-nio-8080-exec-5] c.n.c.a.ServiceLogAspect [ServiceLogAspect.java:39] 用户[0:0:0:0:0:0:0:1],在[2025-03-20 22:11:31],访问了[com.nowcoder.community.service.UserService.findUserById].
2025-03-20 22:11:31,700 INFO [http-nio-8080-exec-5] c.n.c.a.ServiceLogAspect [ServiceLogAspect.java:39] 用户[0:0:0:0:0:0:0:1],在[2025-03-20 22:11:31],访问了[com.nowcoder.community.service.MessageService.findLetterCount].
2025-03-20 22:11:31,701 INFO [http-nio-8080-exec-5] c.n.c.a.ServiceLogAspect [ServiceLogAspect.java:39] 用户[0:0:0:0:0:0:0:1],在[2025-03-20 22:11:31],访问了[com.nowcoder.community.service.MessageService.findLetterUnreadCount].
2025-03-20 22:11:31,711 INFO [http-nio-8080-exec-5] c.n.c.a.ServiceLogAspect [ServiceLogAspect.java:39] 用户[0:0:0:0:0:0:0:1],在[2025-03-20 22:11:31],访问了[com.nowcoder.community.service.UserService.findUserById].
2025-03-20 22:11:31,711 INFO [http-nio-8080-exec-5] c.n.c.a.ServiceLogAspect [ServiceLogAspect.java:39] 用户[0:0:0:0:0:0:0:1],在[2025-03-20 22:11:31],访问了[com.nowcoder.community.service.MessageService.findLetterUnreadCount].
2025-03-20 22:11:31,712 INFO [http-nio-8080-exec-5] c.n.c.a.ServiceLogAspect [ServiceLogAspect.java:39] 用户[0:0:0:0:0:0:0:1],在[2025-03-20 22:11:31],访问了[com.nowcoder.community.service.MessageService.findNoticeUnreadCount].
2025-03-20 22:11:32,208 INFO [File Watcher] o.s.b.d.a.LocalDevToolsAutoConfiguration$RestartingClassPathChangeChangedEventListener [LocalDevToolsAutoConfiguration.java:211] Restarting due to 1 class path change (1 addition, 0 deletions, 0 modifications)
2025-03-20 22:11:32,209 INFO [org.springframework.kafka.KafkaListenerEndpointContainer#0-0-C-1] o.a.k.c.c.i.ConsumerRebalanceListenerInvoker [ConsumerRebalanceListenerInvoker.java:79] [Consumer clientId=consumer-test-consumer-group-2, groupId=test-consumer-group] Revoke previously assigned partitions comment-0, follow-0, like-0
2025-03-20 22:11:32,210 INFO [org.springframework.kafka.KafkaListenerEndpointContainer#0-0-C-1] o.s.k.l.KafkaMessageListenerContainer [LogAccessor.java:292] test-consumer-group: partitions revoked: [comment-0, follow-0, like-0]
2025-03-20 22:11:32,210 INFO [org.springframework.kafka.KafkaListenerEndpointContainer#0-0-C-1] o.a.k.c.c.i.ConsumerCoordinator [AbstractCoordinator.java:1173] [Consumer clientId=consumer-test-consumer-group-2, groupId=test-consumer-group] Member consumer-test-consumer-group-2-590a61d5-f09c-44b9-aae8-3c16755069c1 sending LeaveGroup request to coordinator 10.99.237.116:9092 (id: 2147483647 rack: null) due to the consumer unsubscribed from all topics
2025-03-20 22:11:32,210 INFO [org.springframework.kafka.KafkaListenerEndpointContainer#0-0-C-1] o.a.k.c.c.i.ConsumerCoordinator [AbstractCoordinator.java:1055] [Consumer clientId=consumer-test-consumer-group-2, groupId=test-consumer-group] Resetting generation and member id due to: consumer pro-actively leaving the group
2025-03-20 22:11:32,210 INFO [org.springframework.kafka.KafkaListenerEndpointContainer#0-0-C-1] o.a.k.c.c.i.ConsumerCoordinator [AbstractCoordinator.java:1102] [Consumer clientId=consumer-test-consumer-group-2, groupId=test-consumer-group] Request joining group due to: consumer pro-actively leaving the group
2025-03-20 22:11:32,210 INFO [org.springframework.kafka.KafkaListenerEndpointContainer#0-0-C-1] o.a.k.c.c.i.LegacyKafkaConsumer [LegacyKafkaConsumer.java:547] [Consumer clientId=consumer-test-consumer-group-2, groupId=test-consumer-group] Unsubscribed all topics or patterns and assigned partitions
2025-03-20 22:11:32,210 INFO [org.springframework.kafka.KafkaListenerEndpointContainer#0-0-C-1] o.a.k.c.c.i.ConsumerCoordinator [AbstractCoordinator.java:1055] [Consumer clientId=consumer-test-consumer-group-2, groupId=test-consumer-group] Resetting generation and member id due to: consumer pro-actively leaving the group
2025-03-20 22:11:32,210 INFO [org.springframework.kafka.KafkaListenerEndpointContainer#0-0-C-1] o.a.k.c.c.i.ConsumerCoordinator [AbstractCoordinator.java:1102] [Consumer clientId=consumer-test-consumer-group-2, groupId=test-consumer-group] Request joining group due to: consumer pro-actively leaving the group
2025-03-20 22:11:32,610 INFO [org.springframework.kafka.KafkaListenerEndpointContainer#0-0-C-1] o.a.k.c.m.Metrics [Metrics.java:684] Metrics scheduler closed
2025-03-20 22:11:32,610 INFO [org.springframework.kafka.KafkaListenerEndpointContainer#0-0-C-1] o.a.k.c.m.Metrics [Metrics.java:688] Closing reporter org.apache.kafka.common.metrics.JmxReporter
2025-03-20 22:11:32,610 INFO [org.springframework.kafka.KafkaListenerEndpointContainer#0-0-C-1] o.a.k.c.m.Metrics [Metrics.java:688] Closing reporter org.apache.kafka.common.telemetry.internals.ClientTelemetryReporter
2025-03-20 22:11:32,610 INFO [org.springframework.kafka.KafkaListenerEndpointContainer#0-0-C-1] o.a.k.c.m.Metrics [Metrics.java:694] Metrics reporters closed
2025-03-20 22:11:32,612 INFO [org.springframework.kafka.KafkaListenerEndpointContainer#0-0-C-1] o.a.k.c.u.AppInfoParser [AppInfoParser.java:88] App info kafka.consumer for consumer-test-consumer-group-2 unregistered
2025-03-20 22:11:32,612 INFO [org.springframework.kafka.KafkaListenerEndpointContainer#0-0-C-1] o.s.k.l.KafkaMessageListenerContainer [LogAccessor.java:292] test-consumer-group: Consumer stopped
2025-03-20 22:11:32,612 INFO [Thread-7] o.s.b.w.e.t.GracefulShutdown [GracefulShutdown.java:54] Commencing graceful shutdown. Waiting for active requests to complete
2025-03-20 22:11:32,613 INFO [tomcat-shutdown] o.a.c.h.Http11NioProtocol [DirectJDKLog.java:173] Pausing ProtocolHandler ["http-nio-8080"]
2025-03-20 22:11:32,710 INFO [tomcat-shutdown] o.s.b.w.e.t.GracefulShutdown [GracefulShutdown.java:76] Graceful shutdown complete
2025-03-20 22:11:32,710 INFO [Thread-7] o.a.c.h.Http11NioProtocol [DirectJDKLog.java:173] Stopping ProtocolHandler ["http-nio-8080"]
2025-03-20 22:11:32,714 INFO [Thread-7] c.z.h.HikariDataSource [HikariDataSource.java:349] HikariPool-2 - Shutdown initiated...
2025-03-20 22:11:32,715 INFO [Thread-7] c.z.h.HikariDataSource [HikariDataSource.java:351] HikariPool-2 - Shutdown completed.
2025-03-20 22:11:32,815 INFO [restartedMain] c.n.c.CommunityApplication [StartupInfoLogger.java:53] Starting CommunityApplication using Java 17.0.10 with PID 23036 (E:\javacode\workspace4vscode\nk\community\community\target\classes started by 40782 in E:\javacode\workspace4vscode\nk\community)
2025-03-20 22:11:32,815 INFO [restartedMain] c.n.c.CommunityApplication [SpringApplication.java:652] No active profile set, falling back to 1 default profile: "default"
2025-03-20 22:11:33,129 INFO [restartedMain] o.s.d.r.c.RepositoryConfigurationDelegate [RepositoryConfigurationDelegate.java:295] Multiple Spring Data modules found, entering strict repository configuration mode
2025-03-20 22:11:33,129 INFO [restartedMain] o.s.d.r.c.RepositoryConfigurationDelegate [RepositoryConfigurationDelegate.java:143] Bootstrapping Spring Data Redis repositories in DEFAULT mode.
2025-03-20 22:11:33,142 INFO [restartedMain] o.s.d.r.c.RepositoryConfigurationDelegate [RepositoryConfigurationDelegate.java:211] Finished Spring Data repository scanning in 12 ms. Found 0 Redis repository interfaces.
2025-03-20 22:11:33,279 INFO [restartedMain] o.s.b.w.e.t.TomcatWebServer [TomcatWebServer.java:111] Tomcat initialized with port 8080 (http)
2025-03-20 22:11:33,280 INFO [restartedMain] o.a.c.h.Http11NioProtocol [DirectJDKLog.java:173] Initializing ProtocolHandler ["http-nio-8080"]
2025-03-20 22:11:33,280 INFO [restartedMain] o.a.c.c.StandardService [DirectJDKLog.java:173] Starting service [Tomcat]
2025-03-20 22:11:33,280 INFO [restartedMain] o.a.c.c.StandardEngine [DirectJDKLog.java:173] Starting Servlet engine: [Apache Tomcat/10.1.34]
2025-03-20 22:11:33,336 INFO [restartedMain] o.a.c.c.C.[.[.[/community] [DirectJDKLog.java:173] Initializing Spring embedded WebApplicationContext
2025-03-20 22:11:33,336 INFO [restartedMain] o.s.b.w.s.c.ServletWebServerApplicationContext [ServletWebServerApplicationContext.java:296] Root WebApplicationContext: initialization completed in 519 ms
2025-03-20 22:11:33,570 INFO [restartedMain] o.s.b.a.w.s.WelcomePageHandlerMapping [WelcomePageHandlerMapping.java:59] Adding welcome page template: index
2025-03-20 22:11:33,804 INFO [restartedMain] o.s.b.d.a.OptionalLiveReloadServer [OptionalLiveReloadServer.java:59] LiveReload server is running on port 35729
2025-03-20 22:11:33,818 INFO [restartedMain] o.a.c.h.Http11NioProtocol [DirectJDKLog.java:173] Starting ProtocolHandler ["http-nio-8080"]
2025-03-20 22:11:33,822 INFO [restartedMain] o.s.b.w.e.t.TomcatWebServer [TomcatWebServer.java:243] Tomcat started on port 8080 (http) with context path '/community'
2025-03-20 22:11:33,823 INFO [restartedMain] o.a.k.c.c.ConsumerConfig [AbstractConfig.java:372] ConsumerConfig values: 
	allow.auto.create.topics = true
	auto.commit.interval.ms = 3000
	auto.include.jmx.reporter = true
	auto.offset.reset = latest
	bootstrap.servers = [localhost:9092]
	check.crcs = true
	client.dns.lookup = use_all_dns_ips
	client.id = consumer-test-consumer-group-3
	client.rack = 
	connections.max.idle.ms = 540000
	default.api.timeout.ms = 60000
	enable.auto.commit = true
	enable.metrics.push = true
	exclude.internal.topics = true
	fetch.max.bytes = 52428800
	fetch.max.wait.ms = 500
	fetch.min.bytes = 1
	group.id = test-consumer-group
	group.instance.id = null
	group.protocol = classic
	group.remote.assignor = null
	heartbeat.interval.ms = 3000
	interceptor.classes = []
	internal.leave.group.on.close = true
	internal.throw.on.fetch.stable.offset.unsupported = false
	isolation.level = read_uncommitted
	key.deserializer = class org.apache.kafka.common.serialization.StringDeserializer
	max.partition.fetch.bytes = 1048576
	max.poll.interval.ms = 300000
	max.poll.records = 500
	metadata.max.age.ms = 300000
	metadata.recovery.strategy = none
	metric.reporters = []
	metrics.num.samples = 2
	metrics.recording.level = INFO
	metrics.sample.window.ms = 30000
	partition.assignment.strategy = [class org.apache.kafka.clients.consumer.RangeAssignor, class org.apache.kafka.clients.consumer.CooperativeStickyAssignor]
	receive.buffer.bytes = 65536
	reconnect.backoff.max.ms = 1000
	reconnect.backoff.ms = 50
	request.timeout.ms = 30000
	retry.backoff.max.ms = 1000
	retry.backoff.ms = 100
	sasl.client.callback.handler.class = null
	sasl.jaas.config = null
	sasl.kerberos.kinit.cmd = /usr/bin/kinit
	sasl.kerberos.min.time.before.relogin = 60000
	sasl.kerberos.service.name = null
	sasl.kerberos.ticket.renew.jitter = 0.05
	sasl.kerberos.ticket.renew.window.factor = 0.8
	sasl.login.callback.handler.class = null
	sasl.login.class = null
	sasl.login.connect.timeout.ms = null
	sasl.login.read.timeout.ms = null
	sasl.login.refresh.buffer.seconds = 300
	sasl.login.refresh.min.period.seconds = 60
	sasl.login.refresh.window.factor = 0.8
	sasl.login.refresh.window.jitter = 0.05
	sasl.login.retry.backoff.max.ms = 10000
	sasl.login.retry.backoff.ms = 100
	sasl.mechanism = GSSAPI
	sasl.oauthbearer.clock.skew.seconds = 30
	sasl.oauthbearer.expected.audience = null
	sasl.oauthbearer.expected.issuer = null
	sasl.oauthbearer.jwks.endpoint.refresh.ms = 3600000
	sasl.oauthbearer.jwks.endpoint.retry.backoff.max.ms = 10000
	sasl.oauthbearer.jwks.endpoint.retry.backoff.ms = 100
	sasl.oauthbearer.jwks.endpoint.url = null
	sasl.oauthbearer.scope.claim.name = scope
	sasl.oauthbearer.sub.claim.name = sub
	sasl.oauthbearer.token.endpoint.url = null
	security.protocol = PLAINTEXT
	security.providers = null
	send.buffer.bytes = 131072
	session.timeout.ms = 45000
	socket.connection.setup.timeout.max.ms = 30000
	socket.connection.setup.timeout.ms = 10000
	ssl.cipher.suites = null
	ssl.enabled.protocols = [TLSv1.2, TLSv1.3]
	ssl.endpoint.identification.algorithm = https
	ssl.engine.factory.class = null
	ssl.key.password = null
	ssl.keymanager.algorithm = SunX509
	ssl.keystore.certificate.chain = null
	ssl.keystore.key = null
	ssl.keystore.location = null
	ssl.keystore.password = null
	ssl.keystore.type = JKS
	ssl.protocol = TLSv1.3
	ssl.provider = null
	ssl.secure.random.implementation = null
	ssl.trustmanager.algorithm = PKIX
	ssl.truststore.certificates = null
	ssl.truststore.location = null
	ssl.truststore.password = null
	ssl.truststore.type = JKS
	value.deserializer = class org.apache.kafka.common.serialization.StringDeserializer

2025-03-20 22:11:33,823 INFO [restartedMain] o.a.k.c.t.i.KafkaMetricsCollector [KafkaMetricsCollector.java:269] initializing Kafka metrics collector
2025-03-20 22:11:33,827 INFO [restartedMain] o.a.k.c.u.AppInfoParser [AppInfoParser.java:124] Kafka version: 3.8.1
2025-03-20 22:11:33,827 INFO [restartedMain] o.a.k.c.u.AppInfoParser [AppInfoParser.java:125] Kafka commitId: 70d6ff42debf7e17
2025-03-20 22:11:33,827 INFO [restartedMain] o.a.k.c.u.AppInfoParser [AppInfoParser.java:126] Kafka startTimeMs: 1742479893827
2025-03-20 22:11:33,828 INFO [restartedMain] o.a.k.c.c.i.LegacyKafkaConsumer [LegacyKafkaConsumer.java:476] [Consumer clientId=consumer-test-consumer-group-3, groupId=test-consumer-group] Subscribed to topic(s): comment, like, follow
2025-03-20 22:11:33,831 INFO [restartedMain] c.n.c.CommunityApplication [StartupInfoLogger.java:59] Started CommunityApplication in 1.07 seconds (process running for 686.665)
2025-03-20 22:11:33,831 INFO [org.springframework.kafka.KafkaListenerEndpointContainer#0-0-C-1] o.a.k.c.Metadata [Metadata.java:364] [Consumer clientId=consumer-test-consumer-group-3, groupId=test-consumer-group] Cluster ID: cahCa2tqRnq3OYXiEm_sPA
2025-03-20 22:11:33,831 INFO [org.springframework.kafka.KafkaListenerEndpointContainer#0-0-C-1] o.a.k.c.c.i.ConsumerCoordinator [AbstractCoordinator.java:936] [Consumer clientId=consumer-test-consumer-group-3, groupId=test-consumer-group] Discovered group coordinator 10.99.237.116:9092 (id: 2147483647 rack: null)
2025-03-20 22:11:33,832 INFO [restartedMain] o.s.b.d.a.ConditionEvaluationDeltaLoggingListener [ConditionEvaluationDeltaLoggingListener.java:63] Condition evaluation unchanged
2025-03-20 22:11:33,833 INFO [org.springframework.kafka.KafkaListenerEndpointContainer#0-0-C-1] o.a.k.c.c.i.ConsumerCoordinator [AbstractCoordinator.java:604] [Consumer clientId=consumer-test-consumer-group-3, groupId=test-consumer-group] (Re-)joining group
2025-03-20 22:11:33,834 INFO [org.springframework.kafka.KafkaListenerEndpointContainer#0-0-C-1] o.a.k.c.c.i.ConsumerCoordinator [AbstractCoordinator.java:1102] [Consumer clientId=consumer-test-consumer-group-3, groupId=test-consumer-group] Request joining group due to: need to re-join with the given member-id: consumer-test-consumer-group-3-ada88a86-b69f-4bca-8946-f4392e323d70
2025-03-20 22:11:33,834 INFO [org.springframework.kafka.KafkaListenerEndpointContainer#0-0-C-1] o.a.k.c.c.i.ConsumerCoordinator [AbstractCoordinator.java:604] [Consumer clientId=consumer-test-consumer-group-3, groupId=test-consumer-group] (Re-)joining group
2025-03-20 22:11:33,836 INFO [org.springframework.kafka.KafkaListenerEndpointContainer#0-0-C-1] o.a.k.c.c.i.ConsumerCoordinator [AbstractCoordinator.java:665] [Consumer clientId=consumer-test-consumer-group-3, groupId=test-consumer-group] Successfully joined group with generation Generation{generationId=15, memberId='consumer-test-consumer-group-3-ada88a86-b69f-4bca-8946-f4392e323d70', protocol='range'}
2025-03-20 22:11:33,836 INFO [org.springframework.kafka.KafkaListenerEndpointContainer#0-0-C-1] o.a.k.c.c.i.ConsumerCoordinator [ConsumerCoordinator.java:663] [Consumer clientId=consumer-test-consumer-group-3, groupId=test-consumer-group] Finished assignment for group at generation 15: {consumer-test-consumer-group-3-ada88a86-b69f-4bca-8946-f4392e323d70=Assignment(partitions=[like-0, comment-0, follow-0])}
2025-03-20 22:11:33,839 INFO [org.springframework.kafka.KafkaListenerEndpointContainer#0-0-C-1] o.a.k.c.c.i.ConsumerCoordinator [AbstractCoordinator.java:842] [Consumer clientId=consumer-test-consumer-group-3, groupId=test-consumer-group] Successfully synced group in generation Generation{generationId=15, memberId='consumer-test-consumer-group-3-ada88a86-b69f-4bca-8946-f4392e323d70', protocol='range'}
2025-03-20 22:11:33,839 INFO [org.springframework.kafka.KafkaListenerEndpointContainer#0-0-C-1] o.a.k.c.c.i.ConsumerCoordinator [ConsumerCoordinator.java:323] [Consumer clientId=consumer-test-consumer-group-3, groupId=test-consumer-group] Notifying assignor about the new Assignment(partitions=[like-0, comment-0, follow-0])
2025-03-20 22:11:33,839 INFO [org.springframework.kafka.KafkaListenerEndpointContainer#0-0-C-1] o.a.k.c.c.i.ConsumerRebalanceListenerInvoker [ConsumerRebalanceListenerInvoker.java:57] [Consumer clientId=consumer-test-consumer-group-3, groupId=test-consumer-group] Adding newly assigned partitions: comment-0, follow-0, like-0
2025-03-20 22:11:33,840 INFO [org.springframework.kafka.KafkaListenerEndpointContainer#0-0-C-1] o.a.k.c.c.i.ConsumerUtils [ConsumerUtils.java:201] Setting offset for partition comment-0 to the committed offset FetchPosition{offset=3, offsetEpoch=Optional[0], currentLeader=LeaderAndEpoch{leader=Optional[10.99.237.116:9092 (id: 0 rack: null)], epoch=absent}}
2025-03-20 22:11:33,840 INFO [org.springframework.kafka.KafkaListenerEndpointContainer#0-0-C-1] o.a.k.c.c.i.ConsumerUtils [ConsumerUtils.java:201] Setting offset for partition like-0 to the committed offset FetchPosition{offset=0, offsetEpoch=Optional.empty, currentLeader=LeaderAndEpoch{leader=Optional[10.99.237.116:9092 (id: 0 rack: null)], epoch=absent}}
2025-03-20 22:11:33,840 INFO [org.springframework.kafka.KafkaListenerEndpointContainer#0-0-C-1] o.a.k.c.c.i.ConsumerUtils [ConsumerUtils.java:201] Setting offset for partition follow-0 to the committed offset FetchPosition{offset=0, offsetEpoch=Optional.empty, currentLeader=LeaderAndEpoch{leader=Optional[10.99.237.116:9092 (id: 0 rack: null)], epoch=absent}}
2025-03-20 22:11:33,840 INFO [org.springframework.kafka.KafkaListenerEndpointContainer#0-0-C-1] o.s.k.l.KafkaMessageListenerContainer [LogAccessor.java:292] test-consumer-group: partitions assigned: [comment-0, follow-0, like-0]
2025-03-20 22:11:33,852 INFO [http-nio-8080-exec-1] o.a.c.c.C.[.[.[/community] [DirectJDKLog.java:173] Initializing Spring DispatcherServlet 'dispatcherServlet'
2025-03-20 22:11:33,852 INFO [http-nio-8080-exec-1] o.s.w.s.DispatcherServlet [FrameworkServlet.java:532] Initializing Servlet 'dispatcherServlet'
2025-03-20 22:11:33,854 INFO [http-nio-8080-exec-1] o.s.w.s.DispatcherServlet [FrameworkServlet.java:554] Completed initialization in 2 ms
2025-03-20 22:11:33,856 INFO [http-nio-8080-exec-1] c.n.c.a.ServiceLogAspect [ServiceLogAspect.java:39] 用户[0:0:0:0:0:0:0:1],在[2025-03-20 22:11:33],访问了[com.nowcoder.community.service.UserService.findLoginTicket].
2025-03-20 22:11:33,895 INFO [http-nio-8080-exec-1] c.n.c.a.ServiceLogAspect [ServiceLogAspect.java:39] 用户[0:0:0:0:0:0:0:1],在[2025-03-20 22:11:33],访问了[com.nowcoder.community.service.UserService.findUserById].
2025-03-20 22:11:33,897 INFO [http-nio-8080-exec-1] c.n.c.a.ServiceLogAspect [ServiceLogAspect.java:39] 用户[0:0:0:0:0:0:0:1],在[2025-03-20 22:11:33],访问了[com.nowcoder.community.service.MessageService.findLatestNotice].
2025-03-20 22:11:33,898 INFO [http-nio-8080-exec-1] c.z.h.HikariDataSource [HikariDataSource.java:109] HikariPool-3 - Starting...
2025-03-20 22:11:33,901 INFO [http-nio-8080-exec-1] c.z.h.p.HikariPool [HikariPool.java:554] HikariPool-3 - Added connection com.mysql.cj.jdbc.ConnectionImpl@64f0f43f
2025-03-20 22:11:33,901 INFO [http-nio-8080-exec-1] c.z.h.HikariDataSource [HikariDataSource.java:122] HikariPool-3 - Start completed.
2025-03-20 22:11:33,911 INFO [http-nio-8080-exec-1] c.n.c.a.ServiceLogAspect [ServiceLogAspect.java:39] 用户[0:0:0:0:0:0:0:1],在[2025-03-20 22:11:33],访问了[com.nowcoder.community.service.UserService.findUserById].
2025-03-20 22:11:33,912 INFO [http-nio-8080-exec-1] c.n.c.a.ServiceLogAspect [ServiceLogAspect.java:39] 用户[0:0:0:0:0:0:0:1],在[2025-03-20 22:11:33],访问了[com.nowcoder.community.service.MessageService.findNoticeCount].
2025-03-20 22:11:33,913 INFO [http-nio-8080-exec-1] c.n.c.a.ServiceLogAspect [ServiceLogAspect.java:39] 用户[0:0:0:0:0:0:0:1],在[2025-03-20 22:11:33],访问了[com.nowcoder.community.service.MessageService.findNoticeUnreadCount].
2025-03-20 22:11:33,914 INFO [http-nio-8080-exec-1] c.n.c.a.ServiceLogAspect [ServiceLogAspect.java:39] 用户[0:0:0:0:0:0:0:1],在[2025-03-20 22:11:33],访问了[com.nowcoder.community.service.MessageService.findLatestNotice].
2025-03-20 22:11:33,922 INFO [http-nio-8080-exec-1] c.n.c.a.ServiceLogAspect [ServiceLogAspect.java:39] 用户[0:0:0:0:0:0:0:1],在[2025-03-20 22:11:33],访问了[com.nowcoder.community.service.UserService.findUserById].
2025-03-20 22:11:33,922 INFO [http-nio-8080-exec-1] c.n.c.a.ServiceLogAspect [ServiceLogAspect.java:39] 用户[0:0:0:0:0:0:0:1],在[2025-03-20 22:11:33],访问了[com.nowcoder.community.service.MessageService.findNoticeCount].
2025-03-20 22:11:33,930 INFO [http-nio-8080-exec-1] c.n.c.a.ServiceLogAspect [ServiceLogAspect.java:39] 用户[0:0:0:0:0:0:0:1],在[2025-03-20 22:11:33],访问了[com.nowcoder.community.service.MessageService.findNoticeUnreadCount].
2025-03-20 22:11:33,937 INFO [http-nio-8080-exec-1] c.n.c.a.ServiceLogAspect [ServiceLogAspect.java:39] 用户[0:0:0:0:0:0:0:1],在[2025-03-20 22:11:33],访问了[com.nowcoder.community.service.MessageService.findLatestNotice].
2025-03-20 22:11:33,945 INFO [http-nio-8080-exec-1] c.n.c.a.ServiceLogAspect [ServiceLogAspect.java:39] 用户[0:0:0:0:0:0:0:1],在[2025-03-20 22:11:33],访问了[com.nowcoder.community.service.UserService.findUserById].
2025-03-20 22:11:33,946 INFO [http-nio-8080-exec-1] c.n.c.a.ServiceLogAspect [ServiceLogAspect.java:39] 用户[0:0:0:0:0:0:0:1],在[2025-03-20 22:11:33],访问了[com.nowcoder.community.service.MessageService.findNoticeCount].
2025-03-20 22:11:33,954 INFO [http-nio-8080-exec-1] c.n.c.a.ServiceLogAspect [ServiceLogAspect.java:39] 用户[0:0:0:0:0:0:0:1],在[2025-03-20 22:11:33],访问了[com.nowcoder.community.service.MessageService.findNoticeUnreadCount].
2025-03-20 22:11:33,960 INFO [http-nio-8080-exec-1] c.n.c.a.ServiceLogAspect [ServiceLogAspect.java:39] 用户[0:0:0:0:0:0:0:1],在[2025-03-20 22:11:33],访问了[com.nowcoder.community.service.MessageService.findLetterUnreadCount].
2025-03-20 22:11:33,962 INFO [http-nio-8080-exec-1] c.n.c.a.ServiceLogAspect [ServiceLogAspect.java:39] 用户[0:0:0:0:0:0:0:1],在[2025-03-20 22:11:33],访问了[com.nowcoder.community.service.MessageService.findNoticeUnreadCount].
2025-03-20 22:11:34,827 INFO [http-nio-8080-exec-5] c.n.c.a.ServiceLogAspect [ServiceLogAspect.java:39] 用户[127.0.0.1],在[2025-03-20 22:11:34],访问了[com.nowcoder.community.service.UserService.findLoginTicket].
2025-03-20 22:11:34,828 INFO [http-nio-8080-exec-5] c.n.c.a.ServiceLogAspect [ServiceLogAspect.java:39] 用户[127.0.0.1],在[2025-03-20 22:11:34],访问了[com.nowcoder.community.service.UserService.findUserById].
2025-03-20 22:11:34,829 INFO [http-nio-8080-exec-5] c.n.c.a.ServiceLogAspect [ServiceLogAspect.java:39] 用户[127.0.0.1],在[2025-03-20 22:11:34],访问了[com.nowcoder.community.service.MessageService.findConversationCount].
2025-03-20 22:11:34,839 INFO [http-nio-8080-exec-5] c.n.c.a.ServiceLogAspect [ServiceLogAspect.java:39] 用户[127.0.0.1],在[2025-03-20 22:11:34],访问了[com.nowcoder.community.service.MessageService.findConversations].
2025-03-20 22:11:34,848 INFO [http-nio-8080-exec-5] c.n.c.a.ServiceLogAspect [ServiceLogAspect.java:39] 用户[127.0.0.1],在[2025-03-20 22:11:34],访问了[com.nowcoder.community.service.MessageService.findLetterCount].
2025-03-20 22:11:34,848 INFO [http-nio-8080-exec-5] c.n.c.a.ServiceLogAspect [ServiceLogAspect.java:39] 用户[127.0.0.1],在[2025-03-20 22:11:34],访问了[com.nowcoder.community.service.MessageService.findLetterUnreadCount].
2025-03-20 22:11:34,857 INFO [http-nio-8080-exec-5] c.n.c.a.ServiceLogAspect [ServiceLogAspect.java:39] 用户[127.0.0.1],在[2025-03-20 22:11:34],访问了[com.nowcoder.community.service.UserService.findUserById].
2025-03-20 22:11:34,857 INFO [http-nio-8080-exec-5] c.n.c.a.ServiceLogAspect [ServiceLogAspect.java:39] 用户[127.0.0.1],在[2025-03-20 22:11:34],访问了[com.nowcoder.community.service.MessageService.findLetterCount].
2025-03-20 22:11:34,859 INFO [http-nio-8080-exec-5] c.n.c.a.ServiceLogAspect [ServiceLogAspect.java:39] 用户[127.0.0.1],在[2025-03-20 22:11:34],访问了[com.nowcoder.community.service.MessageService.findLetterUnreadCount].
2025-03-20 22:11:34,866 INFO [http-nio-8080-exec-5] c.n.c.a.ServiceLogAspect [ServiceLogAspect.java:39] 用户[127.0.0.1],在[2025-03-20 22:11:34],访问了[com.nowcoder.community.service.UserService.findUserById].
2025-03-20 22:11:34,866 INFO [http-nio-8080-exec-5] c.n.c.a.ServiceLogAspect [ServiceLogAspect.java:39] 用户[127.0.0.1],在[2025-03-20 22:11:34],访问了[com.nowcoder.community.service.MessageService.findLetterCount].
2025-03-20 22:11:34,867 INFO [http-nio-8080-exec-5] c.n.c.a.ServiceLogAspect [ServiceLogAspect.java:39] 用户[127.0.0.1],在[2025-03-20 22:11:34],访问了[com.nowcoder.community.service.MessageService.findLetterUnreadCount].
2025-03-20 22:11:34,868 INFO [http-nio-8080-exec-5] c.n.c.a.ServiceLogAspect [ServiceLogAspect.java:39] 用户[127.0.0.1],在[2025-03-20 22:11:34],访问了[com.nowcoder.community.service.UserService.findUserById].
2025-03-20 22:11:34,868 INFO [http-nio-8080-exec-5] c.n.c.a.ServiceLogAspect [ServiceLogAspect.java:39] 用户[127.0.0.1],在[2025-03-20 22:11:34],访问了[com.nowcoder.community.service.MessageService.findLetterCount].
2025-03-20 22:11:34,870 INFO [http-nio-8080-exec-5] c.n.c.a.ServiceLogAspect [ServiceLogAspect.java:39] 用户[127.0.0.1],在[2025-03-20 22:11:34],访问了[com.nowcoder.community.service.MessageService.findLetterUnreadCount].
2025-03-20 22:11:34,877 INFO [http-nio-8080-exec-5] c.n.c.a.ServiceLogAspect [ServiceLogAspect.java:39] 用户[127.0.0.1],在[2025-03-20 22:11:34],访问了[com.nowcoder.community.service.UserService.findUserById].
2025-03-20 22:11:34,877 INFO [http-nio-8080-exec-5] c.n.c.a.ServiceLogAspect [ServiceLogAspect.java:39] 用户[127.0.0.1],在[2025-03-20 22:11:34],访问了[com.nowcoder.community.service.MessageService.findLetterCount].
2025-03-20 22:11:34,878 INFO [http-nio-8080-exec-5] c.n.c.a.ServiceLogAspect [ServiceLogAspect.java:39] 用户[127.0.0.1],在[2025-03-20 22:11:34],访问了[com.nowcoder.community.service.MessageService.findLetterUnreadCount].
2025-03-20 22:11:34,886 INFO [http-nio-8080-exec-5] c.n.c.a.ServiceLogAspect [ServiceLogAspect.java:39] 用户[127.0.0.1],在[2025-03-20 22:11:34],访问了[com.nowcoder.community.service.UserService.findUserById].
2025-03-20 22:11:34,886 INFO [http-nio-8080-exec-5] c.n.c.a.ServiceLogAspect [ServiceLogAspect.java:39] 用户[127.0.0.1],在[2025-03-20 22:11:34],访问了[com.nowcoder.community.service.MessageService.findLetterUnreadCount].
2025-03-20 22:11:34,887 INFO [http-nio-8080-exec-5] c.n.c.a.ServiceLogAspect [ServiceLogAspect.java:39] 用户[127.0.0.1],在[2025-03-20 22:11:34],访问了[com.nowcoder.community.service.MessageService.findNoticeUnreadCount].
2025-03-20 22:11:35,928 INFO [http-nio-8080-exec-10] c.n.c.a.ServiceLogAspect [ServiceLogAspect.java:39] 用户[127.0.0.1],在[2025-03-20 22:11:35],访问了[com.nowcoder.community.service.UserService.findLoginTicket].
2025-03-20 22:11:35,929 INFO [http-nio-8080-exec-10] c.n.c.a.ServiceLogAspect [ServiceLogAspect.java:39] 用户[127.0.0.1],在[2025-03-20 22:11:35],访问了[com.nowcoder.community.service.UserService.findUserById].
2025-03-20 22:11:35,930 INFO [http-nio-8080-exec-10] c.n.c.a.ServiceLogAspect [ServiceLogAspect.java:39] 用户[127.0.0.1],在[2025-03-20 22:11:35],访问了[com.nowcoder.community.service.MessageService.findLatestNotice].
2025-03-20 22:11:35,932 INFO [http-nio-8080-exec-10] c.n.c.a.ServiceLogAspect [ServiceLogAspect.java:39] 用户[127.0.0.1],在[2025-03-20 22:11:35],访问了[com.nowcoder.community.service.UserService.findUserById].
2025-03-20 22:11:35,932 INFO [http-nio-8080-exec-10] c.n.c.a.ServiceLogAspect [ServiceLogAspect.java:39] 用户[127.0.0.1],在[2025-03-20 22:11:35],访问了[com.nowcoder.community.service.MessageService.findNoticeCount].
2025-03-20 22:11:35,934 INFO [http-nio-8080-exec-10] c.n.c.a.ServiceLogAspect [ServiceLogAspect.java:39] 用户[127.0.0.1],在[2025-03-20 22:11:35],访问了[com.nowcoder.community.service.MessageService.findNoticeUnreadCount].
2025-03-20 22:11:35,934 INFO [http-nio-8080-exec-10] c.n.c.a.ServiceLogAspect [ServiceLogAspect.java:39] 用户[127.0.0.1],在[2025-03-20 22:11:35],访问了[com.nowcoder.community.service.MessageService.findLatestNotice].
2025-03-20 22:11:35,942 INFO [http-nio-8080-exec-10] c.n.c.a.ServiceLogAspect [ServiceLogAspect.java:39] 用户[127.0.0.1],在[2025-03-20 22:11:35],访问了[com.nowcoder.community.service.UserService.findUserById].
2025-03-20 22:11:35,943 INFO [http-nio-8080-exec-10] c.n.c.a.ServiceLogAspect [ServiceLogAspect.java:39] 用户[127.0.0.1],在[2025-03-20 22:11:35],访问了[com.nowcoder.community.service.MessageService.findNoticeCount].
2025-03-20 22:11:35,950 INFO [http-nio-8080-exec-10] c.n.c.a.ServiceLogAspect [ServiceLogAspect.java:39] 用户[127.0.0.1],在[2025-03-20 22:11:35],访问了[com.nowcoder.community.service.MessageService.findNoticeUnreadCount].
2025-03-20 22:11:35,958 INFO [http-nio-8080-exec-10] c.n.c.a.ServiceLogAspect [ServiceLogAspect.java:39] 用户[127.0.0.1],在[2025-03-20 22:11:35],访问了[com.nowcoder.community.service.MessageService.findLatestNotice].
2025-03-20 22:11:35,965 INFO [http-nio-8080-exec-10] c.n.c.a.ServiceLogAspect [ServiceLogAspect.java:39] 用户[127.0.0.1],在[2025-03-20 22:11:35],访问了[com.nowcoder.community.service.UserService.findUserById].
2025-03-20 22:11:35,966 INFO [http-nio-8080-exec-10] c.n.c.a.ServiceLogAspect [ServiceLogAspect.java:39] 用户[127.0.0.1],在[2025-03-20 22:11:35],访问了[com.nowcoder.community.service.MessageService.findNoticeCount].
2025-03-20 22:11:35,972 INFO [http-nio-8080-exec-10] c.n.c.a.ServiceLogAspect [ServiceLogAspect.java:39] 用户[127.0.0.1],在[2025-03-20 22:11:35],访问了[com.nowcoder.community.service.MessageService.findNoticeUnreadCount].
2025-03-20 22:11:35,980 INFO [http-nio-8080-exec-10] c.n.c.a.ServiceLogAspect [ServiceLogAspect.java:39] 用户[127.0.0.1],在[2025-03-20 22:11:35],访问了[com.nowcoder.community.service.MessageService.findLetterUnreadCount].
2025-03-20 22:11:35,981 INFO [http-nio-8080-exec-10] c.n.c.a.ServiceLogAspect [ServiceLogAspect.java:39] 用户[127.0.0.1],在[2025-03-20 22:11:35],访问了[com.nowcoder.community.service.MessageService.findNoticeUnreadCount].
2025-03-20 22:11:36,533 INFO [http-nio-8080-exec-3] c.n.c.a.ServiceLogAspect [ServiceLogAspect.java:39] 用户[0:0:0:0:0:0:0:1],在[2025-03-20 22:11:36],访问了[com.nowcoder.community.service.UserService.findLoginTicket].
2025-03-20 22:11:36,535 INFO [http-nio-8080-exec-3] c.n.c.a.ServiceLogAspect [ServiceLogAspect.java:39] 用户[0:0:0:0:0:0:0:1],在[2025-03-20 22:11:36],访问了[com.nowcoder.community.service.UserService.findUserById].
2025-03-20 22:11:36,535 INFO [http-nio-8080-exec-3] c.n.c.a.ServiceLogAspect [ServiceLogAspect.java:39] 用户[0:0:0:0:0:0:0:1],在[2025-03-20 22:11:36],访问了[com.nowcoder.community.service.MessageService.findConversationCount].
2025-03-20 22:11:36,544 INFO [http-nio-8080-exec-3] c.n.c.a.ServiceLogAspect [ServiceLogAspect.java:39] 用户[0:0:0:0:0:0:0:1],在[2025-03-20 22:11:36],访问了[com.nowcoder.community.service.MessageService.findConversations].
2025-03-20 22:11:36,554 INFO [http-nio-8080-exec-3] c.n.c.a.ServiceLogAspect [ServiceLogAspect.java:39] 用户[0:0:0:0:0:0:0:1],在[2025-03-20 22:11:36],访问了[com.nowcoder.community.service.MessageService.findLetterCount].
2025-03-20 22:11:36,555 INFO [http-nio-8080-exec-3] c.n.c.a.ServiceLogAspect [ServiceLogAspect.java:39] 用户[0:0:0:0:0:0:0:1],在[2025-03-20 22:11:36],访问了[com.nowcoder.community.service.MessageService.findLetterUnreadCount].
2025-03-20 22:11:36,563 INFO [http-nio-8080-exec-3] c.n.c.a.ServiceLogAspect [ServiceLogAspect.java:39] 用户[0:0:0:0:0:0:0:1],在[2025-03-20 22:11:36],访问了[com.nowcoder.community.service.UserService.findUserById].
2025-03-20 22:11:36,565 INFO [http-nio-8080-exec-3] c.n.c.a.ServiceLogAspect [ServiceLogAspect.java:39] 用户[0:0:0:0:0:0:0:1],在[2025-03-20 22:11:36],访问了[com.nowcoder.community.service.MessageService.findLetterCount].
2025-03-20 22:11:36,566 INFO [http-nio-8080-exec-3] c.n.c.a.ServiceLogAspect [ServiceLogAspect.java:39] 用户[0:0:0:0:0:0:0:1],在[2025-03-20 22:11:36],访问了[com.nowcoder.community.service.MessageService.findLetterUnreadCount].
2025-03-20 22:11:36,574 INFO [http-nio-8080-exec-3] c.n.c.a.ServiceLogAspect [ServiceLogAspect.java:39] 用户[0:0:0:0:0:0:0:1],在[2025-03-20 22:11:36],访问了[com.nowcoder.community.service.UserService.findUserById].
2025-03-20 22:11:36,575 INFO [http-nio-8080-exec-3] c.n.c.a.ServiceLogAspect [ServiceLogAspect.java:39] 用户[0:0:0:0:0:0:0:1],在[2025-03-20 22:11:36],访问了[com.nowcoder.community.service.MessageService.findLetterCount].
2025-03-20 22:11:36,576 INFO [http-nio-8080-exec-3] c.n.c.a.ServiceLogAspect [ServiceLogAspect.java:39] 用户[0:0:0:0:0:0:0:1],在[2025-03-20 22:11:36],访问了[com.nowcoder.community.service.MessageService.findLetterUnreadCount].
2025-03-20 22:11:36,577 INFO [http-nio-8080-exec-3] c.n.c.a.ServiceLogAspect [ServiceLogAspect.java:39] 用户[0:0:0:0:0:0:0:1],在[2025-03-20 22:11:36],访问了[com.nowcoder.community.service.UserService.findUserById].
2025-03-20 22:11:36,577 INFO [http-nio-8080-exec-3] c.n.c.a.ServiceLogAspect [ServiceLogAspect.java:39] 用户[0:0:0:0:0:0:0:1],在[2025-03-20 22:11:36],访问了[com.nowcoder.community.service.MessageService.findLetterCount].
2025-03-20 22:11:36,578 INFO [http-nio-8080-exec-3] c.n.c.a.ServiceLogAspect [ServiceLogAspect.java:39] 用户[0:0:0:0:0:0:0:1],在[2025-03-20 22:11:36],访问了[com.nowcoder.community.service.MessageService.findLetterUnreadCount].
2025-03-20 22:11:36,585 INFO [http-nio-8080-exec-3] c.n.c.a.ServiceLogAspect [ServiceLogAspect.java:39] 用户[0:0:0:0:0:0:0:1],在[2025-03-20 22:11:36],访问了[com.nowcoder.community.service.UserService.findUserById].
2025-03-20 22:11:36,586 INFO [http-nio-8080-exec-3] c.n.c.a.ServiceLogAspect [ServiceLogAspect.java:39] 用户[0:0:0:0:0:0:0:1],在[2025-03-20 22:11:36],访问了[com.nowcoder.community.service.MessageService.findLetterCount].
2025-03-20 22:11:36,587 INFO [http-nio-8080-exec-3] c.n.c.a.ServiceLogAspect [ServiceLogAspect.java:39] 用户[0:0:0:0:0:0:0:1],在[2025-03-20 22:11:36],访问了[com.nowcoder.community.service.MessageService.findLetterUnreadCount].
2025-03-20 22:11:36,596 INFO [http-nio-8080-exec-3] c.n.c.a.ServiceLogAspect [ServiceLogAspect.java:39] 用户[0:0:0:0:0:0:0:1],在[2025-03-20 22:11:36],访问了[com.nowcoder.community.service.UserService.findUserById].
2025-03-20 22:11:36,597 INFO [http-nio-8080-exec-3] c.n.c.a.ServiceLogAspect [ServiceLogAspect.java:39] 用户[0:0:0:0:0:0:0:1],在[2025-03-20 22:11:36],访问了[com.nowcoder.community.service.MessageService.findLetterUnreadCount].
2025-03-20 22:11:36,599 INFO [http-nio-8080-exec-3] c.n.c.a.ServiceLogAspect [ServiceLogAspect.java:39] 用户[0:0:0:0:0:0:0:1],在[2025-03-20 22:11:36],访问了[com.nowcoder.community.service.MessageService.findNoticeUnreadCount].
2025-03-20 22:11:40,161 INFO [http-nio-8080-exec-9] c.n.c.a.ServiceLogAspect [ServiceLogAspect.java:39] 用户[0:0:0:0:0:0:0:1],在[2025-03-20 22:11:40],访问了[com.nowcoder.community.service.UserService.findLoginTicket].
2025-03-20 22:11:40,161 INFO [http-nio-8080-exec-9] c.n.c.a.ServiceLogAspect [ServiceLogAspect.java:39] 用户[0:0:0:0:0:0:0:1],在[2025-03-20 22:11:40],访问了[com.nowcoder.community.service.UserService.findUserById].
2025-03-20 22:11:40,162 INFO [http-nio-8080-exec-9] c.n.c.a.ServiceLogAspect [ServiceLogAspect.java:39] 用户[0:0:0:0:0:0:0:1],在[2025-03-20 22:11:40],访问了[com.nowcoder.community.service.MessageService.findLatestNotice].
2025-03-20 22:11:40,164 INFO [http-nio-8080-exec-9] c.n.c.a.ServiceLogAspect [ServiceLogAspect.java:39] 用户[0:0:0:0:0:0:0:1],在[2025-03-20 22:11:40],访问了[com.nowcoder.community.service.UserService.findUserById].
2025-03-20 22:11:40,164 INFO [http-nio-8080-exec-9] c.n.c.a.ServiceLogAspect [ServiceLogAspect.java:39] 用户[0:0:0:0:0:0:0:1],在[2025-03-20 22:11:40],访问了[com.nowcoder.community.service.MessageService.findNoticeCount].
2025-03-20 22:11:40,166 INFO [http-nio-8080-exec-9] c.n.c.a.ServiceLogAspect [ServiceLogAspect.java:39] 用户[0:0:0:0:0:0:0:1],在[2025-03-20 22:11:40],访问了[com.nowcoder.community.service.MessageService.findNoticeUnreadCount].
2025-03-20 22:11:40,166 INFO [http-nio-8080-exec-9] c.n.c.a.ServiceLogAspect [ServiceLogAspect.java:39] 用户[0:0:0:0:0:0:0:1],在[2025-03-20 22:11:40],访问了[com.nowcoder.community.service.MessageService.findLatestNotice].
2025-03-20 22:11:40,174 INFO [http-nio-8080-exec-9] c.n.c.a.ServiceLogAspect [ServiceLogAspect.java:39] 用户[0:0:0:0:0:0:0:1],在[2025-03-20 22:11:40],访问了[com.nowcoder.community.service.UserService.findUserById].
2025-03-20 22:11:40,174 INFO [http-nio-8080-exec-9] c.n.c.a.ServiceLogAspect [ServiceLogAspect.java:39] 用户[0:0:0:0:0:0:0:1],在[2025-03-20 22:11:40],访问了[com.nowcoder.community.service.MessageService.findNoticeCount].
2025-03-20 22:11:40,182 INFO [http-nio-8080-exec-9] c.n.c.a.ServiceLogAspect [ServiceLogAspect.java:39] 用户[0:0:0:0:0:0:0:1],在[2025-03-20 22:11:40],访问了[com.nowcoder.community.service.MessageService.findNoticeUnreadCount].
2025-03-20 22:11:40,189 INFO [http-nio-8080-exec-9] c.n.c.a.ServiceLogAspect [ServiceLogAspect.java:39] 用户[0:0:0:0:0:0:0:1],在[2025-03-20 22:11:40],访问了[com.nowcoder.community.service.MessageService.findLatestNotice].
2025-03-20 22:11:40,197 INFO [http-nio-8080-exec-9] c.n.c.a.ServiceLogAspect [ServiceLogAspect.java:39] 用户[0:0:0:0:0:0:0:1],在[2025-03-20 22:11:40],访问了[com.nowcoder.community.service.UserService.findUserById].
2025-03-20 22:11:40,198 INFO [http-nio-8080-exec-9] c.n.c.a.ServiceLogAspect [ServiceLogAspect.java:39] 用户[0:0:0:0:0:0:0:1],在[2025-03-20 22:11:40],访问了[com.nowcoder.community.service.MessageService.findNoticeCount].
2025-03-20 22:11:40,205 INFO [http-nio-8080-exec-9] c.n.c.a.ServiceLogAspect [ServiceLogAspect.java:39] 用户[0:0:0:0:0:0:0:1],在[2025-03-20 22:11:40],访问了[com.nowcoder.community.service.MessageService.findNoticeUnreadCount].
2025-03-20 22:11:40,213 INFO [http-nio-8080-exec-9] c.n.c.a.ServiceLogAspect [ServiceLogAspect.java:39] 用户[0:0:0:0:0:0:0:1],在[2025-03-20 22:11:40],访问了[com.nowcoder.community.service.MessageService.findLetterUnreadCount].
2025-03-20 22:11:40,214 INFO [http-nio-8080-exec-9] c.n.c.a.ServiceLogAspect [ServiceLogAspect.java:39] 用户[0:0:0:0:0:0:0:1],在[2025-03-20 22:11:40],访问了[com.nowcoder.community.service.MessageService.findNoticeUnreadCount].
2025-03-20 22:11:41,345 INFO [http-nio-8080-exec-2] c.n.c.a.ServiceLogAspect [ServiceLogAspect.java:39] 用户[127.0.0.1],在[2025-03-20 22:11:41],访问了[com.nowcoder.community.service.UserService.findLoginTicket].
2025-03-20 22:11:41,346 INFO [http-nio-8080-exec-2] c.n.c.a.ServiceLogAspect [ServiceLogAspect.java:39] 用户[127.0.0.1],在[2025-03-20 22:11:41],访问了[com.nowcoder.community.service.UserService.findUserById].
2025-03-20 22:11:41,346 INFO [http-nio-8080-exec-2] c.n.c.a.ServiceLogAspect [ServiceLogAspect.java:39] 用户[127.0.0.1],在[2025-03-20 22:11:41],访问了[com.nowcoder.community.service.MessageService.findConversationCount].
2025-03-20 22:11:41,354 INFO [http-nio-8080-exec-2] c.n.c.a.ServiceLogAspect [ServiceLogAspect.java:39] 用户[127.0.0.1],在[2025-03-20 22:11:41],访问了[com.nowcoder.community.service.MessageService.findConversations].
2025-03-20 22:11:41,363 INFO [http-nio-8080-exec-2] c.n.c.a.ServiceLogAspect [ServiceLogAspect.java:39] 用户[127.0.0.1],在[2025-03-20 22:11:41],访问了[com.nowcoder.community.service.MessageService.findLetterCount].
2025-03-20 22:11:41,364 INFO [http-nio-8080-exec-2] c.n.c.a.ServiceLogAspect [ServiceLogAspect.java:39] 用户[127.0.0.1],在[2025-03-20 22:11:41],访问了[com.nowcoder.community.service.MessageService.findLetterUnreadCount].
2025-03-20 22:11:41,371 INFO [http-nio-8080-exec-2] c.n.c.a.ServiceLogAspect [ServiceLogAspect.java:39] 用户[127.0.0.1],在[2025-03-20 22:11:41],访问了[com.nowcoder.community.service.UserService.findUserById].
2025-03-20 22:11:41,372 INFO [http-nio-8080-exec-2] c.n.c.a.ServiceLogAspect [ServiceLogAspect.java:39] 用户[127.0.0.1],在[2025-03-20 22:11:41],访问了[com.nowcoder.community.service.MessageService.findLetterCount].
2025-03-20 22:11:41,373 INFO [http-nio-8080-exec-2] c.n.c.a.ServiceLogAspect [ServiceLogAspect.java:39] 用户[127.0.0.1],在[2025-03-20 22:11:41],访问了[com.nowcoder.community.service.MessageService.findLetterUnreadCount].
2025-03-20 22:11:41,380 INFO [http-nio-8080-exec-2] c.n.c.a.ServiceLogAspect [ServiceLogAspect.java:39] 用户[127.0.0.1],在[2025-03-20 22:11:41],访问了[com.nowcoder.community.service.UserService.findUserById].
2025-03-20 22:11:41,381 INFO [http-nio-8080-exec-2] c.n.c.a.ServiceLogAspect [ServiceLogAspect.java:39] 用户[127.0.0.1],在[2025-03-20 22:11:41],访问了[com.nowcoder.community.service.MessageService.findLetterCount].
2025-03-20 22:11:41,382 INFO [http-nio-8080-exec-2] c.n.c.a.ServiceLogAspect [ServiceLogAspect.java:39] 用户[127.0.0.1],在[2025-03-20 22:11:41],访问了[com.nowcoder.community.service.MessageService.findLetterUnreadCount].
2025-03-20 22:11:41,382 INFO [http-nio-8080-exec-2] c.n.c.a.ServiceLogAspect [ServiceLogAspect.java:39] 用户[127.0.0.1],在[2025-03-20 22:11:41],访问了[com.nowcoder.community.service.UserService.findUserById].
2025-03-20 22:11:41,382 INFO [http-nio-8080-exec-2] c.n.c.a.ServiceLogAspect [ServiceLogAspect.java:39] 用户[127.0.0.1],在[2025-03-20 22:11:41],访问了[com.nowcoder.community.service.MessageService.findLetterCount].
2025-03-20 22:11:41,383 INFO [http-nio-8080-exec-2] c.n.c.a.ServiceLogAspect [ServiceLogAspect.java:39] 用户[127.0.0.1],在[2025-03-20 22:11:41],访问了[com.nowcoder.community.service.MessageService.findLetterUnreadCount].
2025-03-20 22:11:41,390 INFO [http-nio-8080-exec-2] c.n.c.a.ServiceLogAspect [ServiceLogAspect.java:39] 用户[127.0.0.1],在[2025-03-20 22:11:41],访问了[com.nowcoder.community.service.UserService.findUserById].
2025-03-20 22:11:41,390 INFO [http-nio-8080-exec-2] c.n.c.a.ServiceLogAspect [ServiceLogAspect.java:39] 用户[127.0.0.1],在[2025-03-20 22:11:41],访问了[com.nowcoder.community.service.MessageService.findLetterCount].
2025-03-20 22:11:41,391 INFO [http-nio-8080-exec-2] c.n.c.a.ServiceLogAspect [ServiceLogAspect.java:39] 用户[127.0.0.1],在[2025-03-20 22:11:41],访问了[com.nowcoder.community.service.MessageService.findLetterUnreadCount].
2025-03-20 22:11:41,399 INFO [http-nio-8080-exec-2] c.n.c.a.ServiceLogAspect [ServiceLogAspect.java:39] 用户[127.0.0.1],在[2025-03-20 22:11:41],访问了[com.nowcoder.community.service.UserService.findUserById].
2025-03-20 22:11:41,399 INFO [http-nio-8080-exec-2] c.n.c.a.ServiceLogAspect [ServiceLogAspect.java:39] 用户[127.0.0.1],在[2025-03-20 22:11:41],访问了[com.nowcoder.community.service.MessageService.findLetterUnreadCount].
2025-03-20 22:11:41,400 INFO [http-nio-8080-exec-2] c.n.c.a.ServiceLogAspect [ServiceLogAspect.java:39] 用户[127.0.0.1],在[2025-03-20 22:11:41],访问了[com.nowcoder.community.service.MessageService.findNoticeUnreadCount].
2025-03-20 22:11:43,020 INFO [http-nio-8080-exec-8] c.n.c.a.ServiceLogAspect [ServiceLogAspect.java:39] 用户[127.0.0.1],在[2025-03-20 22:11:43],访问了[com.nowcoder.community.service.UserService.findLoginTicket].
2025-03-20 22:11:43,020 INFO [http-nio-8080-exec-8] c.n.c.a.ServiceLogAspect [ServiceLogAspect.java:39] 用户[127.0.0.1],在[2025-03-20 22:11:43],访问了[com.nowcoder.community.service.UserService.findUserById].
2025-03-20 22:11:43,021 INFO [http-nio-8080-exec-8] c.n.c.a.ServiceLogAspect [ServiceLogAspect.java:39] 用户[127.0.0.1],在[2025-03-20 22:11:43],访问了[com.nowcoder.community.service.MessageService.findLatestNotice].
2025-03-20 22:11:43,023 INFO [http-nio-8080-exec-8] c.n.c.a.ServiceLogAspect [ServiceLogAspect.java:39] 用户[127.0.0.1],在[2025-03-20 22:11:43],访问了[com.nowcoder.community.service.UserService.findUserById].
2025-03-20 22:11:43,023 INFO [http-nio-8080-exec-8] c.n.c.a.ServiceLogAspect [ServiceLogAspect.java:39] 用户[127.0.0.1],在[2025-03-20 22:11:43],访问了[com.nowcoder.community.service.MessageService.findNoticeCount].
2025-03-20 22:11:43,025 INFO [http-nio-8080-exec-8] c.n.c.a.ServiceLogAspect [ServiceLogAspect.java:39] 用户[127.0.0.1],在[2025-03-20 22:11:43],访问了[com.nowcoder.community.service.MessageService.findNoticeUnreadCount].
2025-03-20 22:11:43,026 INFO [http-nio-8080-exec-8] c.n.c.a.ServiceLogAspect [ServiceLogAspect.java:39] 用户[127.0.0.1],在[2025-03-20 22:11:43],访问了[com.nowcoder.community.service.MessageService.findLatestNotice].
2025-03-20 22:11:43,033 INFO [http-nio-8080-exec-8] c.n.c.a.ServiceLogAspect [ServiceLogAspect.java:39] 用户[127.0.0.1],在[2025-03-20 22:11:43],访问了[com.nowcoder.community.service.UserService.findUserById].
2025-03-20 22:11:43,034 INFO [http-nio-8080-exec-8] c.n.c.a.ServiceLogAspect [ServiceLogAspect.java:39] 用户[127.0.0.1],在[2025-03-20 22:11:43],访问了[com.nowcoder.community.service.MessageService.findNoticeCount].
2025-03-20 22:11:43,041 INFO [http-nio-8080-exec-8] c.n.c.a.ServiceLogAspect [ServiceLogAspect.java:39] 用户[127.0.0.1],在[2025-03-20 22:11:43],访问了[com.nowcoder.community.service.MessageService.findNoticeUnreadCount].
2025-03-20 22:11:43,049 INFO [http-nio-8080-exec-8] c.n.c.a.ServiceLogAspect [ServiceLogAspect.java:39] 用户[127.0.0.1],在[2025-03-20 22:11:43],访问了[com.nowcoder.community.service.MessageService.findLatestNotice].
2025-03-20 22:11:43,057 INFO [http-nio-8080-exec-8] c.n.c.a.ServiceLogAspect [ServiceLogAspect.java:39] 用户[127.0.0.1],在[2025-03-20 22:11:43],访问了[com.nowcoder.community.service.UserService.findUserById].
2025-03-20 22:11:43,057 INFO [http-nio-8080-exec-8] c.n.c.a.ServiceLogAspect [ServiceLogAspect.java:39] 用户[127.0.0.1],在[2025-03-20 22:11:43],访问了[com.nowcoder.community.service.MessageService.findNoticeCount].
2025-03-20 22:11:43,065 INFO [http-nio-8080-exec-8] c.n.c.a.ServiceLogAspect [ServiceLogAspect.java:39] 用户[127.0.0.1],在[2025-03-20 22:11:43],访问了[com.nowcoder.community.service.MessageService.findNoticeUnreadCount].
2025-03-20 22:11:43,073 INFO [http-nio-8080-exec-8] c.n.c.a.ServiceLogAspect [ServiceLogAspect.java:39] 用户[127.0.0.1],在[2025-03-20 22:11:43],访问了[com.nowcoder.community.service.MessageService.findLetterUnreadCount].
2025-03-20 22:11:43,074 INFO [http-nio-8080-exec-8] c.n.c.a.ServiceLogAspect [ServiceLogAspect.java:39] 用户[127.0.0.1],在[2025-03-20 22:11:43],访问了[com.nowcoder.community.service.MessageService.findNoticeUnreadCount].
2025-03-20 22:11:43,700 INFO [http-nio-8080-exec-4] c.n.c.a.ServiceLogAspect [ServiceLogAspect.java:39] 用户[0:0:0:0:0:0:0:1],在[2025-03-20 22:11:43],访问了[com.nowcoder.community.service.UserService.findLoginTicket].
2025-03-20 22:11:43,702 INFO [http-nio-8080-exec-4] c.n.c.a.ServiceLogAspect [ServiceLogAspect.java:39] 用户[0:0:0:0:0:0:0:1],在[2025-03-20 22:11:43],访问了[com.nowcoder.community.service.UserService.findUserById].
2025-03-20 22:11:43,703 INFO [http-nio-8080-exec-4] c.n.c.a.ServiceLogAspect [ServiceLogAspect.java:39] 用户[0:0:0:0:0:0:0:1],在[2025-03-20 22:11:43],访问了[com.nowcoder.community.service.MessageService.findConversationCount].
2025-03-20 22:11:43,712 INFO [http-nio-8080-exec-4] c.n.c.a.ServiceLogAspect [ServiceLogAspect.java:39] 用户[0:0:0:0:0:0:0:1],在[2025-03-20 22:11:43],访问了[com.nowcoder.community.service.MessageService.findConversations].
2025-03-20 22:11:43,721 INFO [http-nio-8080-exec-4] c.n.c.a.ServiceLogAspect [ServiceLogAspect.java:39] 用户[0:0:0:0:0:0:0:1],在[2025-03-20 22:11:43],访问了[com.nowcoder.community.service.MessageService.findLetterCount].
2025-03-20 22:11:43,723 INFO [http-nio-8080-exec-4] c.n.c.a.ServiceLogAspect [ServiceLogAspect.java:39] 用户[0:0:0:0:0:0:0:1],在[2025-03-20 22:11:43],访问了[com.nowcoder.community.service.MessageService.findLetterUnreadCount].
2025-03-20 22:11:43,730 INFO [http-nio-8080-exec-4] c.n.c.a.ServiceLogAspect [ServiceLogAspect.java:39] 用户[0:0:0:0:0:0:0:1],在[2025-03-20 22:11:43],访问了[com.nowcoder.community.service.UserService.findUserById].
2025-03-20 22:11:43,731 INFO [http-nio-8080-exec-4] c.n.c.a.ServiceLogAspect [ServiceLogAspect.java:39] 用户[0:0:0:0:0:0:0:1],在[2025-03-20 22:11:43],访问了[com.nowcoder.community.service.MessageService.findLetterCount].
2025-03-20 22:11:43,733 INFO [http-nio-8080-exec-4] c.n.c.a.ServiceLogAspect [ServiceLogAspect.java:39] 用户[0:0:0:0:0:0:0:1],在[2025-03-20 22:11:43],访问了[com.nowcoder.community.service.MessageService.findLetterUnreadCount].
2025-03-20 22:11:43,742 INFO [http-nio-8080-exec-4] c.n.c.a.ServiceLogAspect [ServiceLogAspect.java:39] 用户[0:0:0:0:0:0:0:1],在[2025-03-20 22:11:43],访问了[com.nowcoder.community.service.UserService.findUserById].
2025-03-20 22:11:43,742 INFO [http-nio-8080-exec-4] c.n.c.a.ServiceLogAspect [ServiceLogAspect.java:39] 用户[0:0:0:0:0:0:0:1],在[2025-03-20 22:11:43],访问了[com.nowcoder.community.service.MessageService.findLetterCount].
2025-03-20 22:11:43,743 INFO [http-nio-8080-exec-4] c.n.c.a.ServiceLogAspect [ServiceLogAspect.java:39] 用户[0:0:0:0:0:0:0:1],在[2025-03-20 22:11:43],访问了[com.nowcoder.community.service.MessageService.findLetterUnreadCount].
2025-03-20 22:11:43,744 INFO [http-nio-8080-exec-4] c.n.c.a.ServiceLogAspect [ServiceLogAspect.java:39] 用户[0:0:0:0:0:0:0:1],在[2025-03-20 22:11:43],访问了[com.nowcoder.community.service.UserService.findUserById].
2025-03-20 22:11:43,744 INFO [http-nio-8080-exec-4] c.n.c.a.ServiceLogAspect [ServiceLogAspect.java:39] 用户[0:0:0:0:0:0:0:1],在[2025-03-20 22:11:43],访问了[com.nowcoder.community.service.MessageService.findLetterCount].
2025-03-20 22:11:43,745 INFO [http-nio-8080-exec-4] c.n.c.a.ServiceLogAspect [ServiceLogAspect.java:39] 用户[0:0:0:0:0:0:0:1],在[2025-03-20 22:11:43],访问了[com.nowcoder.community.service.MessageService.findLetterUnreadCount].
2025-03-20 22:11:43,753 INFO [http-nio-8080-exec-4] c.n.c.a.ServiceLogAspect [ServiceLogAspect.java:39] 用户[0:0:0:0:0:0:0:1],在[2025-03-20 22:11:43],访问了[com.nowcoder.community.service.UserService.findUserById].
2025-03-20 22:11:43,754 INFO [http-nio-8080-exec-4] c.n.c.a.ServiceLogAspect [ServiceLogAspect.java:39] 用户[0:0:0:0:0:0:0:1],在[2025-03-20 22:11:43],访问了[com.nowcoder.community.service.MessageService.findLetterCount].
2025-03-20 22:11:43,754 INFO [http-nio-8080-exec-4] c.n.c.a.ServiceLogAspect [ServiceLogAspect.java:39] 用户[0:0:0:0:0:0:0:1],在[2025-03-20 22:11:43],访问了[com.nowcoder.community.service.MessageService.findLetterUnreadCount].
2025-03-20 22:11:43,763 INFO [http-nio-8080-exec-4] c.n.c.a.ServiceLogAspect [ServiceLogAspect.java:39] 用户[0:0:0:0:0:0:0:1],在[2025-03-20 22:11:43],访问了[com.nowcoder.community.service.UserService.findUserById].
2025-03-20 22:11:43,764 INFO [http-nio-8080-exec-4] c.n.c.a.ServiceLogAspect [ServiceLogAspect.java:39] 用户[0:0:0:0:0:0:0:1],在[2025-03-20 22:11:43],访问了[com.nowcoder.community.service.MessageService.findLetterUnreadCount].
2025-03-20 22:11:43,765 INFO [http-nio-8080-exec-4] c.n.c.a.ServiceLogAspect [ServiceLogAspect.java:39] 用户[0:0:0:0:0:0:0:1],在[2025-03-20 22:11:43],访问了[com.nowcoder.community.service.MessageService.findNoticeUnreadCount].
2025-03-20 22:12:28,268 INFO [File Watcher] o.s.b.d.a.LocalDevToolsAutoConfiguration$RestartingClassPathChangeChangedEventListener [LocalDevToolsAutoConfiguration.java:211] Restarting due to 1 class path change (0 additions, 1 deletion, 0 modifications)
2025-03-20 22:12:28,270 INFO [org.springframework.kafka.KafkaListenerEndpointContainer#0-0-C-1] o.a.k.c.c.i.ConsumerRebalanceListenerInvoker [ConsumerRebalanceListenerInvoker.java:79] [Consumer clientId=consumer-test-consumer-group-3, groupId=test-consumer-group] Revoke previously assigned partitions comment-0, follow-0, like-0
2025-03-20 22:12:28,270 INFO [org.springframework.kafka.KafkaListenerEndpointContainer#0-0-C-1] o.s.k.l.KafkaMessageListenerContainer [LogAccessor.java:292] test-consumer-group: partitions revoked: [comment-0, follow-0, like-0]
2025-03-20 22:12:28,270 INFO [org.springframework.kafka.KafkaListenerEndpointContainer#0-0-C-1] o.a.k.c.c.i.ConsumerCoordinator [AbstractCoordinator.java:1173] [Consumer clientId=consumer-test-consumer-group-3, groupId=test-consumer-group] Member consumer-test-consumer-group-3-ada88a86-b69f-4bca-8946-f4392e323d70 sending LeaveGroup request to coordinator 10.99.237.116:9092 (id: 2147483647 rack: null) due to the consumer unsubscribed from all topics
2025-03-20 22:12:28,270 INFO [org.springframework.kafka.KafkaListenerEndpointContainer#0-0-C-1] o.a.k.c.c.i.ConsumerCoordinator [AbstractCoordinator.java:1055] [Consumer clientId=consumer-test-consumer-group-3, groupId=test-consumer-group] Resetting generation and member id due to: consumer pro-actively leaving the group
2025-03-20 22:12:28,270 INFO [org.springframework.kafka.KafkaListenerEndpointContainer#0-0-C-1] o.a.k.c.c.i.ConsumerCoordinator [AbstractCoordinator.java:1102] [Consumer clientId=consumer-test-consumer-group-3, groupId=test-consumer-group] Request joining group due to: consumer pro-actively leaving the group
2025-03-20 22:12:28,270 INFO [org.springframework.kafka.KafkaListenerEndpointContainer#0-0-C-1] o.a.k.c.c.i.LegacyKafkaConsumer [LegacyKafkaConsumer.java:547] [Consumer clientId=consumer-test-consumer-group-3, groupId=test-consumer-group] Unsubscribed all topics or patterns and assigned partitions
2025-03-20 22:12:28,271 INFO [org.springframework.kafka.KafkaListenerEndpointContainer#0-0-C-1] o.a.k.c.c.i.ConsumerCoordinator [AbstractCoordinator.java:1055] [Consumer clientId=consumer-test-consumer-group-3, groupId=test-consumer-group] Resetting generation and member id due to: consumer pro-actively leaving the group
2025-03-20 22:12:28,271 INFO [org.springframework.kafka.KafkaListenerEndpointContainer#0-0-C-1] o.a.k.c.c.i.ConsumerCoordinator [AbstractCoordinator.java:1102] [Consumer clientId=consumer-test-consumer-group-3, groupId=test-consumer-group] Request joining group due to: consumer pro-actively leaving the group
2025-03-20 22:12:28,591 INFO [org.springframework.kafka.KafkaListenerEndpointContainer#0-0-C-1] o.a.k.c.m.Metrics [Metrics.java:684] Metrics scheduler closed
2025-03-20 22:12:28,591 INFO [org.springframework.kafka.KafkaListenerEndpointContainer#0-0-C-1] o.a.k.c.m.Metrics [Metrics.java:688] Closing reporter org.apache.kafka.common.metrics.JmxReporter
2025-03-20 22:12:28,591 INFO [org.springframework.kafka.KafkaListenerEndpointContainer#0-0-C-1] o.a.k.c.m.Metrics [Metrics.java:688] Closing reporter org.apache.kafka.common.telemetry.internals.ClientTelemetryReporter
2025-03-20 22:12:28,591 INFO [org.springframework.kafka.KafkaListenerEndpointContainer#0-0-C-1] o.a.k.c.m.Metrics [Metrics.java:694] Metrics reporters closed
2025-03-20 22:12:28,593 INFO [org.springframework.kafka.KafkaListenerEndpointContainer#0-0-C-1] o.a.k.c.u.AppInfoParser [AppInfoParser.java:88] App info kafka.consumer for consumer-test-consumer-group-3 unregistered
2025-03-20 22:12:28,593 INFO [org.springframework.kafka.KafkaListenerEndpointContainer#0-0-C-1] o.s.k.l.KafkaMessageListenerContainer [LogAccessor.java:292] test-consumer-group: Consumer stopped
2025-03-20 22:12:28,593 INFO [Thread-11] o.s.b.w.e.t.GracefulShutdown [GracefulShutdown.java:54] Commencing graceful shutdown. Waiting for active requests to complete
2025-03-20 22:12:28,593 INFO [tomcat-shutdown] o.a.c.h.Http11NioProtocol [DirectJDKLog.java:173] Pausing ProtocolHandler ["http-nio-8080"]
2025-03-20 22:12:28,711 INFO [tomcat-shutdown] o.s.b.w.e.t.GracefulShutdown [GracefulShutdown.java:76] Graceful shutdown complete
2025-03-20 22:12:28,712 INFO [Thread-11] o.a.c.h.Http11NioProtocol [DirectJDKLog.java:173] Stopping ProtocolHandler ["http-nio-8080"]
2025-03-20 22:12:28,716 INFO [Thread-11] c.z.h.HikariDataSource [HikariDataSource.java:349] HikariPool-3 - Shutdown initiated...
2025-03-20 22:12:28,718 INFO [Thread-11] c.z.h.HikariDataSource [HikariDataSource.java:351] HikariPool-3 - Shutdown completed.
2025-03-20 22:12:28,856 INFO [restartedMain] c.n.c.CommunityApplication [StartupInfoLogger.java:53] Starting CommunityApplication using Java 17.0.10 with PID 23036 (E:\javacode\workspace4vscode\nk\community\community\target\classes started by 40782 in E:\javacode\workspace4vscode\nk\community)
2025-03-20 22:12:28,856 INFO [restartedMain] c.n.c.CommunityApplication [SpringApplication.java:652] No active profile set, falling back to 1 default profile: "default"
2025-03-20 22:12:29,177 INFO [restartedMain] o.s.d.r.c.RepositoryConfigurationDelegate [RepositoryConfigurationDelegate.java:295] Multiple Spring Data modules found, entering strict repository configuration mode
2025-03-20 22:12:29,177 INFO [restartedMain] o.s.d.r.c.RepositoryConfigurationDelegate [RepositoryConfigurationDelegate.java:143] Bootstrapping Spring Data Redis repositories in DEFAULT mode.
2025-03-20 22:12:29,191 INFO [restartedMain] o.s.d.r.c.RepositoryConfigurationDelegate [RepositoryConfigurationDelegate.java:211] Finished Spring Data repository scanning in 12 ms. Found 0 Redis repository interfaces.
2025-03-20 22:12:29,351 INFO [restartedMain] o.s.b.w.e.t.TomcatWebServer [TomcatWebServer.java:111] Tomcat initialized with port 8080 (http)
2025-03-20 22:12:29,352 INFO [restartedMain] o.a.c.h.Http11NioProtocol [DirectJDKLog.java:173] Initializing ProtocolHandler ["http-nio-8080"]
2025-03-20 22:12:29,352 INFO [restartedMain] o.a.c.c.StandardService [DirectJDKLog.java:173] Starting service [Tomcat]
2025-03-20 22:12:29,352 INFO [restartedMain] o.a.c.c.StandardEngine [DirectJDKLog.java:173] Starting Servlet engine: [Apache Tomcat/10.1.34]
2025-03-20 22:12:29,412 INFO [restartedMain] o.a.c.c.C.[.[.[/community] [DirectJDKLog.java:173] Initializing Spring embedded WebApplicationContext
2025-03-20 22:12:29,412 INFO [restartedMain] o.s.b.w.s.c.ServletWebServerApplicationContext [ServletWebServerApplicationContext.java:296] Root WebApplicationContext: initialization completed in 553 ms
2025-03-20 22:12:29,787 INFO [restartedMain] o.s.b.a.w.s.WelcomePageHandlerMapping [WelcomePageHandlerMapping.java:59] Adding welcome page template: index
2025-03-20 22:12:30,082 INFO [restartedMain] o.s.b.d.a.OptionalLiveReloadServer [OptionalLiveReloadServer.java:59] LiveReload server is running on port 35729
2025-03-20 22:12:30,095 INFO [restartedMain] o.a.c.h.Http11NioProtocol [DirectJDKLog.java:173] Starting ProtocolHandler ["http-nio-8080"]
2025-03-20 22:12:30,098 INFO [restartedMain] o.s.b.w.e.t.TomcatWebServer [TomcatWebServer.java:243] Tomcat started on port 8080 (http) with context path '/community'
2025-03-20 22:12:30,100 INFO [restartedMain] o.a.k.c.c.ConsumerConfig [AbstractConfig.java:372] ConsumerConfig values: 
	allow.auto.create.topics = true
	auto.commit.interval.ms = 3000
	auto.include.jmx.reporter = true
	auto.offset.reset = latest
	bootstrap.servers = [localhost:9092]
	check.crcs = true
	client.dns.lookup = use_all_dns_ips
	client.id = consumer-test-consumer-group-4
	client.rack = 
	connections.max.idle.ms = 540000
	default.api.timeout.ms = 60000
	enable.auto.commit = true
	enable.metrics.push = true
	exclude.internal.topics = true
	fetch.max.bytes = 52428800
	fetch.max.wait.ms = 500
	fetch.min.bytes = 1
	group.id = test-consumer-group
	group.instance.id = null
	group.protocol = classic
	group.remote.assignor = null
	heartbeat.interval.ms = 3000
	interceptor.classes = []
	internal.leave.group.on.close = true
	internal.throw.on.fetch.stable.offset.unsupported = false
	isolation.level = read_uncommitted
	key.deserializer = class org.apache.kafka.common.serialization.StringDeserializer
	max.partition.fetch.bytes = 1048576
	max.poll.interval.ms = 300000
	max.poll.records = 500
	metadata.max.age.ms = 300000
	metadata.recovery.strategy = none
	metric.reporters = []
	metrics.num.samples = 2
	metrics.recording.level = INFO
	metrics.sample.window.ms = 30000
	partition.assignment.strategy = [class org.apache.kafka.clients.consumer.RangeAssignor, class org.apache.kafka.clients.consumer.CooperativeStickyAssignor]
	receive.buffer.bytes = 65536
	reconnect.backoff.max.ms = 1000
	reconnect.backoff.ms = 50
	request.timeout.ms = 30000
	retry.backoff.max.ms = 1000
	retry.backoff.ms = 100
	sasl.client.callback.handler.class = null
	sasl.jaas.config = null
	sasl.kerberos.kinit.cmd = /usr/bin/kinit
	sasl.kerberos.min.time.before.relogin = 60000
	sasl.kerberos.service.name = null
	sasl.kerberos.ticket.renew.jitter = 0.05
	sasl.kerberos.ticket.renew.window.factor = 0.8
	sasl.login.callback.handler.class = null
	sasl.login.class = null
	sasl.login.connect.timeout.ms = null
	sasl.login.read.timeout.ms = null
	sasl.login.refresh.buffer.seconds = 300
	sasl.login.refresh.min.period.seconds = 60
	sasl.login.refresh.window.factor = 0.8
	sasl.login.refresh.window.jitter = 0.05
	sasl.login.retry.backoff.max.ms = 10000
	sasl.login.retry.backoff.ms = 100
	sasl.mechanism = GSSAPI
	sasl.oauthbearer.clock.skew.seconds = 30
	sasl.oauthbearer.expected.audience = null
	sasl.oauthbearer.expected.issuer = null
	sasl.oauthbearer.jwks.endpoint.refresh.ms = 3600000
	sasl.oauthbearer.jwks.endpoint.retry.backoff.max.ms = 10000
	sasl.oauthbearer.jwks.endpoint.retry.backoff.ms = 100
	sasl.oauthbearer.jwks.endpoint.url = null
	sasl.oauthbearer.scope.claim.name = scope
	sasl.oauthbearer.sub.claim.name = sub
	sasl.oauthbearer.token.endpoint.url = null
	security.protocol = PLAINTEXT
	security.providers = null
	send.buffer.bytes = 131072
	session.timeout.ms = 45000
	socket.connection.setup.timeout.max.ms = 30000
	socket.connection.setup.timeout.ms = 10000
	ssl.cipher.suites = null
	ssl.enabled.protocols = [TLSv1.2, TLSv1.3]
	ssl.endpoint.identification.algorithm = https
	ssl.engine.factory.class = null
	ssl.key.password = null
	ssl.keymanager.algorithm = SunX509
	ssl.keystore.certificate.chain = null
	ssl.keystore.key = null
	ssl.keystore.location = null
	ssl.keystore.password = null
	ssl.keystore.type = JKS
	ssl.protocol = TLSv1.3
	ssl.provider = null
	ssl.secure.random.implementation = null
	ssl.trustmanager.algorithm = PKIX
	ssl.truststore.certificates = null
	ssl.truststore.location = null
	ssl.truststore.password = null
	ssl.truststore.type = JKS
	value.deserializer = class org.apache.kafka.common.serialization.StringDeserializer

2025-03-20 22:12:30,100 INFO [restartedMain] o.a.k.c.t.i.KafkaMetricsCollector [KafkaMetricsCollector.java:269] initializing Kafka metrics collector
2025-03-20 22:12:30,105 INFO [restartedMain] o.a.k.c.u.AppInfoParser [AppInfoParser.java:124] Kafka version: 3.8.1
2025-03-20 22:12:30,105 INFO [restartedMain] o.a.k.c.u.AppInfoParser [AppInfoParser.java:125] Kafka commitId: 70d6ff42debf7e17
2025-03-20 22:12:30,105 INFO [restartedMain] o.a.k.c.u.AppInfoParser [AppInfoParser.java:126] Kafka startTimeMs: 1742479950105
2025-03-20 22:12:30,105 INFO [restartedMain] o.a.k.c.c.i.LegacyKafkaConsumer [LegacyKafkaConsumer.java:476] [Consumer clientId=consumer-test-consumer-group-4, groupId=test-consumer-group] Subscribed to topic(s): comment, like, follow
2025-03-20 22:12:30,109 INFO [restartedMain] c.n.c.CommunityApplication [StartupInfoLogger.java:59] Started CommunityApplication in 1.327 seconds (process running for 742.943)
2025-03-20 22:12:30,109 INFO [org.springframework.kafka.KafkaListenerEndpointContainer#0-0-C-1] o.a.k.c.Metadata [Metadata.java:364] [Consumer clientId=consumer-test-consumer-group-4, groupId=test-consumer-group] Cluster ID: cahCa2tqRnq3OYXiEm_sPA
2025-03-20 22:12:30,110 INFO [restartedMain] o.s.b.d.a.ConditionEvaluationDeltaLoggingListener [ConditionEvaluationDeltaLoggingListener.java:63] Condition evaluation unchanged
2025-03-20 22:12:30,110 INFO [org.springframework.kafka.KafkaListenerEndpointContainer#0-0-C-1] o.a.k.c.c.i.ConsumerCoordinator [AbstractCoordinator.java:936] [Consumer clientId=consumer-test-consumer-group-4, groupId=test-consumer-group] Discovered group coordinator 10.99.237.116:9092 (id: 2147483647 rack: null)
2025-03-20 22:12:30,111 INFO [org.springframework.kafka.KafkaListenerEndpointContainer#0-0-C-1] o.a.k.c.c.i.ConsumerCoordinator [AbstractCoordinator.java:604] [Consumer clientId=consumer-test-consumer-group-4, groupId=test-consumer-group] (Re-)joining group
2025-03-20 22:12:30,113 INFO [org.springframework.kafka.KafkaListenerEndpointContainer#0-0-C-1] o.a.k.c.c.i.ConsumerCoordinator [AbstractCoordinator.java:1102] [Consumer clientId=consumer-test-consumer-group-4, groupId=test-consumer-group] Request joining group due to: need to re-join with the given member-id: consumer-test-consumer-group-4-20d4371c-7c35-4c32-a841-3e33ec089220
2025-03-20 22:12:30,113 INFO [org.springframework.kafka.KafkaListenerEndpointContainer#0-0-C-1] o.a.k.c.c.i.ConsumerCoordinator [AbstractCoordinator.java:604] [Consumer clientId=consumer-test-consumer-group-4, groupId=test-consumer-group] (Re-)joining group
2025-03-20 22:12:30,115 INFO [org.springframework.kafka.KafkaListenerEndpointContainer#0-0-C-1] o.a.k.c.c.i.ConsumerCoordinator [AbstractCoordinator.java:665] [Consumer clientId=consumer-test-consumer-group-4, groupId=test-consumer-group] Successfully joined group with generation Generation{generationId=17, memberId='consumer-test-consumer-group-4-20d4371c-7c35-4c32-a841-3e33ec089220', protocol='range'}
2025-03-20 22:12:30,115 INFO [org.springframework.kafka.KafkaListenerEndpointContainer#0-0-C-1] o.a.k.c.c.i.ConsumerCoordinator [ConsumerCoordinator.java:663] [Consumer clientId=consumer-test-consumer-group-4, groupId=test-consumer-group] Finished assignment for group at generation 17: {consumer-test-consumer-group-4-20d4371c-7c35-4c32-a841-3e33ec089220=Assignment(partitions=[like-0, comment-0, follow-0])}
2025-03-20 22:12:30,116 INFO [org.springframework.kafka.KafkaListenerEndpointContainer#0-0-C-1] o.a.k.c.c.i.ConsumerCoordinator [AbstractCoordinator.java:842] [Consumer clientId=consumer-test-consumer-group-4, groupId=test-consumer-group] Successfully synced group in generation Generation{generationId=17, memberId='consumer-test-consumer-group-4-20d4371c-7c35-4c32-a841-3e33ec089220', protocol='range'}
2025-03-20 22:12:30,116 INFO [org.springframework.kafka.KafkaListenerEndpointContainer#0-0-C-1] o.a.k.c.c.i.ConsumerCoordinator [ConsumerCoordinator.java:323] [Consumer clientId=consumer-test-consumer-group-4, groupId=test-consumer-group] Notifying assignor about the new Assignment(partitions=[like-0, comment-0, follow-0])
2025-03-20 22:12:30,116 INFO [org.springframework.kafka.KafkaListenerEndpointContainer#0-0-C-1] o.a.k.c.c.i.ConsumerRebalanceListenerInvoker [ConsumerRebalanceListenerInvoker.java:57] [Consumer clientId=consumer-test-consumer-group-4, groupId=test-consumer-group] Adding newly assigned partitions: comment-0, follow-0, like-0
2025-03-20 22:12:30,117 INFO [org.springframework.kafka.KafkaListenerEndpointContainer#0-0-C-1] o.a.k.c.c.i.ConsumerUtils [ConsumerUtils.java:201] Setting offset for partition comment-0 to the committed offset FetchPosition{offset=3, offsetEpoch=Optional[0], currentLeader=LeaderAndEpoch{leader=Optional[10.99.237.116:9092 (id: 0 rack: null)], epoch=absent}}
2025-03-20 22:12:30,117 INFO [org.springframework.kafka.KafkaListenerEndpointContainer#0-0-C-1] o.a.k.c.c.i.ConsumerUtils [ConsumerUtils.java:201] Setting offset for partition like-0 to the committed offset FetchPosition{offset=0, offsetEpoch=Optional.empty, currentLeader=LeaderAndEpoch{leader=Optional[10.99.237.116:9092 (id: 0 rack: null)], epoch=absent}}
2025-03-20 22:12:30,118 INFO [org.springframework.kafka.KafkaListenerEndpointContainer#0-0-C-1] o.a.k.c.c.i.ConsumerUtils [ConsumerUtils.java:201] Setting offset for partition follow-0 to the committed offset FetchPosition{offset=0, offsetEpoch=Optional.empty, currentLeader=LeaderAndEpoch{leader=Optional[10.99.237.116:9092 (id: 0 rack: null)], epoch=absent}}
2025-03-20 22:12:30,118 INFO [org.springframework.kafka.KafkaListenerEndpointContainer#0-0-C-1] o.s.k.l.KafkaMessageListenerContainer [LogAccessor.java:292] test-consumer-group: partitions assigned: [comment-0, follow-0, like-0]
2025-03-20 22:12:31,718 INFO [File Watcher] o.s.b.d.a.LocalDevToolsAutoConfiguration$RestartingClassPathChangeChangedEventListener [LocalDevToolsAutoConfiguration.java:211] Restarting due to 1 class path change (1 addition, 0 deletions, 0 modifications)
2025-03-20 22:12:31,719 INFO [org.springframework.kafka.KafkaListenerEndpointContainer#0-0-C-1] o.a.k.c.c.i.ConsumerRebalanceListenerInvoker [ConsumerRebalanceListenerInvoker.java:79] [Consumer clientId=consumer-test-consumer-group-4, groupId=test-consumer-group] Revoke previously assigned partitions comment-0, follow-0, like-0
2025-03-20 22:12:31,719 INFO [org.springframework.kafka.KafkaListenerEndpointContainer#0-0-C-1] o.s.k.l.KafkaMessageListenerContainer [LogAccessor.java:292] test-consumer-group: partitions revoked: [comment-0, follow-0, like-0]
2025-03-20 22:12:31,720 INFO [org.springframework.kafka.KafkaListenerEndpointContainer#0-0-C-1] o.a.k.c.c.i.ConsumerCoordinator [AbstractCoordinator.java:1173] [Consumer clientId=consumer-test-consumer-group-4, groupId=test-consumer-group] Member consumer-test-consumer-group-4-20d4371c-7c35-4c32-a841-3e33ec089220 sending LeaveGroup request to coordinator 10.99.237.116:9092 (id: 2147483647 rack: null) due to the consumer unsubscribed from all topics
2025-03-20 22:12:31,720 INFO [org.springframework.kafka.KafkaListenerEndpointContainer#0-0-C-1] o.a.k.c.c.i.ConsumerCoordinator [AbstractCoordinator.java:1055] [Consumer clientId=consumer-test-consumer-group-4, groupId=test-consumer-group] Resetting generation and member id due to: consumer pro-actively leaving the group
2025-03-20 22:12:31,720 INFO [org.springframework.kafka.KafkaListenerEndpointContainer#0-0-C-1] o.a.k.c.c.i.ConsumerCoordinator [AbstractCoordinator.java:1102] [Consumer clientId=consumer-test-consumer-group-4, groupId=test-consumer-group] Request joining group due to: consumer pro-actively leaving the group
2025-03-20 22:12:31,720 INFO [org.springframework.kafka.KafkaListenerEndpointContainer#0-0-C-1] o.a.k.c.c.i.LegacyKafkaConsumer [LegacyKafkaConsumer.java:547] [Consumer clientId=consumer-test-consumer-group-4, groupId=test-consumer-group] Unsubscribed all topics or patterns and assigned partitions
2025-03-20 22:12:31,720 INFO [org.springframework.kafka.KafkaListenerEndpointContainer#0-0-C-1] o.a.k.c.c.i.ConsumerCoordinator [AbstractCoordinator.java:1055] [Consumer clientId=consumer-test-consumer-group-4, groupId=test-consumer-group] Resetting generation and member id due to: consumer pro-actively leaving the group
2025-03-20 22:12:31,720 INFO [org.springframework.kafka.KafkaListenerEndpointContainer#0-0-C-1] o.a.k.c.c.i.ConsumerCoordinator [AbstractCoordinator.java:1102] [Consumer clientId=consumer-test-consumer-group-4, groupId=test-consumer-group] Request joining group due to: consumer pro-actively leaving the group
2025-03-20 22:12:32,167 INFO [org.springframework.kafka.KafkaListenerEndpointContainer#0-0-C-1] o.a.k.c.m.Metrics [Metrics.java:684] Metrics scheduler closed
2025-03-20 22:12:32,167 INFO [org.springframework.kafka.KafkaListenerEndpointContainer#0-0-C-1] o.a.k.c.m.Metrics [Metrics.java:688] Closing reporter org.apache.kafka.common.metrics.JmxReporter
2025-03-20 22:12:32,167 INFO [org.springframework.kafka.KafkaListenerEndpointContainer#0-0-C-1] o.a.k.c.m.Metrics [Metrics.java:688] Closing reporter org.apache.kafka.common.telemetry.internals.ClientTelemetryReporter
2025-03-20 22:12:32,167 INFO [org.springframework.kafka.KafkaListenerEndpointContainer#0-0-C-1] o.a.k.c.m.Metrics [Metrics.java:694] Metrics reporters closed
2025-03-20 22:12:32,168 INFO [org.springframework.kafka.KafkaListenerEndpointContainer#0-0-C-1] o.a.k.c.u.AppInfoParser [AppInfoParser.java:88] App info kafka.consumer for consumer-test-consumer-group-4 unregistered
2025-03-20 22:12:32,168 INFO [org.springframework.kafka.KafkaListenerEndpointContainer#0-0-C-1] o.s.k.l.KafkaMessageListenerContainer [LogAccessor.java:292] test-consumer-group: Consumer stopped
2025-03-20 22:12:32,168 INFO [Thread-15] o.s.b.w.e.t.GracefulShutdown [GracefulShutdown.java:54] Commencing graceful shutdown. Waiting for active requests to complete
2025-03-20 22:12:32,169 INFO [tomcat-shutdown] o.a.c.h.Http11NioProtocol [DirectJDKLog.java:173] Pausing ProtocolHandler ["http-nio-8080"]
2025-03-20 22:12:32,260 INFO [tomcat-shutdown] o.s.b.w.e.t.GracefulShutdown [GracefulShutdown.java:76] Graceful shutdown complete
2025-03-20 22:12:32,260 INFO [Thread-15] o.a.c.h.Http11NioProtocol [DirectJDKLog.java:173] Stopping ProtocolHandler ["http-nio-8080"]
2025-03-20 22:12:32,356 INFO [restartedMain] c.n.c.CommunityApplication [StartupInfoLogger.java:53] Starting CommunityApplication using Java 17.0.10 with PID 23036 (E:\javacode\workspace4vscode\nk\community\community\target\classes started by 40782 in E:\javacode\workspace4vscode\nk\community)
2025-03-20 22:12:32,357 INFO [restartedMain] c.n.c.CommunityApplication [SpringApplication.java:652] No active profile set, falling back to 1 default profile: "default"
2025-03-20 22:12:32,636 INFO [restartedMain] o.s.d.r.c.RepositoryConfigurationDelegate [RepositoryConfigurationDelegate.java:295] Multiple Spring Data modules found, entering strict repository configuration mode
2025-03-20 22:12:32,636 INFO [restartedMain] o.s.d.r.c.RepositoryConfigurationDelegate [RepositoryConfigurationDelegate.java:143] Bootstrapping Spring Data Redis repositories in DEFAULT mode.
2025-03-20 22:12:32,651 INFO [restartedMain] o.s.d.r.c.RepositoryConfigurationDelegate [RepositoryConfigurationDelegate.java:211] Finished Spring Data repository scanning in 13 ms. Found 0 Redis repository interfaces.
2025-03-20 22:12:32,799 INFO [restartedMain] o.s.b.w.e.t.TomcatWebServer [TomcatWebServer.java:111] Tomcat initialized with port 8080 (http)
2025-03-20 22:12:32,799 INFO [restartedMain] o.a.c.h.Http11NioProtocol [DirectJDKLog.java:173] Initializing ProtocolHandler ["http-nio-8080"]
2025-03-20 22:12:32,800 INFO [restartedMain] o.a.c.c.StandardService [DirectJDKLog.java:173] Starting service [Tomcat]
2025-03-20 22:12:32,800 INFO [restartedMain] o.a.c.c.StandardEngine [DirectJDKLog.java:173] Starting Servlet engine: [Apache Tomcat/10.1.34]
2025-03-20 22:12:32,858 INFO [restartedMain] o.a.c.c.C.[.[.[/community] [DirectJDKLog.java:173] Initializing Spring embedded WebApplicationContext
2025-03-20 22:12:32,859 INFO [restartedMain] o.s.b.w.s.c.ServletWebServerApplicationContext [ServletWebServerApplicationContext.java:296] Root WebApplicationContext: initialization completed in 500 ms
2025-03-20 22:12:33,095 INFO [restartedMain] o.s.b.a.w.s.WelcomePageHandlerMapping [WelcomePageHandlerMapping.java:59] Adding welcome page template: index
2025-03-20 22:12:33,336 INFO [restartedMain] o.s.b.d.a.OptionalLiveReloadServer [OptionalLiveReloadServer.java:59] LiveReload server is running on port 35729
2025-03-20 22:12:33,350 INFO [restartedMain] o.a.c.h.Http11NioProtocol [DirectJDKLog.java:173] Starting ProtocolHandler ["http-nio-8080"]
2025-03-20 22:12:33,355 INFO [restartedMain] o.s.b.w.e.t.TomcatWebServer [TomcatWebServer.java:243] Tomcat started on port 8080 (http) with context path '/community'
2025-03-20 22:12:33,356 INFO [restartedMain] o.a.k.c.c.ConsumerConfig [AbstractConfig.java:372] ConsumerConfig values: 
	allow.auto.create.topics = true
	auto.commit.interval.ms = 3000
	auto.include.jmx.reporter = true
	auto.offset.reset = latest
	bootstrap.servers = [localhost:9092]
	check.crcs = true
	client.dns.lookup = use_all_dns_ips
	client.id = consumer-test-consumer-group-5
	client.rack = 
	connections.max.idle.ms = 540000
	default.api.timeout.ms = 60000
	enable.auto.commit = true
	enable.metrics.push = true
	exclude.internal.topics = true
	fetch.max.bytes = 52428800
	fetch.max.wait.ms = 500
	fetch.min.bytes = 1
	group.id = test-consumer-group
	group.instance.id = null
	group.protocol = classic
	group.remote.assignor = null
	heartbeat.interval.ms = 3000
	interceptor.classes = []
	internal.leave.group.on.close = true
	internal.throw.on.fetch.stable.offset.unsupported = false
	isolation.level = read_uncommitted
	key.deserializer = class org.apache.kafka.common.serialization.StringDeserializer
	max.partition.fetch.bytes = 1048576
	max.poll.interval.ms = 300000
	max.poll.records = 500
	metadata.max.age.ms = 300000
	metadata.recovery.strategy = none
	metric.reporters = []
	metrics.num.samples = 2
	metrics.recording.level = INFO
	metrics.sample.window.ms = 30000
	partition.assignment.strategy = [class org.apache.kafka.clients.consumer.RangeAssignor, class org.apache.kafka.clients.consumer.CooperativeStickyAssignor]
	receive.buffer.bytes = 65536
	reconnect.backoff.max.ms = 1000
	reconnect.backoff.ms = 50
	request.timeout.ms = 30000
	retry.backoff.max.ms = 1000
	retry.backoff.ms = 100
	sasl.client.callback.handler.class = null
	sasl.jaas.config = null
	sasl.kerberos.kinit.cmd = /usr/bin/kinit
	sasl.kerberos.min.time.before.relogin = 60000
	sasl.kerberos.service.name = null
	sasl.kerberos.ticket.renew.jitter = 0.05
	sasl.kerberos.ticket.renew.window.factor = 0.8
	sasl.login.callback.handler.class = null
	sasl.login.class = null
	sasl.login.connect.timeout.ms = null
	sasl.login.read.timeout.ms = null
	sasl.login.refresh.buffer.seconds = 300
	sasl.login.refresh.min.period.seconds = 60
	sasl.login.refresh.window.factor = 0.8
	sasl.login.refresh.window.jitter = 0.05
	sasl.login.retry.backoff.max.ms = 10000
	sasl.login.retry.backoff.ms = 100
	sasl.mechanism = GSSAPI
	sasl.oauthbearer.clock.skew.seconds = 30
	sasl.oauthbearer.expected.audience = null
	sasl.oauthbearer.expected.issuer = null
	sasl.oauthbearer.jwks.endpoint.refresh.ms = 3600000
	sasl.oauthbearer.jwks.endpoint.retry.backoff.max.ms = 10000
	sasl.oauthbearer.jwks.endpoint.retry.backoff.ms = 100
	sasl.oauthbearer.jwks.endpoint.url = null
	sasl.oauthbearer.scope.claim.name = scope
	sasl.oauthbearer.sub.claim.name = sub
	sasl.oauthbearer.token.endpoint.url = null
	security.protocol = PLAINTEXT
	security.providers = null
	send.buffer.bytes = 131072
	session.timeout.ms = 45000
	socket.connection.setup.timeout.max.ms = 30000
	socket.connection.setup.timeout.ms = 10000
	ssl.cipher.suites = null
	ssl.enabled.protocols = [TLSv1.2, TLSv1.3]
	ssl.endpoint.identification.algorithm = https
	ssl.engine.factory.class = null
	ssl.key.password = null
	ssl.keymanager.algorithm = SunX509
	ssl.keystore.certificate.chain = null
	ssl.keystore.key = null
	ssl.keystore.location = null
	ssl.keystore.password = null
	ssl.keystore.type = JKS
	ssl.protocol = TLSv1.3
	ssl.provider = null
	ssl.secure.random.implementation = null
	ssl.trustmanager.algorithm = PKIX
	ssl.truststore.certificates = null
	ssl.truststore.location = null
	ssl.truststore.password = null
	ssl.truststore.type = JKS
	value.deserializer = class org.apache.kafka.common.serialization.StringDeserializer

2025-03-20 22:12:33,356 INFO [restartedMain] o.a.k.c.t.i.KafkaMetricsCollector [KafkaMetricsCollector.java:269] initializing Kafka metrics collector
2025-03-20 22:12:33,360 INFO [restartedMain] o.a.k.c.u.AppInfoParser [AppInfoParser.java:124] Kafka version: 3.8.1
2025-03-20 22:12:33,360 INFO [restartedMain] o.a.k.c.u.AppInfoParser [AppInfoParser.java:125] Kafka commitId: 70d6ff42debf7e17
2025-03-20 22:12:33,360 INFO [restartedMain] o.a.k.c.u.AppInfoParser [AppInfoParser.java:126] Kafka startTimeMs: 1742479953360
2025-03-20 22:12:33,360 INFO [restartedMain] o.a.k.c.c.i.LegacyKafkaConsumer [LegacyKafkaConsumer.java:476] [Consumer clientId=consumer-test-consumer-group-5, groupId=test-consumer-group] Subscribed to topic(s): comment, like, follow
2025-03-20 22:12:33,364 INFO [org.springframework.kafka.KafkaListenerEndpointContainer#0-0-C-1] o.a.k.c.Metadata [Metadata.java:364] [Consumer clientId=consumer-test-consumer-group-5, groupId=test-consumer-group] Cluster ID: cahCa2tqRnq3OYXiEm_sPA
2025-03-20 22:12:33,364 INFO [restartedMain] c.n.c.CommunityApplication [StartupInfoLogger.java:59] Started CommunityApplication in 1.058 seconds (process running for 746.198)
2025-03-20 22:12:33,364 INFO [org.springframework.kafka.KafkaListenerEndpointContainer#0-0-C-1] o.a.k.c.c.i.ConsumerCoordinator [AbstractCoordinator.java:936] [Consumer clientId=consumer-test-consumer-group-5, groupId=test-consumer-group] Discovered group coordinator 10.99.237.116:9092 (id: 2147483647 rack: null)
2025-03-20 22:12:33,365 INFO [restartedMain] o.s.b.d.a.ConditionEvaluationDeltaLoggingListener [ConditionEvaluationDeltaLoggingListener.java:63] Condition evaluation unchanged
2025-03-20 22:12:33,366 INFO [org.springframework.kafka.KafkaListenerEndpointContainer#0-0-C-1] o.a.k.c.c.i.ConsumerCoordinator [AbstractCoordinator.java:604] [Consumer clientId=consumer-test-consumer-group-5, groupId=test-consumer-group] (Re-)joining group
2025-03-20 22:12:33,367 INFO [org.springframework.kafka.KafkaListenerEndpointContainer#0-0-C-1] o.a.k.c.c.i.ConsumerCoordinator [AbstractCoordinator.java:1102] [Consumer clientId=consumer-test-consumer-group-5, groupId=test-consumer-group] Request joining group due to: need to re-join with the given member-id: consumer-test-consumer-group-5-261453fa-2134-4664-aaaa-efd497db2d72
2025-03-20 22:12:33,367 INFO [org.springframework.kafka.KafkaListenerEndpointContainer#0-0-C-1] o.a.k.c.c.i.ConsumerCoordinator [AbstractCoordinator.java:604] [Consumer clientId=consumer-test-consumer-group-5, groupId=test-consumer-group] (Re-)joining group
2025-03-20 22:12:33,370 INFO [org.springframework.kafka.KafkaListenerEndpointContainer#0-0-C-1] o.a.k.c.c.i.ConsumerCoordinator [AbstractCoordinator.java:665] [Consumer clientId=consumer-test-consumer-group-5, groupId=test-consumer-group] Successfully joined group with generation Generation{generationId=19, memberId='consumer-test-consumer-group-5-261453fa-2134-4664-aaaa-efd497db2d72', protocol='range'}
2025-03-20 22:12:33,370 INFO [org.springframework.kafka.KafkaListenerEndpointContainer#0-0-C-1] o.a.k.c.c.i.ConsumerCoordinator [ConsumerCoordinator.java:663] [Consumer clientId=consumer-test-consumer-group-5, groupId=test-consumer-group] Finished assignment for group at generation 19: {consumer-test-consumer-group-5-261453fa-2134-4664-aaaa-efd497db2d72=Assignment(partitions=[like-0, comment-0, follow-0])}
2025-03-20 22:12:33,372 INFO [org.springframework.kafka.KafkaListenerEndpointContainer#0-0-C-1] o.a.k.c.c.i.ConsumerCoordinator [AbstractCoordinator.java:842] [Consumer clientId=consumer-test-consumer-group-5, groupId=test-consumer-group] Successfully synced group in generation Generation{generationId=19, memberId='consumer-test-consumer-group-5-261453fa-2134-4664-aaaa-efd497db2d72', protocol='range'}
2025-03-20 22:12:33,372 INFO [org.springframework.kafka.KafkaListenerEndpointContainer#0-0-C-1] o.a.k.c.c.i.ConsumerCoordinator [ConsumerCoordinator.java:323] [Consumer clientId=consumer-test-consumer-group-5, groupId=test-consumer-group] Notifying assignor about the new Assignment(partitions=[like-0, comment-0, follow-0])
2025-03-20 22:12:33,372 INFO [org.springframework.kafka.KafkaListenerEndpointContainer#0-0-C-1] o.a.k.c.c.i.ConsumerRebalanceListenerInvoker [ConsumerRebalanceListenerInvoker.java:57] [Consumer clientId=consumer-test-consumer-group-5, groupId=test-consumer-group] Adding newly assigned partitions: comment-0, follow-0, like-0
2025-03-20 22:12:33,373 INFO [org.springframework.kafka.KafkaListenerEndpointContainer#0-0-C-1] o.a.k.c.c.i.ConsumerUtils [ConsumerUtils.java:201] Setting offset for partition comment-0 to the committed offset FetchPosition{offset=3, offsetEpoch=Optional[0], currentLeader=LeaderAndEpoch{leader=Optional[10.99.237.116:9092 (id: 0 rack: null)], epoch=absent}}
2025-03-20 22:12:33,373 INFO [org.springframework.kafka.KafkaListenerEndpointContainer#0-0-C-1] o.a.k.c.c.i.ConsumerUtils [ConsumerUtils.java:201] Setting offset for partition like-0 to the committed offset FetchPosition{offset=0, offsetEpoch=Optional.empty, currentLeader=LeaderAndEpoch{leader=Optional[10.99.237.116:9092 (id: 0 rack: null)], epoch=absent}}
2025-03-20 22:12:33,373 INFO [org.springframework.kafka.KafkaListenerEndpointContainer#0-0-C-1] o.a.k.c.c.i.ConsumerUtils [ConsumerUtils.java:201] Setting offset for partition follow-0 to the committed offset FetchPosition{offset=0, offsetEpoch=Optional.empty, currentLeader=LeaderAndEpoch{leader=Optional[10.99.237.116:9092 (id: 0 rack: null)], epoch=absent}}
2025-03-20 22:12:33,373 INFO [org.springframework.kafka.KafkaListenerEndpointContainer#0-0-C-1] o.s.k.l.KafkaMessageListenerContainer [LogAccessor.java:292] test-consumer-group: partitions assigned: [comment-0, follow-0, like-0]
2025-03-20 22:12:44,956 INFO [http-nio-8080-exec-1] o.a.c.c.C.[.[.[/community] [DirectJDKLog.java:173] Initializing Spring DispatcherServlet 'dispatcherServlet'
2025-03-20 22:12:44,958 INFO [http-nio-8080-exec-1] o.s.w.s.DispatcherServlet [FrameworkServlet.java:532] Initializing Servlet 'dispatcherServlet'
2025-03-20 22:12:44,959 INFO [http-nio-8080-exec-1] o.s.w.s.DispatcherServlet [FrameworkServlet.java:554] Completed initialization in 1 ms
2025-03-20 22:12:44,963 INFO [http-nio-8080-exec-1] c.n.c.a.ServiceLogAspect [ServiceLogAspect.java:39] 用户[0:0:0:0:0:0:0:1],在[2025-03-20 22:12:44],访问了[com.nowcoder.community.service.UserService.findLoginTicket].
2025-03-20 22:12:45,021 INFO [http-nio-8080-exec-1] c.n.c.a.ServiceLogAspect [ServiceLogAspect.java:39] 用户[0:0:0:0:0:0:0:1],在[2025-03-20 22:12:45],访问了[com.nowcoder.community.service.UserService.findUserById].
2025-03-20 22:12:45,023 INFO [http-nio-8080-exec-1] c.n.c.a.ServiceLogAspect [ServiceLogAspect.java:39] 用户[0:0:0:0:0:0:0:1],在[2025-03-20 22:12:45],访问了[com.nowcoder.community.service.MessageService.findLatestNotice].
2025-03-20 22:12:45,024 INFO [http-nio-8080-exec-1] c.z.h.HikariDataSource [HikariDataSource.java:109] HikariPool-4 - Starting...
2025-03-20 22:12:45,027 INFO [http-nio-8080-exec-1] c.z.h.p.HikariPool [HikariPool.java:554] HikariPool-4 - Added connection com.mysql.cj.jdbc.ConnectionImpl@7ce18b2d
2025-03-20 22:12:45,028 INFO [http-nio-8080-exec-1] c.z.h.HikariDataSource [HikariDataSource.java:122] HikariPool-4 - Start completed.
2025-03-20 22:12:45,039 INFO [http-nio-8080-exec-1] c.n.c.a.ServiceLogAspect [ServiceLogAspect.java:39] 用户[0:0:0:0:0:0:0:1],在[2025-03-20 22:12:45],访问了[com.nowcoder.community.service.UserService.findUserById].
2025-03-20 22:12:45,040 INFO [http-nio-8080-exec-1] c.n.c.a.ServiceLogAspect [ServiceLogAspect.java:39] 用户[0:0:0:0:0:0:0:1],在[2025-03-20 22:12:45],访问了[com.nowcoder.community.service.MessageService.findNoticeCount].
2025-03-20 22:12:45,043 INFO [http-nio-8080-exec-1] c.n.c.a.ServiceLogAspect [ServiceLogAspect.java:39] 用户[0:0:0:0:0:0:0:1],在[2025-03-20 22:12:45],访问了[com.nowcoder.community.service.MessageService.findNoticeUnreadCount].
2025-03-20 22:12:45,045 INFO [http-nio-8080-exec-1] c.n.c.a.ServiceLogAspect [ServiceLogAspect.java:39] 用户[0:0:0:0:0:0:0:1],在[2025-03-20 22:12:45],访问了[com.nowcoder.community.service.MessageService.findLatestNotice].
2025-03-20 22:12:45,057 INFO [http-nio-8080-exec-1] c.n.c.a.ServiceLogAspect [ServiceLogAspect.java:39] 用户[0:0:0:0:0:0:0:1],在[2025-03-20 22:12:45],访问了[com.nowcoder.community.service.UserService.findUserById].
2025-03-20 22:12:45,058 INFO [http-nio-8080-exec-1] c.n.c.a.ServiceLogAspect [ServiceLogAspect.java:39] 用户[0:0:0:0:0:0:0:1],在[2025-03-20 22:12:45],访问了[com.nowcoder.community.service.MessageService.findNoticeCount].
2025-03-20 22:12:45,068 INFO [http-nio-8080-exec-1] c.n.c.a.ServiceLogAspect [ServiceLogAspect.java:39] 用户[0:0:0:0:0:0:0:1],在[2025-03-20 22:12:45],访问了[com.nowcoder.community.service.MessageService.findNoticeUnreadCount].
2025-03-20 22:12:45,078 INFO [http-nio-8080-exec-1] c.n.c.a.ServiceLogAspect [ServiceLogAspect.java:39] 用户[0:0:0:0:0:0:0:1],在[2025-03-20 22:12:45],访问了[com.nowcoder.community.service.MessageService.findLatestNotice].
2025-03-20 22:12:45,091 INFO [http-nio-8080-exec-1] c.n.c.a.ServiceLogAspect [ServiceLogAspect.java:39] 用户[0:0:0:0:0:0:0:1],在[2025-03-20 22:12:45],访问了[com.nowcoder.community.service.UserService.findUserById].
2025-03-20 22:12:45,092 INFO [http-nio-8080-exec-1] c.n.c.a.ServiceLogAspect [ServiceLogAspect.java:39] 用户[0:0:0:0:0:0:0:1],在[2025-03-20 22:12:45],访问了[com.nowcoder.community.service.MessageService.findNoticeCount].
2025-03-20 22:12:45,102 INFO [http-nio-8080-exec-1] c.n.c.a.ServiceLogAspect [ServiceLogAspect.java:39] 用户[0:0:0:0:0:0:0:1],在[2025-03-20 22:12:45],访问了[com.nowcoder.community.service.MessageService.findNoticeUnreadCount].
2025-03-20 22:12:45,112 INFO [http-nio-8080-exec-1] c.n.c.a.ServiceLogAspect [ServiceLogAspect.java:39] 用户[0:0:0:0:0:0:0:1],在[2025-03-20 22:12:45],访问了[com.nowcoder.community.service.MessageService.findLetterUnreadCount].
2025-03-20 22:12:45,114 INFO [http-nio-8080-exec-1] c.n.c.a.ServiceLogAspect [ServiceLogAspect.java:39] 用户[0:0:0:0:0:0:0:1],在[2025-03-20 22:12:45],访问了[com.nowcoder.community.service.MessageService.findNoticeUnreadCount].
2025-03-20 22:12:46,847 INFO [File Watcher] o.s.b.d.a.LocalDevToolsAutoConfiguration$RestartingClassPathChangeChangedEventListener [LocalDevToolsAutoConfiguration.java:211] Restarting due to 1 class path change (0 additions, 0 deletions, 1 modification)
2025-03-20 22:12:46,848 INFO [org.springframework.kafka.KafkaListenerEndpointContainer#0-0-C-1] o.a.k.c.c.i.ConsumerRebalanceListenerInvoker [ConsumerRebalanceListenerInvoker.java:79] [Consumer clientId=consumer-test-consumer-group-5, groupId=test-consumer-group] Revoke previously assigned partitions comment-0, follow-0, like-0
2025-03-20 22:12:46,849 INFO [org.springframework.kafka.KafkaListenerEndpointContainer#0-0-C-1] o.s.k.l.KafkaMessageListenerContainer [LogAccessor.java:292] test-consumer-group: partitions revoked: [comment-0, follow-0, like-0]
2025-03-20 22:12:46,849 INFO [org.springframework.kafka.KafkaListenerEndpointContainer#0-0-C-1] o.a.k.c.c.i.ConsumerCoordinator [AbstractCoordinator.java:1173] [Consumer clientId=consumer-test-consumer-group-5, groupId=test-consumer-group] Member consumer-test-consumer-group-5-261453fa-2134-4664-aaaa-efd497db2d72 sending LeaveGroup request to coordinator 10.99.237.116:9092 (id: 2147483647 rack: null) due to the consumer unsubscribed from all topics
2025-03-20 22:12:46,849 INFO [org.springframework.kafka.KafkaListenerEndpointContainer#0-0-C-1] o.a.k.c.c.i.ConsumerCoordinator [AbstractCoordinator.java:1055] [Consumer clientId=consumer-test-consumer-group-5, groupId=test-consumer-group] Resetting generation and member id due to: consumer pro-actively leaving the group
2025-03-20 22:12:46,849 INFO [org.springframework.kafka.KafkaListenerEndpointContainer#0-0-C-1] o.a.k.c.c.i.ConsumerCoordinator [AbstractCoordinator.java:1102] [Consumer clientId=consumer-test-consumer-group-5, groupId=test-consumer-group] Request joining group due to: consumer pro-actively leaving the group
2025-03-20 22:12:46,849 INFO [org.springframework.kafka.KafkaListenerEndpointContainer#0-0-C-1] o.a.k.c.c.i.LegacyKafkaConsumer [LegacyKafkaConsumer.java:547] [Consumer clientId=consumer-test-consumer-group-5, groupId=test-consumer-group] Unsubscribed all topics or patterns and assigned partitions
2025-03-20 22:12:46,849 INFO [org.springframework.kafka.KafkaListenerEndpointContainer#0-0-C-1] o.a.k.c.c.i.ConsumerCoordinator [AbstractCoordinator.java:1055] [Consumer clientId=consumer-test-consumer-group-5, groupId=test-consumer-group] Resetting generation and member id due to: consumer pro-actively leaving the group
2025-03-20 22:12:46,849 INFO [org.springframework.kafka.KafkaListenerEndpointContainer#0-0-C-1] o.a.k.c.c.i.ConsumerCoordinator [AbstractCoordinator.java:1102] [Consumer clientId=consumer-test-consumer-group-5, groupId=test-consumer-group] Request joining group due to: consumer pro-actively leaving the group
2025-03-20 22:12:47,188 INFO [org.springframework.kafka.KafkaListenerEndpointContainer#0-0-C-1] o.a.k.c.m.Metrics [Metrics.java:684] Metrics scheduler closed
2025-03-20 22:12:47,188 INFO [org.springframework.kafka.KafkaListenerEndpointContainer#0-0-C-1] o.a.k.c.m.Metrics [Metrics.java:688] Closing reporter org.apache.kafka.common.metrics.JmxReporter
2025-03-20 22:12:47,188 INFO [org.springframework.kafka.KafkaListenerEndpointContainer#0-0-C-1] o.a.k.c.m.Metrics [Metrics.java:688] Closing reporter org.apache.kafka.common.telemetry.internals.ClientTelemetryReporter
2025-03-20 22:12:47,188 INFO [org.springframework.kafka.KafkaListenerEndpointContainer#0-0-C-1] o.a.k.c.m.Metrics [Metrics.java:694] Metrics reporters closed
2025-03-20 22:12:47,189 INFO [org.springframework.kafka.KafkaListenerEndpointContainer#0-0-C-1] o.a.k.c.u.AppInfoParser [AppInfoParser.java:88] App info kafka.consumer for consumer-test-consumer-group-5 unregistered
2025-03-20 22:12:47,189 INFO [org.springframework.kafka.KafkaListenerEndpointContainer#0-0-C-1] o.s.k.l.KafkaMessageListenerContainer [LogAccessor.java:292] test-consumer-group: Consumer stopped
2025-03-20 22:12:47,189 INFO [Thread-19] o.s.b.w.e.t.GracefulShutdown [GracefulShutdown.java:54] Commencing graceful shutdown. Waiting for active requests to complete
2025-03-20 22:12:47,191 INFO [tomcat-shutdown] o.a.c.h.Http11NioProtocol [DirectJDKLog.java:173] Pausing ProtocolHandler ["http-nio-8080"]
2025-03-20 22:12:47,284 INFO [tomcat-shutdown] o.s.b.w.e.t.GracefulShutdown [GracefulShutdown.java:76] Graceful shutdown complete
2025-03-20 22:12:47,284 INFO [Thread-19] o.a.c.h.Http11NioProtocol [DirectJDKLog.java:173] Stopping ProtocolHandler ["http-nio-8080"]
2025-03-20 22:12:47,289 INFO [Thread-19] c.z.h.HikariDataSource [HikariDataSource.java:349] HikariPool-4 - Shutdown initiated...
2025-03-20 22:12:47,290 INFO [Thread-19] c.z.h.HikariDataSource [HikariDataSource.java:351] HikariPool-4 - Shutdown completed.
2025-03-20 22:12:47,385 INFO [restartedMain] c.n.c.CommunityApplication [StartupInfoLogger.java:53] Starting CommunityApplication using Java 17.0.10 with PID 23036 (E:\javacode\workspace4vscode\nk\community\community\target\classes started by 40782 in E:\javacode\workspace4vscode\nk\community)
2025-03-20 22:12:47,385 INFO [restartedMain] c.n.c.CommunityApplication [SpringApplication.java:652] No active profile set, falling back to 1 default profile: "default"
2025-03-20 22:12:47,671 INFO [restartedMain] o.s.d.r.c.RepositoryConfigurationDelegate [RepositoryConfigurationDelegate.java:295] Multiple Spring Data modules found, entering strict repository configuration mode
2025-03-20 22:12:47,671 INFO [restartedMain] o.s.d.r.c.RepositoryConfigurationDelegate [RepositoryConfigurationDelegate.java:143] Bootstrapping Spring Data Redis repositories in DEFAULT mode.
2025-03-20 22:12:47,683 INFO [restartedMain] o.s.d.r.c.RepositoryConfigurationDelegate [RepositoryConfigurationDelegate.java:211] Finished Spring Data repository scanning in 10 ms. Found 0 Redis repository interfaces.
2025-03-20 22:12:47,810 INFO [restartedMain] o.s.b.w.e.t.TomcatWebServer [TomcatWebServer.java:111] Tomcat initialized with port 8080 (http)
2025-03-20 22:12:47,810 INFO [restartedMain] o.a.c.h.Http11NioProtocol [DirectJDKLog.java:173] Initializing ProtocolHandler ["http-nio-8080"]
2025-03-20 22:12:47,811 INFO [restartedMain] o.a.c.c.StandardService [DirectJDKLog.java:173] Starting service [Tomcat]
2025-03-20 22:12:47,811 INFO [restartedMain] o.a.c.c.StandardEngine [DirectJDKLog.java:173] Starting Servlet engine: [Apache Tomcat/10.1.34]
2025-03-20 22:12:47,866 INFO [restartedMain] o.a.c.c.C.[.[.[/community] [DirectJDKLog.java:173] Initializing Spring embedded WebApplicationContext
2025-03-20 22:12:47,866 INFO [restartedMain] o.s.b.w.s.c.ServletWebServerApplicationContext [ServletWebServerApplicationContext.java:296] Root WebApplicationContext: initialization completed in 479 ms
2025-03-20 22:12:48,089 INFO [restartedMain] o.s.b.a.w.s.WelcomePageHandlerMapping [WelcomePageHandlerMapping.java:59] Adding welcome page template: index
2025-03-20 22:12:48,319 INFO [restartedMain] o.s.b.d.a.OptionalLiveReloadServer [OptionalLiveReloadServer.java:59] LiveReload server is running on port 35729
2025-03-20 22:12:48,333 INFO [restartedMain] o.a.c.h.Http11NioProtocol [DirectJDKLog.java:173] Starting ProtocolHandler ["http-nio-8080"]
2025-03-20 22:12:48,336 INFO [restartedMain] o.s.b.w.e.t.TomcatWebServer [TomcatWebServer.java:243] Tomcat started on port 8080 (http) with context path '/community'
2025-03-20 22:12:48,337 INFO [restartedMain] o.a.k.c.c.ConsumerConfig [AbstractConfig.java:372] ConsumerConfig values: 
	allow.auto.create.topics = true
	auto.commit.interval.ms = 3000
	auto.include.jmx.reporter = true
	auto.offset.reset = latest
	bootstrap.servers = [localhost:9092]
	check.crcs = true
	client.dns.lookup = use_all_dns_ips
	client.id = consumer-test-consumer-group-6
	client.rack = 
	connections.max.idle.ms = 540000
	default.api.timeout.ms = 60000
	enable.auto.commit = true
	enable.metrics.push = true
	exclude.internal.topics = true
	fetch.max.bytes = 52428800
	fetch.max.wait.ms = 500
	fetch.min.bytes = 1
	group.id = test-consumer-group
	group.instance.id = null
	group.protocol = classic
	group.remote.assignor = null
	heartbeat.interval.ms = 3000
	interceptor.classes = []
	internal.leave.group.on.close = true
	internal.throw.on.fetch.stable.offset.unsupported = false
	isolation.level = read_uncommitted
	key.deserializer = class org.apache.kafka.common.serialization.StringDeserializer
	max.partition.fetch.bytes = 1048576
	max.poll.interval.ms = 300000
	max.poll.records = 500
	metadata.max.age.ms = 300000
	metadata.recovery.strategy = none
	metric.reporters = []
	metrics.num.samples = 2
	metrics.recording.level = INFO
	metrics.sample.window.ms = 30000
	partition.assignment.strategy = [class org.apache.kafka.clients.consumer.RangeAssignor, class org.apache.kafka.clients.consumer.CooperativeStickyAssignor]
	receive.buffer.bytes = 65536
	reconnect.backoff.max.ms = 1000
	reconnect.backoff.ms = 50
	request.timeout.ms = 30000
	retry.backoff.max.ms = 1000
	retry.backoff.ms = 100
	sasl.client.callback.handler.class = null
	sasl.jaas.config = null
	sasl.kerberos.kinit.cmd = /usr/bin/kinit
	sasl.kerberos.min.time.before.relogin = 60000
	sasl.kerberos.service.name = null
	sasl.kerberos.ticket.renew.jitter = 0.05
	sasl.kerberos.ticket.renew.window.factor = 0.8
	sasl.login.callback.handler.class = null
	sasl.login.class = null
	sasl.login.connect.timeout.ms = null
	sasl.login.read.timeout.ms = null
	sasl.login.refresh.buffer.seconds = 300
	sasl.login.refresh.min.period.seconds = 60
	sasl.login.refresh.window.factor = 0.8
	sasl.login.refresh.window.jitter = 0.05
	sasl.login.retry.backoff.max.ms = 10000
	sasl.login.retry.backoff.ms = 100
	sasl.mechanism = GSSAPI
	sasl.oauthbearer.clock.skew.seconds = 30
	sasl.oauthbearer.expected.audience = null
	sasl.oauthbearer.expected.issuer = null
	sasl.oauthbearer.jwks.endpoint.refresh.ms = 3600000
	sasl.oauthbearer.jwks.endpoint.retry.backoff.max.ms = 10000
	sasl.oauthbearer.jwks.endpoint.retry.backoff.ms = 100
	sasl.oauthbearer.jwks.endpoint.url = null
	sasl.oauthbearer.scope.claim.name = scope
	sasl.oauthbearer.sub.claim.name = sub
	sasl.oauthbearer.token.endpoint.url = null
	security.protocol = PLAINTEXT
	security.providers = null
	send.buffer.bytes = 131072
	session.timeout.ms = 45000
	socket.connection.setup.timeout.max.ms = 30000
	socket.connection.setup.timeout.ms = 10000
	ssl.cipher.suites = null
	ssl.enabled.protocols = [TLSv1.2, TLSv1.3]
	ssl.endpoint.identification.algorithm = https
	ssl.engine.factory.class = null
	ssl.key.password = null
	ssl.keymanager.algorithm = SunX509
	ssl.keystore.certificate.chain = null
	ssl.keystore.key = null
	ssl.keystore.location = null
	ssl.keystore.password = null
	ssl.keystore.type = JKS
	ssl.protocol = TLSv1.3
	ssl.provider = null
	ssl.secure.random.implementation = null
	ssl.trustmanager.algorithm = PKIX
	ssl.truststore.certificates = null
	ssl.truststore.location = null
	ssl.truststore.password = null
	ssl.truststore.type = JKS
	value.deserializer = class org.apache.kafka.common.serialization.StringDeserializer

2025-03-20 22:12:48,338 INFO [restartedMain] o.a.k.c.t.i.KafkaMetricsCollector [KafkaMetricsCollector.java:269] initializing Kafka metrics collector
2025-03-20 22:12:48,343 INFO [restartedMain] o.a.k.c.u.AppInfoParser [AppInfoParser.java:124] Kafka version: 3.8.1
2025-03-20 22:12:48,343 INFO [restartedMain] o.a.k.c.u.AppInfoParser [AppInfoParser.java:125] Kafka commitId: 70d6ff42debf7e17
2025-03-20 22:12:48,343 INFO [restartedMain] o.a.k.c.u.AppInfoParser [AppInfoParser.java:126] Kafka startTimeMs: 1742479968343
2025-03-20 22:12:48,343 INFO [restartedMain] o.a.k.c.c.i.LegacyKafkaConsumer [LegacyKafkaConsumer.java:476] [Consumer clientId=consumer-test-consumer-group-6, groupId=test-consumer-group] Subscribed to topic(s): comment, like, follow
2025-03-20 22:12:48,346 INFO [org.springframework.kafka.KafkaListenerEndpointContainer#0-0-C-1] o.a.k.c.Metadata [Metadata.java:364] [Consumer clientId=consumer-test-consumer-group-6, groupId=test-consumer-group] Cluster ID: cahCa2tqRnq3OYXiEm_sPA
2025-03-20 22:12:48,346 INFO [restartedMain] c.n.c.CommunityApplication [StartupInfoLogger.java:59] Started CommunityApplication in 1.011 seconds (process running for 761.18)
2025-03-20 22:12:48,347 INFO [org.springframework.kafka.KafkaListenerEndpointContainer#0-0-C-1] o.a.k.c.c.i.ConsumerCoordinator [AbstractCoordinator.java:936] [Consumer clientId=consumer-test-consumer-group-6, groupId=test-consumer-group] Discovered group coordinator 10.99.237.116:9092 (id: 2147483647 rack: null)
2025-03-20 22:12:48,347 INFO [restartedMain] o.s.b.d.a.ConditionEvaluationDeltaLoggingListener [ConditionEvaluationDeltaLoggingListener.java:63] Condition evaluation unchanged
2025-03-20 22:12:48,349 INFO [org.springframework.kafka.KafkaListenerEndpointContainer#0-0-C-1] o.a.k.c.c.i.ConsumerCoordinator [AbstractCoordinator.java:604] [Consumer clientId=consumer-test-consumer-group-6, groupId=test-consumer-group] (Re-)joining group
2025-03-20 22:12:48,350 INFO [org.springframework.kafka.KafkaListenerEndpointContainer#0-0-C-1] o.a.k.c.c.i.ConsumerCoordinator [AbstractCoordinator.java:1102] [Consumer clientId=consumer-test-consumer-group-6, groupId=test-consumer-group] Request joining group due to: need to re-join with the given member-id: consumer-test-consumer-group-6-edc799e0-1cf2-45d4-972b-b3a910c46586
2025-03-20 22:12:48,350 INFO [org.springframework.kafka.KafkaListenerEndpointContainer#0-0-C-1] o.a.k.c.c.i.ConsumerCoordinator [AbstractCoordinator.java:604] [Consumer clientId=consumer-test-consumer-group-6, groupId=test-consumer-group] (Re-)joining group
2025-03-20 22:12:48,352 INFO [org.springframework.kafka.KafkaListenerEndpointContainer#0-0-C-1] o.a.k.c.c.i.ConsumerCoordinator [AbstractCoordinator.java:665] [Consumer clientId=consumer-test-consumer-group-6, groupId=test-consumer-group] Successfully joined group with generation Generation{generationId=21, memberId='consumer-test-consumer-group-6-edc799e0-1cf2-45d4-972b-b3a910c46586', protocol='range'}
2025-03-20 22:12:48,352 INFO [org.springframework.kafka.KafkaListenerEndpointContainer#0-0-C-1] o.a.k.c.c.i.ConsumerCoordinator [ConsumerCoordinator.java:663] [Consumer clientId=consumer-test-consumer-group-6, groupId=test-consumer-group] Finished assignment for group at generation 21: {consumer-test-consumer-group-6-edc799e0-1cf2-45d4-972b-b3a910c46586=Assignment(partitions=[like-0, comment-0, follow-0])}
2025-03-20 22:12:48,353 INFO [org.springframework.kafka.KafkaListenerEndpointContainer#0-0-C-1] o.a.k.c.c.i.ConsumerCoordinator [AbstractCoordinator.java:842] [Consumer clientId=consumer-test-consumer-group-6, groupId=test-consumer-group] Successfully synced group in generation Generation{generationId=21, memberId='consumer-test-consumer-group-6-edc799e0-1cf2-45d4-972b-b3a910c46586', protocol='range'}
2025-03-20 22:12:48,354 INFO [org.springframework.kafka.KafkaListenerEndpointContainer#0-0-C-1] o.a.k.c.c.i.ConsumerCoordinator [ConsumerCoordinator.java:323] [Consumer clientId=consumer-test-consumer-group-6, groupId=test-consumer-group] Notifying assignor about the new Assignment(partitions=[like-0, comment-0, follow-0])
2025-03-20 22:12:48,354 INFO [org.springframework.kafka.KafkaListenerEndpointContainer#0-0-C-1] o.a.k.c.c.i.ConsumerRebalanceListenerInvoker [ConsumerRebalanceListenerInvoker.java:57] [Consumer clientId=consumer-test-consumer-group-6, groupId=test-consumer-group] Adding newly assigned partitions: comment-0, follow-0, like-0
2025-03-20 22:12:48,354 INFO [org.springframework.kafka.KafkaListenerEndpointContainer#0-0-C-1] o.a.k.c.c.i.ConsumerUtils [ConsumerUtils.java:201] Setting offset for partition comment-0 to the committed offset FetchPosition{offset=3, offsetEpoch=Optional[0], currentLeader=LeaderAndEpoch{leader=Optional[10.99.237.116:9092 (id: 0 rack: null)], epoch=absent}}
2025-03-20 22:12:48,355 INFO [org.springframework.kafka.KafkaListenerEndpointContainer#0-0-C-1] o.a.k.c.c.i.ConsumerUtils [ConsumerUtils.java:201] Setting offset for partition like-0 to the committed offset FetchPosition{offset=0, offsetEpoch=Optional.empty, currentLeader=LeaderAndEpoch{leader=Optional[10.99.237.116:9092 (id: 0 rack: null)], epoch=absent}}
2025-03-20 22:12:48,355 INFO [org.springframework.kafka.KafkaListenerEndpointContainer#0-0-C-1] o.a.k.c.c.i.ConsumerUtils [ConsumerUtils.java:201] Setting offset for partition follow-0 to the committed offset FetchPosition{offset=0, offsetEpoch=Optional.empty, currentLeader=LeaderAndEpoch{leader=Optional[10.99.237.116:9092 (id: 0 rack: null)], epoch=absent}}
2025-03-20 22:12:48,355 INFO [org.springframework.kafka.KafkaListenerEndpointContainer#0-0-C-1] o.s.k.l.KafkaMessageListenerContainer [LogAccessor.java:292] test-consumer-group: partitions assigned: [comment-0, follow-0, like-0]
2025-03-20 22:12:48,364 INFO [http-nio-8080-exec-1] o.a.c.c.C.[.[.[/community] [DirectJDKLog.java:173] Initializing Spring DispatcherServlet 'dispatcherServlet'
2025-03-20 22:12:48,365 INFO [http-nio-8080-exec-1] o.s.w.s.DispatcherServlet [FrameworkServlet.java:532] Initializing Servlet 'dispatcherServlet'
2025-03-20 22:12:48,365 INFO [http-nio-8080-exec-1] o.s.w.s.DispatcherServlet [FrameworkServlet.java:554] Completed initialization in 0 ms
2025-03-20 22:12:48,368 INFO [http-nio-8080-exec-1] c.n.c.a.ServiceLogAspect [ServiceLogAspect.java:39] 用户[0:0:0:0:0:0:0:1],在[2025-03-20 22:12:48],访问了[com.nowcoder.community.service.UserService.findLoginTicket].
2025-03-20 22:12:48,408 INFO [http-nio-8080-exec-1] c.n.c.a.ServiceLogAspect [ServiceLogAspect.java:39] 用户[0:0:0:0:0:0:0:1],在[2025-03-20 22:12:48],访问了[com.nowcoder.community.service.UserService.findUserById].
2025-03-20 22:12:48,409 INFO [http-nio-8080-exec-1] c.n.c.a.ServiceLogAspect [ServiceLogAspect.java:39] 用户[0:0:0:0:0:0:0:1],在[2025-03-20 22:12:48],访问了[com.nowcoder.community.service.MessageService.findConversationCount].
2025-03-20 22:12:48,410 INFO [http-nio-8080-exec-1] c.z.h.HikariDataSource [HikariDataSource.java:109] HikariPool-5 - Starting...
2025-03-20 22:12:48,413 INFO [http-nio-8080-exec-1] c.z.h.p.HikariPool [HikariPool.java:554] HikariPool-5 - Added connection com.mysql.cj.jdbc.ConnectionImpl@78648575
2025-03-20 22:12:48,415 INFO [http-nio-8080-exec-1] c.z.h.HikariDataSource [HikariDataSource.java:122] HikariPool-5 - Start completed.
2025-03-20 22:12:48,424 INFO [http-nio-8080-exec-1] c.n.c.a.ServiceLogAspect [ServiceLogAspect.java:39] 用户[0:0:0:0:0:0:0:1],在[2025-03-20 22:12:48],访问了[com.nowcoder.community.service.MessageService.findConversations].
2025-03-20 22:12:48,437 INFO [http-nio-8080-exec-1] c.n.c.a.ServiceLogAspect [ServiceLogAspect.java:39] 用户[0:0:0:0:0:0:0:1],在[2025-03-20 22:12:48],访问了[com.nowcoder.community.service.MessageService.findLetterCount].
2025-03-20 22:12:48,438 INFO [http-nio-8080-exec-1] c.n.c.a.ServiceLogAspect [ServiceLogAspect.java:39] 用户[0:0:0:0:0:0:0:1],在[2025-03-20 22:12:48],访问了[com.nowcoder.community.service.MessageService.findLetterUnreadCount].
2025-03-20 22:12:48,445 INFO [http-nio-8080-exec-1] c.n.c.a.ServiceLogAspect [ServiceLogAspect.java:39] 用户[0:0:0:0:0:0:0:1],在[2025-03-20 22:12:48],访问了[com.nowcoder.community.service.UserService.findUserById].
2025-03-20 22:12:48,446 INFO [http-nio-8080-exec-1] c.n.c.a.ServiceLogAspect [ServiceLogAspect.java:39] 用户[0:0:0:0:0:0:0:1],在[2025-03-20 22:12:48],访问了[com.nowcoder.community.service.MessageService.findLetterCount].
2025-03-20 22:12:48,447 INFO [http-nio-8080-exec-1] c.n.c.a.ServiceLogAspect [ServiceLogAspect.java:39] 用户[0:0:0:0:0:0:0:1],在[2025-03-20 22:12:48],访问了[com.nowcoder.community.service.MessageService.findLetterUnreadCount].
2025-03-20 22:12:48,454 INFO [http-nio-8080-exec-1] c.n.c.a.ServiceLogAspect [ServiceLogAspect.java:39] 用户[0:0:0:0:0:0:0:1],在[2025-03-20 22:12:48],访问了[com.nowcoder.community.service.UserService.findUserById].
2025-03-20 22:12:48,456 INFO [http-nio-8080-exec-1] c.n.c.a.ServiceLogAspect [ServiceLogAspect.java:39] 用户[0:0:0:0:0:0:0:1],在[2025-03-20 22:12:48],访问了[com.nowcoder.community.service.MessageService.findLetterCount].
2025-03-20 22:12:48,456 INFO [http-nio-8080-exec-1] c.n.c.a.ServiceLogAspect [ServiceLogAspect.java:39] 用户[0:0:0:0:0:0:0:1],在[2025-03-20 22:12:48],访问了[com.nowcoder.community.service.MessageService.findLetterUnreadCount].
2025-03-20 22:12:48,457 INFO [http-nio-8080-exec-1] c.n.c.a.ServiceLogAspect [ServiceLogAspect.java:39] 用户[0:0:0:0:0:0:0:1],在[2025-03-20 22:12:48],访问了[com.nowcoder.community.service.UserService.findUserById].
2025-03-20 22:12:48,457 INFO [http-nio-8080-exec-1] c.n.c.a.ServiceLogAspect [ServiceLogAspect.java:39] 用户[0:0:0:0:0:0:0:1],在[2025-03-20 22:12:48],访问了[com.nowcoder.community.service.MessageService.findLetterCount].
2025-03-20 22:12:48,457 INFO [http-nio-8080-exec-1] c.n.c.a.ServiceLogAspect [ServiceLogAspect.java:39] 用户[0:0:0:0:0:0:0:1],在[2025-03-20 22:12:48],访问了[com.nowcoder.community.service.MessageService.findLetterUnreadCount].
2025-03-20 22:12:48,466 INFO [http-nio-8080-exec-1] c.n.c.a.ServiceLogAspect [ServiceLogAspect.java:39] 用户[0:0:0:0:0:0:0:1],在[2025-03-20 22:12:48],访问了[com.nowcoder.community.service.UserService.findUserById].
2025-03-20 22:12:48,466 INFO [http-nio-8080-exec-1] c.n.c.a.ServiceLogAspect [ServiceLogAspect.java:39] 用户[0:0:0:0:0:0:0:1],在[2025-03-20 22:12:48],访问了[com.nowcoder.community.service.MessageService.findLetterCount].
2025-03-20 22:12:48,467 INFO [http-nio-8080-exec-1] c.n.c.a.ServiceLogAspect [ServiceLogAspect.java:39] 用户[0:0:0:0:0:0:0:1],在[2025-03-20 22:12:48],访问了[com.nowcoder.community.service.MessageService.findLetterUnreadCount].
2025-03-20 22:12:48,476 INFO [http-nio-8080-exec-1] c.n.c.a.ServiceLogAspect [ServiceLogAspect.java:39] 用户[0:0:0:0:0:0:0:1],在[2025-03-20 22:12:48],访问了[com.nowcoder.community.service.UserService.findUserById].
2025-03-20 22:12:48,477 INFO [http-nio-8080-exec-1] c.n.c.a.ServiceLogAspect [ServiceLogAspect.java:39] 用户[0:0:0:0:0:0:0:1],在[2025-03-20 22:12:48],访问了[com.nowcoder.community.service.MessageService.findLetterUnreadCount].
2025-03-20 22:12:48,478 INFO [http-nio-8080-exec-1] c.n.c.a.ServiceLogAspect [ServiceLogAspect.java:39] 用户[0:0:0:0:0:0:0:1],在[2025-03-20 22:12:48],访问了[com.nowcoder.community.service.MessageService.findNoticeUnreadCount].
2025-03-20 22:13:16,586 INFO [http-nio-8080-exec-6] c.n.c.a.ServiceLogAspect [ServiceLogAspect.java:39] 用户[0:0:0:0:0:0:0:1],在[2025-03-20 22:13:16],访问了[com.nowcoder.community.service.UserService.findLoginTicket].
2025-03-20 22:13:16,587 INFO [http-nio-8080-exec-6] c.n.c.a.ServiceLogAspect [ServiceLogAspect.java:39] 用户[0:0:0:0:0:0:0:1],在[2025-03-20 22:13:16],访问了[com.nowcoder.community.service.UserService.findUserById].
2025-03-20 22:13:16,588 INFO [http-nio-8080-exec-6] c.n.c.a.ServiceLogAspect [ServiceLogAspect.java:39] 用户[0:0:0:0:0:0:0:1],在[2025-03-20 22:13:16],访问了[com.nowcoder.community.service.MessageService.findLatestNotice].
2025-03-20 22:13:16,592 INFO [http-nio-8080-exec-6] c.n.c.a.ServiceLogAspect [ServiceLogAspect.java:39] 用户[0:0:0:0:0:0:0:1],在[2025-03-20 22:13:16],访问了[com.nowcoder.community.service.UserService.findUserById].
2025-03-20 22:13:16,592 INFO [http-nio-8080-exec-6] c.n.c.a.ServiceLogAspect [ServiceLogAspect.java:39] 用户[0:0:0:0:0:0:0:1],在[2025-03-20 22:13:16],访问了[com.nowcoder.community.service.MessageService.findNoticeCount].
2025-03-20 22:13:16,595 INFO [http-nio-8080-exec-6] c.n.c.a.ServiceLogAspect [ServiceLogAspect.java:39] 用户[0:0:0:0:0:0:0:1],在[2025-03-20 22:13:16],访问了[com.nowcoder.community.service.MessageService.findNoticeUnreadCount].
2025-03-20 22:13:16,596 INFO [http-nio-8080-exec-6] c.n.c.a.ServiceLogAspect [ServiceLogAspect.java:39] 用户[0:0:0:0:0:0:0:1],在[2025-03-20 22:13:16],访问了[com.nowcoder.community.service.MessageService.findLatestNotice].
2025-03-20 22:13:16,606 INFO [http-nio-8080-exec-6] c.n.c.a.ServiceLogAspect [ServiceLogAspect.java:39] 用户[0:0:0:0:0:0:0:1],在[2025-03-20 22:13:16],访问了[com.nowcoder.community.service.UserService.findUserById].
2025-03-20 22:13:16,606 INFO [http-nio-8080-exec-6] c.n.c.a.ServiceLogAspect [ServiceLogAspect.java:39] 用户[0:0:0:0:0:0:0:1],在[2025-03-20 22:13:16],访问了[com.nowcoder.community.service.MessageService.findNoticeCount].
2025-03-20 22:13:16,614 INFO [http-nio-8080-exec-6] c.n.c.a.ServiceLogAspect [ServiceLogAspect.java:39] 用户[0:0:0:0:0:0:0:1],在[2025-03-20 22:13:16],访问了[com.nowcoder.community.service.MessageService.findNoticeUnreadCount].
2025-03-20 22:13:16,622 INFO [http-nio-8080-exec-6] c.n.c.a.ServiceLogAspect [ServiceLogAspect.java:39] 用户[0:0:0:0:0:0:0:1],在[2025-03-20 22:13:16],访问了[com.nowcoder.community.service.MessageService.findLatestNotice].
2025-03-20 22:13:16,632 INFO [http-nio-8080-exec-6] c.n.c.a.ServiceLogAspect [ServiceLogAspect.java:39] 用户[0:0:0:0:0:0:0:1],在[2025-03-20 22:13:16],访问了[com.nowcoder.community.service.UserService.findUserById].
2025-03-20 22:13:16,632 INFO [http-nio-8080-exec-6] c.n.c.a.ServiceLogAspect [ServiceLogAspect.java:39] 用户[0:0:0:0:0:0:0:1],在[2025-03-20 22:13:16],访问了[com.nowcoder.community.service.MessageService.findNoticeCount].
2025-03-20 22:13:16,641 INFO [http-nio-8080-exec-6] c.n.c.a.ServiceLogAspect [ServiceLogAspect.java:39] 用户[0:0:0:0:0:0:0:1],在[2025-03-20 22:13:16],访问了[com.nowcoder.community.service.MessageService.findNoticeUnreadCount].
2025-03-20 22:13:16,650 INFO [http-nio-8080-exec-6] c.n.c.a.ServiceLogAspect [ServiceLogAspect.java:39] 用户[0:0:0:0:0:0:0:1],在[2025-03-20 22:13:16],访问了[com.nowcoder.community.service.MessageService.findLetterUnreadCount].
2025-03-20 22:13:16,652 INFO [http-nio-8080-exec-6] c.n.c.a.ServiceLogAspect [ServiceLogAspect.java:39] 用户[0:0:0:0:0:0:0:1],在[2025-03-20 22:13:16],访问了[com.nowcoder.community.service.MessageService.findNoticeUnreadCount].
2025-03-20 22:13:18,428 INFO [http-nio-8080-exec-10] c.n.c.a.ServiceLogAspect [ServiceLogAspect.java:39] 用户[0:0:0:0:0:0:0:1],在[2025-03-20 22:13:18],访问了[com.nowcoder.community.service.UserService.findLoginTicket].
2025-03-20 22:13:18,430 INFO [http-nio-8080-exec-10] c.n.c.a.ServiceLogAspect [ServiceLogAspect.java:39] 用户[0:0:0:0:0:0:0:1],在[2025-03-20 22:13:18],访问了[com.nowcoder.community.service.UserService.findUserById].
2025-03-20 22:13:18,431 INFO [http-nio-8080-exec-10] c.n.c.a.ServiceLogAspect [ServiceLogAspect.java:39] 用户[0:0:0:0:0:0:0:1],在[2025-03-20 22:13:18],访问了[com.nowcoder.community.service.MessageService.findConversationCount].
2025-03-20 22:13:18,439 INFO [http-nio-8080-exec-10] c.n.c.a.ServiceLogAspect [ServiceLogAspect.java:39] 用户[0:0:0:0:0:0:0:1],在[2025-03-20 22:13:18],访问了[com.nowcoder.community.service.MessageService.findConversations].
2025-03-20 22:13:18,447 INFO [http-nio-8080-exec-10] c.n.c.a.ServiceLogAspect [ServiceLogAspect.java:39] 用户[0:0:0:0:0:0:0:1],在[2025-03-20 22:13:18],访问了[com.nowcoder.community.service.MessageService.findLetterCount].
2025-03-20 22:13:18,448 INFO [http-nio-8080-exec-10] c.n.c.a.ServiceLogAspect [ServiceLogAspect.java:39] 用户[0:0:0:0:0:0:0:1],在[2025-03-20 22:13:18],访问了[com.nowcoder.community.service.MessageService.findLetterUnreadCount].
2025-03-20 22:13:18,455 INFO [http-nio-8080-exec-10] c.n.c.a.ServiceLogAspect [ServiceLogAspect.java:39] 用户[0:0:0:0:0:0:0:1],在[2025-03-20 22:13:18],访问了[com.nowcoder.community.service.UserService.findUserById].
2025-03-20 22:13:18,456 INFO [http-nio-8080-exec-10] c.n.c.a.ServiceLogAspect [ServiceLogAspect.java:39] 用户[0:0:0:0:0:0:0:1],在[2025-03-20 22:13:18],访问了[com.nowcoder.community.service.MessageService.findLetterCount].
2025-03-20 22:13:18,457 INFO [http-nio-8080-exec-10] c.n.c.a.ServiceLogAspect [ServiceLogAspect.java:39] 用户[0:0:0:0:0:0:0:1],在[2025-03-20 22:13:18],访问了[com.nowcoder.community.service.MessageService.findLetterUnreadCount].
2025-03-20 22:13:18,465 INFO [http-nio-8080-exec-10] c.n.c.a.ServiceLogAspect [ServiceLogAspect.java:39] 用户[0:0:0:0:0:0:0:1],在[2025-03-20 22:13:18],访问了[com.nowcoder.community.service.UserService.findUserById].
2025-03-20 22:13:18,465 INFO [http-nio-8080-exec-10] c.n.c.a.ServiceLogAspect [ServiceLogAspect.java:39] 用户[0:0:0:0:0:0:0:1],在[2025-03-20 22:13:18],访问了[com.nowcoder.community.service.MessageService.findLetterCount].
2025-03-20 22:13:18,466 INFO [http-nio-8080-exec-10] c.n.c.a.ServiceLogAspect [ServiceLogAspect.java:39] 用户[0:0:0:0:0:0:0:1],在[2025-03-20 22:13:18],访问了[com.nowcoder.community.service.MessageService.findLetterUnreadCount].
2025-03-20 22:13:18,466 INFO [http-nio-8080-exec-10] c.n.c.a.ServiceLogAspect [ServiceLogAspect.java:39] 用户[0:0:0:0:0:0:0:1],在[2025-03-20 22:13:18],访问了[com.nowcoder.community.service.UserService.findUserById].
2025-03-20 22:13:18,466 INFO [http-nio-8080-exec-10] c.n.c.a.ServiceLogAspect [ServiceLogAspect.java:39] 用户[0:0:0:0:0:0:0:1],在[2025-03-20 22:13:18],访问了[com.nowcoder.community.service.MessageService.findLetterCount].
2025-03-20 22:13:18,467 INFO [http-nio-8080-exec-10] c.n.c.a.ServiceLogAspect [ServiceLogAspect.java:39] 用户[0:0:0:0:0:0:0:1],在[2025-03-20 22:13:18],访问了[com.nowcoder.community.service.MessageService.findLetterUnreadCount].
2025-03-20 22:13:18,475 INFO [http-nio-8080-exec-10] c.n.c.a.ServiceLogAspect [ServiceLogAspect.java:39] 用户[0:0:0:0:0:0:0:1],在[2025-03-20 22:13:18],访问了[com.nowcoder.community.service.UserService.findUserById].
2025-03-20 22:13:18,475 INFO [http-nio-8080-exec-10] c.n.c.a.ServiceLogAspect [ServiceLogAspect.java:39] 用户[0:0:0:0:0:0:0:1],在[2025-03-20 22:13:18],访问了[com.nowcoder.community.service.MessageService.findLetterCount].
2025-03-20 22:13:18,476 INFO [http-nio-8080-exec-10] c.n.c.a.ServiceLogAspect [ServiceLogAspect.java:39] 用户[0:0:0:0:0:0:0:1],在[2025-03-20 22:13:18],访问了[com.nowcoder.community.service.MessageService.findLetterUnreadCount].
2025-03-20 22:13:18,484 INFO [http-nio-8080-exec-10] c.n.c.a.ServiceLogAspect [ServiceLogAspect.java:39] 用户[0:0:0:0:0:0:0:1],在[2025-03-20 22:13:18],访问了[com.nowcoder.community.service.UserService.findUserById].
2025-03-20 22:13:18,486 INFO [http-nio-8080-exec-10] c.n.c.a.ServiceLogAspect [ServiceLogAspect.java:39] 用户[0:0:0:0:0:0:0:1],在[2025-03-20 22:13:18],访问了[com.nowcoder.community.service.MessageService.findLetterUnreadCount].
2025-03-20 22:13:18,486 INFO [http-nio-8080-exec-10] c.n.c.a.ServiceLogAspect [ServiceLogAspect.java:39] 用户[0:0:0:0:0:0:0:1],在[2025-03-20 22:13:18],访问了[com.nowcoder.community.service.MessageService.findNoticeUnreadCount].
2025-03-20 22:13:28,671 INFO [http-nio-8080-exec-4] c.n.c.a.ServiceLogAspect [ServiceLogAspect.java:39] 用户[0:0:0:0:0:0:0:1],在[2025-03-20 22:13:28],访问了[com.nowcoder.community.service.UserService.findLoginTicket].
2025-03-20 22:13:28,672 INFO [http-nio-8080-exec-4] c.n.c.a.ServiceLogAspect [ServiceLogAspect.java:39] 用户[0:0:0:0:0:0:0:1],在[2025-03-20 22:13:28],访问了[com.nowcoder.community.service.UserService.findUserById].
2025-03-20 22:13:28,673 INFO [http-nio-8080-exec-4] c.n.c.a.ServiceLogAspect [ServiceLogAspect.java:39] 用户[0:0:0:0:0:0:0:1],在[2025-03-20 22:13:28],访问了[com.nowcoder.community.service.MessageService.findLatestNotice].
2025-03-20 22:13:28,676 INFO [http-nio-8080-exec-4] c.n.c.a.ServiceLogAspect [ServiceLogAspect.java:39] 用户[0:0:0:0:0:0:0:1],在[2025-03-20 22:13:28],访问了[com.nowcoder.community.service.UserService.findUserById].
2025-03-20 22:13:28,677 INFO [http-nio-8080-exec-4] c.n.c.a.ServiceLogAspect [ServiceLogAspect.java:39] 用户[0:0:0:0:0:0:0:1],在[2025-03-20 22:13:28],访问了[com.nowcoder.community.service.MessageService.findNoticeCount].
2025-03-20 22:13:28,679 INFO [http-nio-8080-exec-4] c.n.c.a.ServiceLogAspect [ServiceLogAspect.java:39] 用户[0:0:0:0:0:0:0:1],在[2025-03-20 22:13:28],访问了[com.nowcoder.community.service.MessageService.findNoticeUnreadCount].
2025-03-20 22:13:28,681 INFO [http-nio-8080-exec-4] c.n.c.a.ServiceLogAspect [ServiceLogAspect.java:39] 用户[0:0:0:0:0:0:0:1],在[2025-03-20 22:13:28],访问了[com.nowcoder.community.service.MessageService.findLatestNotice].
2025-03-20 22:13:28,690 INFO [http-nio-8080-exec-4] c.n.c.a.ServiceLogAspect [ServiceLogAspect.java:39] 用户[0:0:0:0:0:0:0:1],在[2025-03-20 22:13:28],访问了[com.nowcoder.community.service.UserService.findUserById].
2025-03-20 22:13:28,691 INFO [http-nio-8080-exec-4] c.n.c.a.ServiceLogAspect [ServiceLogAspect.java:39] 用户[0:0:0:0:0:0:0:1],在[2025-03-20 22:13:28],访问了[com.nowcoder.community.service.MessageService.findNoticeCount].
2025-03-20 22:13:28,699 INFO [http-nio-8080-exec-4] c.n.c.a.ServiceLogAspect [ServiceLogAspect.java:39] 用户[0:0:0:0:0:0:0:1],在[2025-03-20 22:13:28],访问了[com.nowcoder.community.service.MessageService.findNoticeUnreadCount].
2025-03-20 22:13:28,708 INFO [http-nio-8080-exec-4] c.n.c.a.ServiceLogAspect [ServiceLogAspect.java:39] 用户[0:0:0:0:0:0:0:1],在[2025-03-20 22:13:28],访问了[com.nowcoder.community.service.MessageService.findLatestNotice].
2025-03-20 22:13:28,717 INFO [http-nio-8080-exec-4] c.n.c.a.ServiceLogAspect [ServiceLogAspect.java:39] 用户[0:0:0:0:0:0:0:1],在[2025-03-20 22:13:28],访问了[com.nowcoder.community.service.UserService.findUserById].
2025-03-20 22:13:28,719 INFO [http-nio-8080-exec-4] c.n.c.a.ServiceLogAspect [ServiceLogAspect.java:39] 用户[0:0:0:0:0:0:0:1],在[2025-03-20 22:13:28],访问了[com.nowcoder.community.service.MessageService.findNoticeCount].
2025-03-20 22:13:28,727 INFO [http-nio-8080-exec-4] c.n.c.a.ServiceLogAspect [ServiceLogAspect.java:39] 用户[0:0:0:0:0:0:0:1],在[2025-03-20 22:13:28],访问了[com.nowcoder.community.service.MessageService.findNoticeUnreadCount].
2025-03-20 22:13:28,735 INFO [http-nio-8080-exec-4] c.n.c.a.ServiceLogAspect [ServiceLogAspect.java:39] 用户[0:0:0:0:0:0:0:1],在[2025-03-20 22:13:28],访问了[com.nowcoder.community.service.MessageService.findLetterUnreadCount].
2025-03-20 22:13:28,738 INFO [http-nio-8080-exec-4] c.n.c.a.ServiceLogAspect [ServiceLogAspect.java:39] 用户[0:0:0:0:0:0:0:1],在[2025-03-20 22:13:28],访问了[com.nowcoder.community.service.MessageService.findNoticeUnreadCount].
2025-03-20 22:13:31,242 INFO [http-nio-8080-exec-9] c.n.c.a.ServiceLogAspect [ServiceLogAspect.java:39] 用户[127.0.0.1],在[2025-03-20 22:13:31],访问了[com.nowcoder.community.service.UserService.findLoginTicket].
2025-03-20 22:13:31,243 INFO [http-nio-8080-exec-9] c.n.c.a.ServiceLogAspect [ServiceLogAspect.java:39] 用户[127.0.0.1],在[2025-03-20 22:13:31],访问了[com.nowcoder.community.service.UserService.findUserById].
2025-03-20 22:13:31,244 INFO [http-nio-8080-exec-9] c.n.c.a.ServiceLogAspect [ServiceLogAspect.java:39] 用户[127.0.0.1],在[2025-03-20 22:13:31],访问了[com.nowcoder.community.service.MessageService.findConversationCount].
2025-03-20 22:13:31,253 INFO [http-nio-8080-exec-9] c.n.c.a.ServiceLogAspect [ServiceLogAspect.java:39] 用户[127.0.0.1],在[2025-03-20 22:13:31],访问了[com.nowcoder.community.service.MessageService.findConversations].
2025-03-20 22:13:31,261 INFO [http-nio-8080-exec-9] c.n.c.a.ServiceLogAspect [ServiceLogAspect.java:39] 用户[127.0.0.1],在[2025-03-20 22:13:31],访问了[com.nowcoder.community.service.MessageService.findLetterCount].
2025-03-20 22:13:31,261 INFO [http-nio-8080-exec-9] c.n.c.a.ServiceLogAspect [ServiceLogAspect.java:39] 用户[127.0.0.1],在[2025-03-20 22:13:31],访问了[com.nowcoder.community.service.MessageService.findLetterUnreadCount].
2025-03-20 22:13:31,269 INFO [http-nio-8080-exec-9] c.n.c.a.ServiceLogAspect [ServiceLogAspect.java:39] 用户[127.0.0.1],在[2025-03-20 22:13:31],访问了[com.nowcoder.community.service.UserService.findUserById].
2025-03-20 22:13:31,269 INFO [http-nio-8080-exec-9] c.n.c.a.ServiceLogAspect [ServiceLogAspect.java:39] 用户[127.0.0.1],在[2025-03-20 22:13:31],访问了[com.nowcoder.community.service.MessageService.findLetterCount].
2025-03-20 22:13:31,270 INFO [http-nio-8080-exec-9] c.n.c.a.ServiceLogAspect [ServiceLogAspect.java:39] 用户[127.0.0.1],在[2025-03-20 22:13:31],访问了[com.nowcoder.community.service.MessageService.findLetterUnreadCount].
2025-03-20 22:13:31,276 INFO [http-nio-8080-exec-9] c.n.c.a.ServiceLogAspect [ServiceLogAspect.java:39] 用户[127.0.0.1],在[2025-03-20 22:13:31],访问了[com.nowcoder.community.service.UserService.findUserById].
2025-03-20 22:13:31,278 INFO [http-nio-8080-exec-9] c.n.c.a.ServiceLogAspect [ServiceLogAspect.java:39] 用户[127.0.0.1],在[2025-03-20 22:13:31],访问了[com.nowcoder.community.service.MessageService.findLetterCount].
2025-03-20 22:13:31,281 INFO [http-nio-8080-exec-9] c.n.c.a.ServiceLogAspect [ServiceLogAspect.java:39] 用户[127.0.0.1],在[2025-03-20 22:13:31],访问了[com.nowcoder.community.service.MessageService.findLetterUnreadCount].
2025-03-20 22:13:31,282 INFO [http-nio-8080-exec-9] c.n.c.a.ServiceLogAspect [ServiceLogAspect.java:39] 用户[127.0.0.1],在[2025-03-20 22:13:31],访问了[com.nowcoder.community.service.UserService.findUserById].
2025-03-20 22:13:31,282 INFO [http-nio-8080-exec-9] c.n.c.a.ServiceLogAspect [ServiceLogAspect.java:39] 用户[127.0.0.1],在[2025-03-20 22:13:31],访问了[com.nowcoder.community.service.MessageService.findLetterCount].
2025-03-20 22:13:31,282 INFO [http-nio-8080-exec-9] c.n.c.a.ServiceLogAspect [ServiceLogAspect.java:39] 用户[127.0.0.1],在[2025-03-20 22:13:31],访问了[com.nowcoder.community.service.MessageService.findLetterUnreadCount].
2025-03-20 22:13:31,290 INFO [http-nio-8080-exec-9] c.n.c.a.ServiceLogAspect [ServiceLogAspect.java:39] 用户[127.0.0.1],在[2025-03-20 22:13:31],访问了[com.nowcoder.community.service.UserService.findUserById].
2025-03-20 22:13:31,290 INFO [http-nio-8080-exec-9] c.n.c.a.ServiceLogAspect [ServiceLogAspect.java:39] 用户[127.0.0.1],在[2025-03-20 22:13:31],访问了[com.nowcoder.community.service.MessageService.findLetterCount].
2025-03-20 22:13:31,291 INFO [http-nio-8080-exec-9] c.n.c.a.ServiceLogAspect [ServiceLogAspect.java:39] 用户[127.0.0.1],在[2025-03-20 22:13:31],访问了[com.nowcoder.community.service.MessageService.findLetterUnreadCount].
2025-03-20 22:13:31,297 INFO [http-nio-8080-exec-9] c.n.c.a.ServiceLogAspect [ServiceLogAspect.java:39] 用户[127.0.0.1],在[2025-03-20 22:13:31],访问了[com.nowcoder.community.service.UserService.findUserById].
2025-03-20 22:13:31,298 INFO [http-nio-8080-exec-9] c.n.c.a.ServiceLogAspect [ServiceLogAspect.java:39] 用户[127.0.0.1],在[2025-03-20 22:13:31],访问了[com.nowcoder.community.service.MessageService.findLetterUnreadCount].
2025-03-20 22:13:31,299 INFO [http-nio-8080-exec-9] c.n.c.a.ServiceLogAspect [ServiceLogAspect.java:39] 用户[127.0.0.1],在[2025-03-20 22:13:31],访问了[com.nowcoder.community.service.MessageService.findNoticeUnreadCount].
2025-03-20 22:16:30,115 INFO [File Watcher] o.s.b.d.a.LocalDevToolsAutoConfiguration$RestartingClassPathChangeChangedEventListener [LocalDevToolsAutoConfiguration.java:211] Restarting due to 1 class path change (0 additions, 0 deletions, 1 modification)
2025-03-20 22:16:30,116 INFO [org.springframework.kafka.KafkaListenerEndpointContainer#0-0-C-1] o.a.k.c.c.i.ConsumerRebalanceListenerInvoker [ConsumerRebalanceListenerInvoker.java:79] [Consumer clientId=consumer-test-consumer-group-6, groupId=test-consumer-group] Revoke previously assigned partitions comment-0, follow-0, like-0
2025-03-20 22:16:30,116 INFO [org.springframework.kafka.KafkaListenerEndpointContainer#0-0-C-1] o.s.k.l.KafkaMessageListenerContainer [LogAccessor.java:292] test-consumer-group: partitions revoked: [comment-0, follow-0, like-0]
2025-03-20 22:16:30,117 INFO [org.springframework.kafka.KafkaListenerEndpointContainer#0-0-C-1] o.a.k.c.c.i.ConsumerCoordinator [AbstractCoordinator.java:1173] [Consumer clientId=consumer-test-consumer-group-6, groupId=test-consumer-group] Member consumer-test-consumer-group-6-edc799e0-1cf2-45d4-972b-b3a910c46586 sending LeaveGroup request to coordinator 10.99.237.116:9092 (id: 2147483647 rack: null) due to the consumer unsubscribed from all topics
2025-03-20 22:16:30,117 INFO [org.springframework.kafka.KafkaListenerEndpointContainer#0-0-C-1] o.a.k.c.c.i.ConsumerCoordinator [AbstractCoordinator.java:1055] [Consumer clientId=consumer-test-consumer-group-6, groupId=test-consumer-group] Resetting generation and member id due to: consumer pro-actively leaving the group
2025-03-20 22:16:30,117 INFO [org.springframework.kafka.KafkaListenerEndpointContainer#0-0-C-1] o.a.k.c.c.i.ConsumerCoordinator [AbstractCoordinator.java:1102] [Consumer clientId=consumer-test-consumer-group-6, groupId=test-consumer-group] Request joining group due to: consumer pro-actively leaving the group
2025-03-20 22:16:30,117 INFO [org.springframework.kafka.KafkaListenerEndpointContainer#0-0-C-1] o.a.k.c.c.i.LegacyKafkaConsumer [LegacyKafkaConsumer.java:547] [Consumer clientId=consumer-test-consumer-group-6, groupId=test-consumer-group] Unsubscribed all topics or patterns and assigned partitions
2025-03-20 22:16:30,117 INFO [org.springframework.kafka.KafkaListenerEndpointContainer#0-0-C-1] o.a.k.c.c.i.ConsumerCoordinator [AbstractCoordinator.java:1055] [Consumer clientId=consumer-test-consumer-group-6, groupId=test-consumer-group] Resetting generation and member id due to: consumer pro-actively leaving the group
2025-03-20 22:16:30,117 INFO [org.springframework.kafka.KafkaListenerEndpointContainer#0-0-C-1] o.a.k.c.c.i.ConsumerCoordinator [AbstractCoordinator.java:1102] [Consumer clientId=consumer-test-consumer-group-6, groupId=test-consumer-group] Request joining group due to: consumer pro-actively leaving the group
2025-03-20 22:16:30,406 INFO [org.springframework.kafka.KafkaListenerEndpointContainer#0-0-C-1] o.a.k.c.m.Metrics [Metrics.java:684] Metrics scheduler closed
2025-03-20 22:16:30,406 INFO [org.springframework.kafka.KafkaListenerEndpointContainer#0-0-C-1] o.a.k.c.m.Metrics [Metrics.java:688] Closing reporter org.apache.kafka.common.metrics.JmxReporter
2025-03-20 22:16:30,406 INFO [org.springframework.kafka.KafkaListenerEndpointContainer#0-0-C-1] o.a.k.c.m.Metrics [Metrics.java:688] Closing reporter org.apache.kafka.common.telemetry.internals.ClientTelemetryReporter
2025-03-20 22:16:30,406 INFO [org.springframework.kafka.KafkaListenerEndpointContainer#0-0-C-1] o.a.k.c.m.Metrics [Metrics.java:694] Metrics reporters closed
2025-03-20 22:16:30,408 INFO [org.springframework.kafka.KafkaListenerEndpointContainer#0-0-C-1] o.a.k.c.u.AppInfoParser [AppInfoParser.java:88] App info kafka.consumer for consumer-test-consumer-group-6 unregistered
2025-03-20 22:16:30,408 INFO [org.springframework.kafka.KafkaListenerEndpointContainer#0-0-C-1] o.s.k.l.KafkaMessageListenerContainer [LogAccessor.java:292] test-consumer-group: Consumer stopped
2025-03-20 22:16:30,408 INFO [Thread-23] o.s.b.w.e.t.GracefulShutdown [GracefulShutdown.java:54] Commencing graceful shutdown. Waiting for active requests to complete
2025-03-20 22:16:30,409 INFO [tomcat-shutdown] o.a.c.h.Http11NioProtocol [DirectJDKLog.java:173] Pausing ProtocolHandler ["http-nio-8080"]
2025-03-20 22:16:30,522 INFO [tomcat-shutdown] o.s.b.w.e.t.GracefulShutdown [GracefulShutdown.java:76] Graceful shutdown complete
2025-03-20 22:16:30,522 INFO [Thread-23] o.a.c.h.Http11NioProtocol [DirectJDKLog.java:173] Stopping ProtocolHandler ["http-nio-8080"]
2025-03-20 22:16:30,526 INFO [Thread-23] c.z.h.HikariDataSource [HikariDataSource.java:349] HikariPool-5 - Shutdown initiated...
2025-03-20 22:16:30,527 INFO [Thread-23] c.z.h.HikariDataSource [HikariDataSource.java:351] HikariPool-5 - Shutdown completed.
2025-03-20 22:16:30,626 INFO [restartedMain] c.n.c.CommunityApplication [StartupInfoLogger.java:53] Starting CommunityApplication using Java 17.0.10 with PID 23036 (E:\javacode\workspace4vscode\nk\community\community\target\classes started by 40782 in E:\javacode\workspace4vscode\nk\community)
2025-03-20 22:16:30,627 INFO [restartedMain] c.n.c.CommunityApplication [SpringApplication.java:652] No active profile set, falling back to 1 default profile: "default"
2025-03-20 22:16:30,910 INFO [restartedMain] o.s.d.r.c.RepositoryConfigurationDelegate [RepositoryConfigurationDelegate.java:295] Multiple Spring Data modules found, entering strict repository configuration mode
2025-03-20 22:16:30,910 INFO [restartedMain] o.s.d.r.c.RepositoryConfigurationDelegate [RepositoryConfigurationDelegate.java:143] Bootstrapping Spring Data Redis repositories in DEFAULT mode.
2025-03-20 22:16:30,921 INFO [restartedMain] o.s.d.r.c.RepositoryConfigurationDelegate [RepositoryConfigurationDelegate.java:211] Finished Spring Data repository scanning in 11 ms. Found 0 Redis repository interfaces.
2025-03-20 22:16:31,046 INFO [restartedMain] o.s.b.w.e.t.TomcatWebServer [TomcatWebServer.java:111] Tomcat initialized with port 8080 (http)
2025-03-20 22:16:31,046 INFO [restartedMain] o.a.c.h.Http11NioProtocol [DirectJDKLog.java:173] Initializing ProtocolHandler ["http-nio-8080"]
2025-03-20 22:16:31,047 INFO [restartedMain] o.a.c.c.StandardService [DirectJDKLog.java:173] Starting service [Tomcat]
2025-03-20 22:16:31,047 INFO [restartedMain] o.a.c.c.StandardEngine [DirectJDKLog.java:173] Starting Servlet engine: [Apache Tomcat/10.1.34]
2025-03-20 22:16:31,101 INFO [restartedMain] o.a.c.c.C.[.[.[/community] [DirectJDKLog.java:173] Initializing Spring embedded WebApplicationContext
2025-03-20 22:16:31,101 INFO [restartedMain] o.s.b.w.s.c.ServletWebServerApplicationContext [ServletWebServerApplicationContext.java:296] Root WebApplicationContext: initialization completed in 472 ms
2025-03-20 22:16:31,326 INFO [restartedMain] o.s.b.a.w.s.WelcomePageHandlerMapping [WelcomePageHandlerMapping.java:59] Adding welcome page template: index
2025-03-20 22:16:31,545 INFO [restartedMain] o.s.b.d.a.OptionalLiveReloadServer [OptionalLiveReloadServer.java:59] LiveReload server is running on port 35729
2025-03-20 22:16:31,564 INFO [restartedMain] o.a.c.h.Http11NioProtocol [DirectJDKLog.java:173] Starting ProtocolHandler ["http-nio-8080"]
2025-03-20 22:16:31,569 INFO [restartedMain] o.s.b.w.e.t.TomcatWebServer [TomcatWebServer.java:243] Tomcat started on port 8080 (http) with context path '/community'
2025-03-20 22:16:31,570 INFO [restartedMain] o.a.k.c.c.ConsumerConfig [AbstractConfig.java:372] ConsumerConfig values: 
	allow.auto.create.topics = true
	auto.commit.interval.ms = 3000
	auto.include.jmx.reporter = true
	auto.offset.reset = latest
	bootstrap.servers = [localhost:9092]
	check.crcs = true
	client.dns.lookup = use_all_dns_ips
	client.id = consumer-test-consumer-group-7
	client.rack = 
	connections.max.idle.ms = 540000
	default.api.timeout.ms = 60000
	enable.auto.commit = true
	enable.metrics.push = true
	exclude.internal.topics = true
	fetch.max.bytes = 52428800
	fetch.max.wait.ms = 500
	fetch.min.bytes = 1
	group.id = test-consumer-group
	group.instance.id = null
	group.protocol = classic
	group.remote.assignor = null
	heartbeat.interval.ms = 3000
	interceptor.classes = []
	internal.leave.group.on.close = true
	internal.throw.on.fetch.stable.offset.unsupported = false
	isolation.level = read_uncommitted
	key.deserializer = class org.apache.kafka.common.serialization.StringDeserializer
	max.partition.fetch.bytes = 1048576
	max.poll.interval.ms = 300000
	max.poll.records = 500
	metadata.max.age.ms = 300000
	metadata.recovery.strategy = none
	metric.reporters = []
	metrics.num.samples = 2
	metrics.recording.level = INFO
	metrics.sample.window.ms = 30000
	partition.assignment.strategy = [class org.apache.kafka.clients.consumer.RangeAssignor, class org.apache.kafka.clients.consumer.CooperativeStickyAssignor]
	receive.buffer.bytes = 65536
	reconnect.backoff.max.ms = 1000
	reconnect.backoff.ms = 50
	request.timeout.ms = 30000
	retry.backoff.max.ms = 1000
	retry.backoff.ms = 100
	sasl.client.callback.handler.class = null
	sasl.jaas.config = null
	sasl.kerberos.kinit.cmd = /usr/bin/kinit
	sasl.kerberos.min.time.before.relogin = 60000
	sasl.kerberos.service.name = null
	sasl.kerberos.ticket.renew.jitter = 0.05
	sasl.kerberos.ticket.renew.window.factor = 0.8
	sasl.login.callback.handler.class = null
	sasl.login.class = null
	sasl.login.connect.timeout.ms = null
	sasl.login.read.timeout.ms = null
	sasl.login.refresh.buffer.seconds = 300
	sasl.login.refresh.min.period.seconds = 60
	sasl.login.refresh.window.factor = 0.8
	sasl.login.refresh.window.jitter = 0.05
	sasl.login.retry.backoff.max.ms = 10000
	sasl.login.retry.backoff.ms = 100
	sasl.mechanism = GSSAPI
	sasl.oauthbearer.clock.skew.seconds = 30
	sasl.oauthbearer.expected.audience = null
	sasl.oauthbearer.expected.issuer = null
	sasl.oauthbearer.jwks.endpoint.refresh.ms = 3600000
	sasl.oauthbearer.jwks.endpoint.retry.backoff.max.ms = 10000
	sasl.oauthbearer.jwks.endpoint.retry.backoff.ms = 100
	sasl.oauthbearer.jwks.endpoint.url = null
	sasl.oauthbearer.scope.claim.name = scope
	sasl.oauthbearer.sub.claim.name = sub
	sasl.oauthbearer.token.endpoint.url = null
	security.protocol = PLAINTEXT
	security.providers = null
	send.buffer.bytes = 131072
	session.timeout.ms = 45000
	socket.connection.setup.timeout.max.ms = 30000
	socket.connection.setup.timeout.ms = 10000
	ssl.cipher.suites = null
	ssl.enabled.protocols = [TLSv1.2, TLSv1.3]
	ssl.endpoint.identification.algorithm = https
	ssl.engine.factory.class = null
	ssl.key.password = null
	ssl.keymanager.algorithm = SunX509
	ssl.keystore.certificate.chain = null
	ssl.keystore.key = null
	ssl.keystore.location = null
	ssl.keystore.password = null
	ssl.keystore.type = JKS
	ssl.protocol = TLSv1.3
	ssl.provider = null
	ssl.secure.random.implementation = null
	ssl.trustmanager.algorithm = PKIX
	ssl.truststore.certificates = null
	ssl.truststore.location = null
	ssl.truststore.password = null
	ssl.truststore.type = JKS
	value.deserializer = class org.apache.kafka.common.serialization.StringDeserializer

2025-03-20 22:16:31,570 INFO [restartedMain] o.a.k.c.t.i.KafkaMetricsCollector [KafkaMetricsCollector.java:269] initializing Kafka metrics collector
2025-03-20 22:16:31,575 INFO [restartedMain] o.a.k.c.u.AppInfoParser [AppInfoParser.java:124] Kafka version: 3.8.1
2025-03-20 22:16:31,575 INFO [restartedMain] o.a.k.c.u.AppInfoParser [AppInfoParser.java:125] Kafka commitId: 70d6ff42debf7e17
2025-03-20 22:16:31,575 INFO [restartedMain] o.a.k.c.u.AppInfoParser [AppInfoParser.java:126] Kafka startTimeMs: 1742480191575
2025-03-20 22:16:31,575 INFO [restartedMain] o.a.k.c.c.i.LegacyKafkaConsumer [LegacyKafkaConsumer.java:476] [Consumer clientId=consumer-test-consumer-group-7, groupId=test-consumer-group] Subscribed to topic(s): comment, like, follow
2025-03-20 22:16:31,579 INFO [restartedMain] c.n.c.CommunityApplication [StartupInfoLogger.java:59] Started CommunityApplication in 1.005 seconds (process running for 984.412)
2025-03-20 22:16:31,579 INFO [org.springframework.kafka.KafkaListenerEndpointContainer#0-0-C-1] o.a.k.c.Metadata [Metadata.java:364] [Consumer clientId=consumer-test-consumer-group-7, groupId=test-consumer-group] Cluster ID: cahCa2tqRnq3OYXiEm_sPA
2025-03-20 22:16:31,579 INFO [org.springframework.kafka.KafkaListenerEndpointContainer#0-0-C-1] o.a.k.c.c.i.ConsumerCoordinator [AbstractCoordinator.java:936] [Consumer clientId=consumer-test-consumer-group-7, groupId=test-consumer-group] Discovered group coordinator 10.99.237.116:9092 (id: 2147483647 rack: null)
2025-03-20 22:16:31,580 INFO [restartedMain] o.s.b.d.a.ConditionEvaluationDeltaLoggingListener [ConditionEvaluationDeltaLoggingListener.java:63] Condition evaluation unchanged
2025-03-20 22:16:31,580 INFO [org.springframework.kafka.KafkaListenerEndpointContainer#0-0-C-1] o.a.k.c.c.i.ConsumerCoordinator [AbstractCoordinator.java:604] [Consumer clientId=consumer-test-consumer-group-7, groupId=test-consumer-group] (Re-)joining group
2025-03-20 22:16:31,582 INFO [org.springframework.kafka.KafkaListenerEndpointContainer#0-0-C-1] o.a.k.c.c.i.ConsumerCoordinator [AbstractCoordinator.java:1102] [Consumer clientId=consumer-test-consumer-group-7, groupId=test-consumer-group] Request joining group due to: need to re-join with the given member-id: consumer-test-consumer-group-7-8603930f-d2e8-4239-902b-8822319a0062
2025-03-20 22:16:31,582 INFO [org.springframework.kafka.KafkaListenerEndpointContainer#0-0-C-1] o.a.k.c.c.i.ConsumerCoordinator [AbstractCoordinator.java:604] [Consumer clientId=consumer-test-consumer-group-7, groupId=test-consumer-group] (Re-)joining group
2025-03-20 22:16:31,583 INFO [org.springframework.kafka.KafkaListenerEndpointContainer#0-0-C-1] o.a.k.c.c.i.ConsumerCoordinator [AbstractCoordinator.java:665] [Consumer clientId=consumer-test-consumer-group-7, groupId=test-consumer-group] Successfully joined group with generation Generation{generationId=23, memberId='consumer-test-consumer-group-7-8603930f-d2e8-4239-902b-8822319a0062', protocol='range'}
2025-03-20 22:16:31,583 INFO [org.springframework.kafka.KafkaListenerEndpointContainer#0-0-C-1] o.a.k.c.c.i.ConsumerCoordinator [ConsumerCoordinator.java:663] [Consumer clientId=consumer-test-consumer-group-7, groupId=test-consumer-group] Finished assignment for group at generation 23: {consumer-test-consumer-group-7-8603930f-d2e8-4239-902b-8822319a0062=Assignment(partitions=[like-0, comment-0, follow-0])}
2025-03-20 22:16:31,584 INFO [org.springframework.kafka.KafkaListenerEndpointContainer#0-0-C-1] o.a.k.c.c.i.ConsumerCoordinator [AbstractCoordinator.java:842] [Consumer clientId=consumer-test-consumer-group-7, groupId=test-consumer-group] Successfully synced group in generation Generation{generationId=23, memberId='consumer-test-consumer-group-7-8603930f-d2e8-4239-902b-8822319a0062', protocol='range'}
2025-03-20 22:16:31,585 INFO [org.springframework.kafka.KafkaListenerEndpointContainer#0-0-C-1] o.a.k.c.c.i.ConsumerCoordinator [ConsumerCoordinator.java:323] [Consumer clientId=consumer-test-consumer-group-7, groupId=test-consumer-group] Notifying assignor about the new Assignment(partitions=[like-0, comment-0, follow-0])
2025-03-20 22:16:31,585 INFO [org.springframework.kafka.KafkaListenerEndpointContainer#0-0-C-1] o.a.k.c.c.i.ConsumerRebalanceListenerInvoker [ConsumerRebalanceListenerInvoker.java:57] [Consumer clientId=consumer-test-consumer-group-7, groupId=test-consumer-group] Adding newly assigned partitions: comment-0, follow-0, like-0
2025-03-20 22:16:31,585 INFO [org.springframework.kafka.KafkaListenerEndpointContainer#0-0-C-1] o.a.k.c.c.i.ConsumerUtils [ConsumerUtils.java:201] Setting offset for partition comment-0 to the committed offset FetchPosition{offset=3, offsetEpoch=Optional[0], currentLeader=LeaderAndEpoch{leader=Optional[10.99.237.116:9092 (id: 0 rack: null)], epoch=absent}}
2025-03-20 22:16:31,585 INFO [org.springframework.kafka.KafkaListenerEndpointContainer#0-0-C-1] o.a.k.c.c.i.ConsumerUtils [ConsumerUtils.java:201] Setting offset for partition like-0 to the committed offset FetchPosition{offset=0, offsetEpoch=Optional.empty, currentLeader=LeaderAndEpoch{leader=Optional[10.99.237.116:9092 (id: 0 rack: null)], epoch=absent}}
2025-03-20 22:16:31,585 INFO [org.springframework.kafka.KafkaListenerEndpointContainer#0-0-C-1] o.a.k.c.c.i.ConsumerUtils [ConsumerUtils.java:201] Setting offset for partition follow-0 to the committed offset FetchPosition{offset=0, offsetEpoch=Optional.empty, currentLeader=LeaderAndEpoch{leader=Optional[10.99.237.116:9092 (id: 0 rack: null)], epoch=absent}}
2025-03-20 22:16:31,585 INFO [org.springframework.kafka.KafkaListenerEndpointContainer#0-0-C-1] o.s.k.l.KafkaMessageListenerContainer [LogAccessor.java:292] test-consumer-group: partitions assigned: [comment-0, follow-0, like-0]
2025-03-20 22:16:34,934 INFO [http-nio-8080-exec-1] o.a.c.c.C.[.[.[/community] [DirectJDKLog.java:173] Initializing Spring DispatcherServlet 'dispatcherServlet'
2025-03-20 22:16:34,934 INFO [http-nio-8080-exec-1] o.s.w.s.DispatcherServlet [FrameworkServlet.java:532] Initializing Servlet 'dispatcherServlet'
2025-03-20 22:16:34,935 INFO [http-nio-8080-exec-1] o.s.w.s.DispatcherServlet [FrameworkServlet.java:554] Completed initialization in 1 ms
2025-03-20 22:16:34,939 INFO [http-nio-8080-exec-1] c.n.c.a.ServiceLogAspect [ServiceLogAspect.java:39] 用户[0:0:0:0:0:0:0:1],在[2025-03-20 22:16:34],访问了[com.nowcoder.community.service.UserService.findLoginTicket].
2025-03-20 22:16:35,002 INFO [http-nio-8080-exec-1] c.n.c.a.ServiceLogAspect [ServiceLogAspect.java:39] 用户[0:0:0:0:0:0:0:1],在[2025-03-20 22:16:35],访问了[com.nowcoder.community.service.UserService.findUserById].
2025-03-20 22:16:35,005 INFO [http-nio-8080-exec-1] c.n.c.a.ServiceLogAspect [ServiceLogAspect.java:39] 用户[0:0:0:0:0:0:0:1],在[2025-03-20 22:16:35],访问了[com.nowcoder.community.service.MessageService.findConversationCount].
2025-03-20 22:16:35,005 INFO [http-nio-8080-exec-1] c.z.h.HikariDataSource [HikariDataSource.java:109] HikariPool-6 - Starting...
2025-03-20 22:16:35,009 INFO [http-nio-8080-exec-1] c.z.h.p.HikariPool [HikariPool.java:554] HikariPool-6 - Added connection com.mysql.cj.jdbc.ConnectionImpl@5eef912e
2025-03-20 22:16:35,010 INFO [http-nio-8080-exec-1] c.z.h.HikariDataSource [HikariDataSource.java:122] HikariPool-6 - Start completed.
2025-03-20 22:16:35,027 INFO [http-nio-8080-exec-1] c.n.c.a.ServiceLogAspect [ServiceLogAspect.java:39] 用户[0:0:0:0:0:0:0:1],在[2025-03-20 22:16:35],访问了[com.nowcoder.community.service.MessageService.findConversations].
2025-03-20 22:16:35,045 INFO [http-nio-8080-exec-1] c.n.c.a.ServiceLogAspect [ServiceLogAspect.java:39] 用户[0:0:0:0:0:0:0:1],在[2025-03-20 22:16:35],访问了[com.nowcoder.community.service.MessageService.findLetterCount].
2025-03-20 22:16:35,046 INFO [http-nio-8080-exec-1] c.n.c.a.ServiceLogAspect [ServiceLogAspect.java:39] 用户[0:0:0:0:0:0:0:1],在[2025-03-20 22:16:35],访问了[com.nowcoder.community.service.MessageService.findLetterUnreadCount].
2025-03-20 22:16:35,057 INFO [http-nio-8080-exec-1] c.n.c.a.ServiceLogAspect [ServiceLogAspect.java:39] 用户[0:0:0:0:0:0:0:1],在[2025-03-20 22:16:35],访问了[com.nowcoder.community.service.UserService.findUserById].
2025-03-20 22:16:35,058 INFO [http-nio-8080-exec-1] c.n.c.a.ServiceLogAspect [ServiceLogAspect.java:39] 用户[0:0:0:0:0:0:0:1],在[2025-03-20 22:16:35],访问了[com.nowcoder.community.service.MessageService.findLetterCount].
2025-03-20 22:16:35,059 INFO [http-nio-8080-exec-1] c.n.c.a.ServiceLogAspect [ServiceLogAspect.java:39] 用户[0:0:0:0:0:0:0:1],在[2025-03-20 22:16:35],访问了[com.nowcoder.community.service.MessageService.findLetterUnreadCount].
2025-03-20 22:16:35,068 INFO [http-nio-8080-exec-1] c.n.c.a.ServiceLogAspect [ServiceLogAspect.java:39] 用户[0:0:0:0:0:0:0:1],在[2025-03-20 22:16:35],访问了[com.nowcoder.community.service.UserService.findUserById].
2025-03-20 22:16:35,070 INFO [http-nio-8080-exec-1] c.n.c.a.ServiceLogAspect [ServiceLogAspect.java:39] 用户[0:0:0:0:0:0:0:1],在[2025-03-20 22:16:35],访问了[com.nowcoder.community.service.MessageService.findLetterCount].
2025-03-20 22:16:35,072 INFO [http-nio-8080-exec-1] c.n.c.a.ServiceLogAspect [ServiceLogAspect.java:39] 用户[0:0:0:0:0:0:0:1],在[2025-03-20 22:16:35],访问了[com.nowcoder.community.service.MessageService.findLetterUnreadCount].
2025-03-20 22:16:35,073 INFO [http-nio-8080-exec-1] c.n.c.a.ServiceLogAspect [ServiceLogAspect.java:39] 用户[0:0:0:0:0:0:0:1],在[2025-03-20 22:16:35],访问了[com.nowcoder.community.service.UserService.findUserById].
2025-03-20 22:16:35,073 INFO [http-nio-8080-exec-1] c.n.c.a.ServiceLogAspect [ServiceLogAspect.java:39] 用户[0:0:0:0:0:0:0:1],在[2025-03-20 22:16:35],访问了[com.nowcoder.community.service.MessageService.findLetterCount].
2025-03-20 22:16:35,074 INFO [http-nio-8080-exec-1] c.n.c.a.ServiceLogAspect [ServiceLogAspect.java:39] 用户[0:0:0:0:0:0:0:1],在[2025-03-20 22:16:35],访问了[com.nowcoder.community.service.MessageService.findLetterUnreadCount].
2025-03-20 22:16:35,088 INFO [http-nio-8080-exec-1] c.n.c.a.ServiceLogAspect [ServiceLogAspect.java:39] 用户[0:0:0:0:0:0:0:1],在[2025-03-20 22:16:35],访问了[com.nowcoder.community.service.UserService.findUserById].
2025-03-20 22:16:35,089 INFO [http-nio-8080-exec-1] c.n.c.a.ServiceLogAspect [ServiceLogAspect.java:39] 用户[0:0:0:0:0:0:0:1],在[2025-03-20 22:16:35],访问了[com.nowcoder.community.service.MessageService.findLetterCount].
2025-03-20 22:16:35,091 INFO [http-nio-8080-exec-1] c.n.c.a.ServiceLogAspect [ServiceLogAspect.java:39] 用户[0:0:0:0:0:0:0:1],在[2025-03-20 22:16:35],访问了[com.nowcoder.community.service.MessageService.findLetterUnreadCount].
2025-03-20 22:16:35,102 INFO [http-nio-8080-exec-1] c.n.c.a.ServiceLogAspect [ServiceLogAspect.java:39] 用户[0:0:0:0:0:0:0:1],在[2025-03-20 22:16:35],访问了[com.nowcoder.community.service.UserService.findUserById].
2025-03-20 22:16:35,103 INFO [http-nio-8080-exec-1] c.n.c.a.ServiceLogAspect [ServiceLogAspect.java:39] 用户[0:0:0:0:0:0:0:1],在[2025-03-20 22:16:35],访问了[com.nowcoder.community.service.MessageService.findLetterUnreadCount].
2025-03-20 22:16:35,105 INFO [http-nio-8080-exec-1] c.n.c.a.ServiceLogAspect [ServiceLogAspect.java:39] 用户[0:0:0:0:0:0:0:1],在[2025-03-20 22:16:35],访问了[com.nowcoder.community.service.MessageService.findNoticeUnreadCount].
2025-03-20 22:16:35,456 INFO [File Watcher] o.s.b.d.a.LocalDevToolsAutoConfiguration$RestartingClassPathChangeChangedEventListener [LocalDevToolsAutoConfiguration.java:211] Restarting due to 1 class path change (0 additions, 1 deletion, 0 modifications)
2025-03-20 22:16:35,457 INFO [org.springframework.kafka.KafkaListenerEndpointContainer#0-0-C-1] o.a.k.c.c.i.ConsumerRebalanceListenerInvoker [ConsumerRebalanceListenerInvoker.java:79] [Consumer clientId=consumer-test-consumer-group-7, groupId=test-consumer-group] Revoke previously assigned partitions comment-0, follow-0, like-0
2025-03-20 22:16:35,457 INFO [org.springframework.kafka.KafkaListenerEndpointContainer#0-0-C-1] o.s.k.l.KafkaMessageListenerContainer [LogAccessor.java:292] test-consumer-group: partitions revoked: [comment-0, follow-0, like-0]
2025-03-20 22:16:35,457 INFO [org.springframework.kafka.KafkaListenerEndpointContainer#0-0-C-1] o.a.k.c.c.i.ConsumerCoordinator [AbstractCoordinator.java:1173] [Consumer clientId=consumer-test-consumer-group-7, groupId=test-consumer-group] Member consumer-test-consumer-group-7-8603930f-d2e8-4239-902b-8822319a0062 sending LeaveGroup request to coordinator 10.99.237.116:9092 (id: 2147483647 rack: null) due to the consumer unsubscribed from all topics
2025-03-20 22:16:35,458 INFO [org.springframework.kafka.KafkaListenerEndpointContainer#0-0-C-1] o.a.k.c.c.i.ConsumerCoordinator [AbstractCoordinator.java:1055] [Consumer clientId=consumer-test-consumer-group-7, groupId=test-consumer-group] Resetting generation and member id due to: consumer pro-actively leaving the group
2025-03-20 22:16:35,458 INFO [org.springframework.kafka.KafkaListenerEndpointContainer#0-0-C-1] o.a.k.c.c.i.ConsumerCoordinator [AbstractCoordinator.java:1102] [Consumer clientId=consumer-test-consumer-group-7, groupId=test-consumer-group] Request joining group due to: consumer pro-actively leaving the group
2025-03-20 22:16:35,458 INFO [org.springframework.kafka.KafkaListenerEndpointContainer#0-0-C-1] o.a.k.c.c.i.LegacyKafkaConsumer [LegacyKafkaConsumer.java:547] [Consumer clientId=consumer-test-consumer-group-7, groupId=test-consumer-group] Unsubscribed all topics or patterns and assigned partitions
2025-03-20 22:16:35,458 INFO [org.springframework.kafka.KafkaListenerEndpointContainer#0-0-C-1] o.a.k.c.c.i.ConsumerCoordinator [AbstractCoordinator.java:1055] [Consumer clientId=consumer-test-consumer-group-7, groupId=test-consumer-group] Resetting generation and member id due to: consumer pro-actively leaving the group
2025-03-20 22:16:35,458 INFO [org.springframework.kafka.KafkaListenerEndpointContainer#0-0-C-1] o.a.k.c.c.i.ConsumerCoordinator [AbstractCoordinator.java:1102] [Consumer clientId=consumer-test-consumer-group-7, groupId=test-consumer-group] Request joining group due to: consumer pro-actively leaving the group
2025-03-20 22:16:35,688 INFO [org.springframework.kafka.KafkaListenerEndpointContainer#0-0-C-1] o.a.k.c.m.Metrics [Metrics.java:684] Metrics scheduler closed
2025-03-20 22:16:35,688 INFO [org.springframework.kafka.KafkaListenerEndpointContainer#0-0-C-1] o.a.k.c.m.Metrics [Metrics.java:688] Closing reporter org.apache.kafka.common.metrics.JmxReporter
2025-03-20 22:16:35,688 INFO [org.springframework.kafka.KafkaListenerEndpointContainer#0-0-C-1] o.a.k.c.m.Metrics [Metrics.java:688] Closing reporter org.apache.kafka.common.telemetry.internals.ClientTelemetryReporter
2025-03-20 22:16:35,688 INFO [org.springframework.kafka.KafkaListenerEndpointContainer#0-0-C-1] o.a.k.c.m.Metrics [Metrics.java:694] Metrics reporters closed
2025-03-20 22:16:35,691 INFO [org.springframework.kafka.KafkaListenerEndpointContainer#0-0-C-1] o.a.k.c.u.AppInfoParser [AppInfoParser.java:88] App info kafka.consumer for consumer-test-consumer-group-7 unregistered
2025-03-20 22:16:35,691 INFO [org.springframework.kafka.KafkaListenerEndpointContainer#0-0-C-1] o.s.k.l.KafkaMessageListenerContainer [LogAccessor.java:292] test-consumer-group: Consumer stopped
2025-03-20 22:16:35,691 INFO [Thread-27] o.s.b.w.e.t.GracefulShutdown [GracefulShutdown.java:54] Commencing graceful shutdown. Waiting for active requests to complete
2025-03-20 22:16:35,692 INFO [tomcat-shutdown] o.a.c.h.Http11NioProtocol [DirectJDKLog.java:173] Pausing ProtocolHandler ["http-nio-8080"]
2025-03-20 22:16:35,807 INFO [tomcat-shutdown] o.s.b.w.e.t.GracefulShutdown [GracefulShutdown.java:76] Graceful shutdown complete
2025-03-20 22:16:35,807 INFO [Thread-27] o.a.c.h.Http11NioProtocol [DirectJDKLog.java:173] Stopping ProtocolHandler ["http-nio-8080"]
2025-03-20 22:16:35,816 INFO [Thread-27] c.z.h.HikariDataSource [HikariDataSource.java:349] HikariPool-6 - Shutdown initiated...
2025-03-20 22:16:35,818 INFO [Thread-27] c.z.h.HikariDataSource [HikariDataSource.java:351] HikariPool-6 - Shutdown completed.
2025-03-20 22:16:35,932 INFO [restartedMain] c.n.c.CommunityApplication [StartupInfoLogger.java:53] Starting CommunityApplication using Java 17.0.10 with PID 23036 (E:\javacode\workspace4vscode\nk\community\community\target\classes started by 40782 in E:\javacode\workspace4vscode\nk\community)
2025-03-20 22:16:35,933 INFO [restartedMain] c.n.c.CommunityApplication [SpringApplication.java:652] No active profile set, falling back to 1 default profile: "default"
2025-03-20 22:16:36,281 INFO [restartedMain] o.s.d.r.c.RepositoryConfigurationDelegate [RepositoryConfigurationDelegate.java:295] Multiple Spring Data modules found, entering strict repository configuration mode
2025-03-20 22:16:36,281 INFO [restartedMain] o.s.d.r.c.RepositoryConfigurationDelegate [RepositoryConfigurationDelegate.java:143] Bootstrapping Spring Data Redis repositories in DEFAULT mode.
2025-03-20 22:16:36,295 INFO [restartedMain] o.s.d.r.c.RepositoryConfigurationDelegate [RepositoryConfigurationDelegate.java:211] Finished Spring Data repository scanning in 13 ms. Found 0 Redis repository interfaces.
2025-03-20 22:16:36,434 INFO [restartedMain] o.s.b.w.e.t.TomcatWebServer [TomcatWebServer.java:111] Tomcat initialized with port 8080 (http)
2025-03-20 22:16:36,434 INFO [restartedMain] o.a.c.h.Http11NioProtocol [DirectJDKLog.java:173] Initializing ProtocolHandler ["http-nio-8080"]
2025-03-20 22:16:36,436 INFO [restartedMain] o.a.c.c.StandardService [DirectJDKLog.java:173] Starting service [Tomcat]
2025-03-20 22:16:36,436 INFO [restartedMain] o.a.c.c.StandardEngine [DirectJDKLog.java:173] Starting Servlet engine: [Apache Tomcat/10.1.34]
2025-03-20 22:16:36,494 INFO [restartedMain] o.a.c.c.C.[.[.[/community] [DirectJDKLog.java:173] Initializing Spring embedded WebApplicationContext
2025-03-20 22:16:36,494 INFO [restartedMain] o.s.b.w.s.c.ServletWebServerApplicationContext [ServletWebServerApplicationContext.java:296] Root WebApplicationContext: initialization completed in 558 ms
2025-03-20 22:16:36,719 INFO [restartedMain] o.s.b.a.w.s.WelcomePageHandlerMapping [WelcomePageHandlerMapping.java:59] Adding welcome page template: index
2025-03-20 22:16:36,933 INFO [restartedMain] o.s.b.d.a.OptionalLiveReloadServer [OptionalLiveReloadServer.java:59] LiveReload server is running on port 35729
2025-03-20 22:16:36,946 INFO [restartedMain] o.a.c.h.Http11NioProtocol [DirectJDKLog.java:173] Starting ProtocolHandler ["http-nio-8080"]
2025-03-20 22:16:36,951 INFO [restartedMain] o.s.b.w.e.t.TomcatWebServer [TomcatWebServer.java:243] Tomcat started on port 8080 (http) with context path '/community'
2025-03-20 22:16:36,952 INFO [restartedMain] o.a.k.c.c.ConsumerConfig [AbstractConfig.java:372] ConsumerConfig values: 
	allow.auto.create.topics = true
	auto.commit.interval.ms = 3000
	auto.include.jmx.reporter = true
	auto.offset.reset = latest
	bootstrap.servers = [localhost:9092]
	check.crcs = true
	client.dns.lookup = use_all_dns_ips
	client.id = consumer-test-consumer-group-8
	client.rack = 
	connections.max.idle.ms = 540000
	default.api.timeout.ms = 60000
	enable.auto.commit = true
	enable.metrics.push = true
	exclude.internal.topics = true
	fetch.max.bytes = 52428800
	fetch.max.wait.ms = 500
	fetch.min.bytes = 1
	group.id = test-consumer-group
	group.instance.id = null
	group.protocol = classic
	group.remote.assignor = null
	heartbeat.interval.ms = 3000
	interceptor.classes = []
	internal.leave.group.on.close = true
	internal.throw.on.fetch.stable.offset.unsupported = false
	isolation.level = read_uncommitted
	key.deserializer = class org.apache.kafka.common.serialization.StringDeserializer
	max.partition.fetch.bytes = 1048576
	max.poll.interval.ms = 300000
	max.poll.records = 500
	metadata.max.age.ms = 300000
	metadata.recovery.strategy = none
	metric.reporters = []
	metrics.num.samples = 2
	metrics.recording.level = INFO
	metrics.sample.window.ms = 30000
	partition.assignment.strategy = [class org.apache.kafka.clients.consumer.RangeAssignor, class org.apache.kafka.clients.consumer.CooperativeStickyAssignor]
	receive.buffer.bytes = 65536
	reconnect.backoff.max.ms = 1000
	reconnect.backoff.ms = 50
	request.timeout.ms = 30000
	retry.backoff.max.ms = 1000
	retry.backoff.ms = 100
	sasl.client.callback.handler.class = null
	sasl.jaas.config = null
	sasl.kerberos.kinit.cmd = /usr/bin/kinit
	sasl.kerberos.min.time.before.relogin = 60000
	sasl.kerberos.service.name = null
	sasl.kerberos.ticket.renew.jitter = 0.05
	sasl.kerberos.ticket.renew.window.factor = 0.8
	sasl.login.callback.handler.class = null
	sasl.login.class = null
	sasl.login.connect.timeout.ms = null
	sasl.login.read.timeout.ms = null
	sasl.login.refresh.buffer.seconds = 300
	sasl.login.refresh.min.period.seconds = 60
	sasl.login.refresh.window.factor = 0.8
	sasl.login.refresh.window.jitter = 0.05
	sasl.login.retry.backoff.max.ms = 10000
	sasl.login.retry.backoff.ms = 100
	sasl.mechanism = GSSAPI
	sasl.oauthbearer.clock.skew.seconds = 30
	sasl.oauthbearer.expected.audience = null
	sasl.oauthbearer.expected.issuer = null
	sasl.oauthbearer.jwks.endpoint.refresh.ms = 3600000
	sasl.oauthbearer.jwks.endpoint.retry.backoff.max.ms = 10000
	sasl.oauthbearer.jwks.endpoint.retry.backoff.ms = 100
	sasl.oauthbearer.jwks.endpoint.url = null
	sasl.oauthbearer.scope.claim.name = scope
	sasl.oauthbearer.sub.claim.name = sub
	sasl.oauthbearer.token.endpoint.url = null
	security.protocol = PLAINTEXT
	security.providers = null
	send.buffer.bytes = 131072
	session.timeout.ms = 45000
	socket.connection.setup.timeout.max.ms = 30000
	socket.connection.setup.timeout.ms = 10000
	ssl.cipher.suites = null
	ssl.enabled.protocols = [TLSv1.2, TLSv1.3]
	ssl.endpoint.identification.algorithm = https
	ssl.engine.factory.class = null
	ssl.key.password = null
	ssl.keymanager.algorithm = SunX509
	ssl.keystore.certificate.chain = null
	ssl.keystore.key = null
	ssl.keystore.location = null
	ssl.keystore.password = null
	ssl.keystore.type = JKS
	ssl.protocol = TLSv1.3
	ssl.provider = null
	ssl.secure.random.implementation = null
	ssl.trustmanager.algorithm = PKIX
	ssl.truststore.certificates = null
	ssl.truststore.location = null
	ssl.truststore.password = null
	ssl.truststore.type = JKS
	value.deserializer = class org.apache.kafka.common.serialization.StringDeserializer

2025-03-20 22:16:36,952 INFO [restartedMain] o.a.k.c.t.i.KafkaMetricsCollector [KafkaMetricsCollector.java:269] initializing Kafka metrics collector
2025-03-20 22:16:36,955 INFO [restartedMain] o.a.k.c.u.AppInfoParser [AppInfoParser.java:124] Kafka version: 3.8.1
2025-03-20 22:16:36,955 INFO [restartedMain] o.a.k.c.u.AppInfoParser [AppInfoParser.java:125] Kafka commitId: 70d6ff42debf7e17
2025-03-20 22:16:36,955 INFO [restartedMain] o.a.k.c.u.AppInfoParser [AppInfoParser.java:126] Kafka startTimeMs: 1742480196955
2025-03-20 22:16:36,956 INFO [restartedMain] o.a.k.c.c.i.LegacyKafkaConsumer [LegacyKafkaConsumer.java:476] [Consumer clientId=consumer-test-consumer-group-8, groupId=test-consumer-group] Subscribed to topic(s): comment, like, follow
2025-03-20 22:16:36,959 INFO [restartedMain] c.n.c.CommunityApplication [StartupInfoLogger.java:59] Started CommunityApplication in 1.088 seconds (process running for 989.793)
2025-03-20 22:16:36,959 INFO [org.springframework.kafka.KafkaListenerEndpointContainer#0-0-C-1] o.a.k.c.Metadata [Metadata.java:364] [Consumer clientId=consumer-test-consumer-group-8, groupId=test-consumer-group] Cluster ID: cahCa2tqRnq3OYXiEm_sPA
2025-03-20 22:16:36,959 INFO [org.springframework.kafka.KafkaListenerEndpointContainer#0-0-C-1] o.a.k.c.c.i.ConsumerCoordinator [AbstractCoordinator.java:936] [Consumer clientId=consumer-test-consumer-group-8, groupId=test-consumer-group] Discovered group coordinator 10.99.237.116:9092 (id: 2147483647 rack: null)
2025-03-20 22:16:36,960 INFO [restartedMain] o.s.b.d.a.ConditionEvaluationDeltaLoggingListener [ConditionEvaluationDeltaLoggingListener.java:63] Condition evaluation unchanged
2025-03-20 22:16:36,960 INFO [org.springframework.kafka.KafkaListenerEndpointContainer#0-0-C-1] o.a.k.c.c.i.ConsumerCoordinator [AbstractCoordinator.java:604] [Consumer clientId=consumer-test-consumer-group-8, groupId=test-consumer-group] (Re-)joining group
2025-03-20 22:16:36,961 INFO [org.springframework.kafka.KafkaListenerEndpointContainer#0-0-C-1] o.a.k.c.c.i.ConsumerCoordinator [AbstractCoordinator.java:1102] [Consumer clientId=consumer-test-consumer-group-8, groupId=test-consumer-group] Request joining group due to: need to re-join with the given member-id: consumer-test-consumer-group-8-e2161f99-af3f-4ab0-a47b-a7d454796b8d
2025-03-20 22:16:36,961 INFO [org.springframework.kafka.KafkaListenerEndpointContainer#0-0-C-1] o.a.k.c.c.i.ConsumerCoordinator [AbstractCoordinator.java:604] [Consumer clientId=consumer-test-consumer-group-8, groupId=test-consumer-group] (Re-)joining group
2025-03-20 22:16:36,963 INFO [org.springframework.kafka.KafkaListenerEndpointContainer#0-0-C-1] o.a.k.c.c.i.ConsumerCoordinator [AbstractCoordinator.java:665] [Consumer clientId=consumer-test-consumer-group-8, groupId=test-consumer-group] Successfully joined group with generation Generation{generationId=25, memberId='consumer-test-consumer-group-8-e2161f99-af3f-4ab0-a47b-a7d454796b8d', protocol='range'}
2025-03-20 22:16:36,963 INFO [org.springframework.kafka.KafkaListenerEndpointContainer#0-0-C-1] o.a.k.c.c.i.ConsumerCoordinator [ConsumerCoordinator.java:663] [Consumer clientId=consumer-test-consumer-group-8, groupId=test-consumer-group] Finished assignment for group at generation 25: {consumer-test-consumer-group-8-e2161f99-af3f-4ab0-a47b-a7d454796b8d=Assignment(partitions=[like-0, comment-0, follow-0])}
2025-03-20 22:16:36,965 INFO [org.springframework.kafka.KafkaListenerEndpointContainer#0-0-C-1] o.a.k.c.c.i.ConsumerCoordinator [AbstractCoordinator.java:842] [Consumer clientId=consumer-test-consumer-group-8, groupId=test-consumer-group] Successfully synced group in generation Generation{generationId=25, memberId='consumer-test-consumer-group-8-e2161f99-af3f-4ab0-a47b-a7d454796b8d', protocol='range'}
2025-03-20 22:16:36,965 INFO [org.springframework.kafka.KafkaListenerEndpointContainer#0-0-C-1] o.a.k.c.c.i.ConsumerCoordinator [ConsumerCoordinator.java:323] [Consumer clientId=consumer-test-consumer-group-8, groupId=test-consumer-group] Notifying assignor about the new Assignment(partitions=[like-0, comment-0, follow-0])
2025-03-20 22:16:36,965 INFO [org.springframework.kafka.KafkaListenerEndpointContainer#0-0-C-1] o.a.k.c.c.i.ConsumerRebalanceListenerInvoker [ConsumerRebalanceListenerInvoker.java:57] [Consumer clientId=consumer-test-consumer-group-8, groupId=test-consumer-group] Adding newly assigned partitions: comment-0, follow-0, like-0
2025-03-20 22:16:36,966 INFO [org.springframework.kafka.KafkaListenerEndpointContainer#0-0-C-1] o.a.k.c.c.i.ConsumerUtils [ConsumerUtils.java:201] Setting offset for partition comment-0 to the committed offset FetchPosition{offset=3, offsetEpoch=Optional[0], currentLeader=LeaderAndEpoch{leader=Optional[10.99.237.116:9092 (id: 0 rack: null)], epoch=absent}}
2025-03-20 22:16:36,966 INFO [org.springframework.kafka.KafkaListenerEndpointContainer#0-0-C-1] o.a.k.c.c.i.ConsumerUtils [ConsumerUtils.java:201] Setting offset for partition like-0 to the committed offset FetchPosition{offset=0, offsetEpoch=Optional.empty, currentLeader=LeaderAndEpoch{leader=Optional[10.99.237.116:9092 (id: 0 rack: null)], epoch=absent}}
2025-03-20 22:16:36,966 INFO [org.springframework.kafka.KafkaListenerEndpointContainer#0-0-C-1] o.a.k.c.c.i.ConsumerUtils [ConsumerUtils.java:201] Setting offset for partition follow-0 to the committed offset FetchPosition{offset=0, offsetEpoch=Optional.empty, currentLeader=LeaderAndEpoch{leader=Optional[10.99.237.116:9092 (id: 0 rack: null)], epoch=absent}}
2025-03-20 22:16:36,966 INFO [org.springframework.kafka.KafkaListenerEndpointContainer#0-0-C-1] o.s.k.l.KafkaMessageListenerContainer [LogAccessor.java:292] test-consumer-group: partitions assigned: [comment-0, follow-0, like-0]
2025-03-20 22:16:37,020 INFO [http-nio-8080-exec-1] o.a.c.c.C.[.[.[/community] [DirectJDKLog.java:173] Initializing Spring DispatcherServlet 'dispatcherServlet'
2025-03-20 22:16:37,020 INFO [http-nio-8080-exec-1] o.s.w.s.DispatcherServlet [FrameworkServlet.java:532] Initializing Servlet 'dispatcherServlet'
2025-03-20 22:16:37,021 INFO [http-nio-8080-exec-1] o.s.w.s.DispatcherServlet [FrameworkServlet.java:554] Completed initialization in 1 ms
2025-03-20 22:16:37,023 INFO [http-nio-8080-exec-1] c.n.c.a.ServiceLogAspect [ServiceLogAspect.java:39] 用户[127.0.0.1],在[2025-03-20 22:16:37],访问了[com.nowcoder.community.service.UserService.findLoginTicket].
2025-03-20 22:16:37,060 INFO [http-nio-8080-exec-1] c.n.c.a.ServiceLogAspect [ServiceLogAspect.java:39] 用户[127.0.0.1],在[2025-03-20 22:16:37],访问了[com.nowcoder.community.service.UserService.findUserById].
2025-03-20 22:16:37,061 INFO [http-nio-8080-exec-1] c.n.c.a.ServiceLogAspect [ServiceLogAspect.java:39] 用户[127.0.0.1],在[2025-03-20 22:16:37],访问了[com.nowcoder.community.service.MessageService.findLatestNotice].
2025-03-20 22:16:37,061 INFO [http-nio-8080-exec-1] c.z.h.HikariDataSource [HikariDataSource.java:109] HikariPool-7 - Starting...
2025-03-20 22:16:37,064 INFO [http-nio-8080-exec-1] c.z.h.p.HikariPool [HikariPool.java:554] HikariPool-7 - Added connection com.mysql.cj.jdbc.ConnectionImpl@288133fc
2025-03-20 22:16:37,064 INFO [http-nio-8080-exec-1] c.z.h.HikariDataSource [HikariDataSource.java:122] HikariPool-7 - Start completed.
2025-03-20 22:16:37,074 INFO [http-nio-8080-exec-1] c.n.c.a.ServiceLogAspect [ServiceLogAspect.java:39] 用户[127.0.0.1],在[2025-03-20 22:16:37],访问了[com.nowcoder.community.service.UserService.findUserById].
2025-03-20 22:16:37,074 INFO [http-nio-8080-exec-1] c.n.c.a.ServiceLogAspect [ServiceLogAspect.java:39] 用户[127.0.0.1],在[2025-03-20 22:16:37],访问了[com.nowcoder.community.service.MessageService.findNoticeCount].
2025-03-20 22:16:37,076 INFO [http-nio-8080-exec-1] c.n.c.a.ServiceLogAspect [ServiceLogAspect.java:39] 用户[127.0.0.1],在[2025-03-20 22:16:37],访问了[com.nowcoder.community.service.MessageService.findNoticeUnreadCount].
2025-03-20 22:16:37,077 INFO [http-nio-8080-exec-1] c.n.c.a.ServiceLogAspect [ServiceLogAspect.java:39] 用户[127.0.0.1],在[2025-03-20 22:16:37],访问了[com.nowcoder.community.service.MessageService.findLatestNotice].
2025-03-20 22:16:37,084 INFO [http-nio-8080-exec-1] c.n.c.a.ServiceLogAspect [ServiceLogAspect.java:39] 用户[127.0.0.1],在[2025-03-20 22:16:37],访问了[com.nowcoder.community.service.UserService.findUserById].
2025-03-20 22:16:37,084 INFO [http-nio-8080-exec-1] c.n.c.a.ServiceLogAspect [ServiceLogAspect.java:39] 用户[127.0.0.1],在[2025-03-20 22:16:37],访问了[com.nowcoder.community.service.MessageService.findNoticeCount].
2025-03-20 22:16:37,092 INFO [http-nio-8080-exec-1] c.n.c.a.ServiceLogAspect [ServiceLogAspect.java:39] 用户[127.0.0.1],在[2025-03-20 22:16:37],访问了[com.nowcoder.community.service.MessageService.findNoticeUnreadCount].
2025-03-20 22:16:37,098 INFO [http-nio-8080-exec-1] c.n.c.a.ServiceLogAspect [ServiceLogAspect.java:39] 用户[127.0.0.1],在[2025-03-20 22:16:37],访问了[com.nowcoder.community.service.MessageService.findLatestNotice].
2025-03-20 22:16:37,106 INFO [http-nio-8080-exec-1] c.n.c.a.ServiceLogAspect [ServiceLogAspect.java:39] 用户[127.0.0.1],在[2025-03-20 22:16:37],访问了[com.nowcoder.community.service.UserService.findUserById].
2025-03-20 22:16:37,107 INFO [http-nio-8080-exec-1] c.n.c.a.ServiceLogAspect [ServiceLogAspect.java:39] 用户[127.0.0.1],在[2025-03-20 22:16:37],访问了[com.nowcoder.community.service.MessageService.findNoticeCount].
2025-03-20 22:16:37,114 INFO [http-nio-8080-exec-1] c.n.c.a.ServiceLogAspect [ServiceLogAspect.java:39] 用户[127.0.0.1],在[2025-03-20 22:16:37],访问了[com.nowcoder.community.service.MessageService.findNoticeUnreadCount].
2025-03-20 22:16:37,122 INFO [http-nio-8080-exec-1] c.n.c.a.ServiceLogAspect [ServiceLogAspect.java:39] 用户[127.0.0.1],在[2025-03-20 22:16:37],访问了[com.nowcoder.community.service.MessageService.findLetterUnreadCount].
2025-03-20 22:16:37,123 INFO [http-nio-8080-exec-1] c.n.c.a.ServiceLogAspect [ServiceLogAspect.java:39] 用户[127.0.0.1],在[2025-03-20 22:16:37],访问了[com.nowcoder.community.service.MessageService.findNoticeUnreadCount].
2025-03-20 22:16:37,124 INFO [http-nio-8080-exec-1] c.n.c.a.ServiceLogAspect [ServiceLogAspect.java:39] 用户[127.0.0.1],在[2025-03-20 22:16:37],访问了[com.nowcoder.community.service.MessageService.findLetterUnreadCount].
2025-03-20 22:16:37,124 INFO [http-nio-8080-exec-1] c.n.c.a.ServiceLogAspect [ServiceLogAspect.java:39] 用户[127.0.0.1],在[2025-03-20 22:16:37],访问了[com.nowcoder.community.service.MessageService.findNoticeUnreadCount].
2025-03-20 22:16:38,480 INFO [http-nio-8080-exec-5] c.n.c.a.ServiceLogAspect [ServiceLogAspect.java:39] 用户[127.0.0.1],在[2025-03-20 22:16:38],访问了[com.nowcoder.community.service.UserService.findLoginTicket].
2025-03-20 22:16:38,481 INFO [http-nio-8080-exec-5] c.n.c.a.ServiceLogAspect [ServiceLogAspect.java:39] 用户[127.0.0.1],在[2025-03-20 22:16:38],访问了[com.nowcoder.community.service.UserService.findUserById].
2025-03-20 22:16:38,482 INFO [http-nio-8080-exec-5] c.n.c.a.ServiceLogAspect [ServiceLogAspect.java:39] 用户[127.0.0.1],在[2025-03-20 22:16:38],访问了[com.nowcoder.community.service.MessageService.findConversationCount].
2025-03-20 22:16:38,489 INFO [http-nio-8080-exec-5] c.n.c.a.ServiceLogAspect [ServiceLogAspect.java:39] 用户[127.0.0.1],在[2025-03-20 22:16:38],访问了[com.nowcoder.community.service.MessageService.findConversations].
2025-03-20 22:16:38,498 INFO [http-nio-8080-exec-5] c.n.c.a.ServiceLogAspect [ServiceLogAspect.java:39] 用户[127.0.0.1],在[2025-03-20 22:16:38],访问了[com.nowcoder.community.service.MessageService.findLetterCount].
2025-03-20 22:16:38,498 INFO [http-nio-8080-exec-5] c.n.c.a.ServiceLogAspect [ServiceLogAspect.java:39] 用户[127.0.0.1],在[2025-03-20 22:16:38],访问了[com.nowcoder.community.service.MessageService.findLetterUnreadCount].
2025-03-20 22:16:38,505 INFO [http-nio-8080-exec-5] c.n.c.a.ServiceLogAspect [ServiceLogAspect.java:39] 用户[127.0.0.1],在[2025-03-20 22:16:38],访问了[com.nowcoder.community.service.UserService.findUserById].
2025-03-20 22:16:38,506 INFO [http-nio-8080-exec-5] c.n.c.a.ServiceLogAspect [ServiceLogAspect.java:39] 用户[127.0.0.1],在[2025-03-20 22:16:38],访问了[com.nowcoder.community.service.MessageService.findLetterCount].
2025-03-20 22:16:38,506 INFO [http-nio-8080-exec-5] c.n.c.a.ServiceLogAspect [ServiceLogAspect.java:39] 用户[127.0.0.1],在[2025-03-20 22:16:38],访问了[com.nowcoder.community.service.MessageService.findLetterUnreadCount].
2025-03-20 22:16:38,514 INFO [http-nio-8080-exec-5] c.n.c.a.ServiceLogAspect [ServiceLogAspect.java:39] 用户[127.0.0.1],在[2025-03-20 22:16:38],访问了[com.nowcoder.community.service.UserService.findUserById].
2025-03-20 22:16:38,514 INFO [http-nio-8080-exec-5] c.n.c.a.ServiceLogAspect [ServiceLogAspect.java:39] 用户[127.0.0.1],在[2025-03-20 22:16:38],访问了[com.nowcoder.community.service.MessageService.findLetterCount].
2025-03-20 22:16:38,515 INFO [http-nio-8080-exec-5] c.n.c.a.ServiceLogAspect [ServiceLogAspect.java:39] 用户[127.0.0.1],在[2025-03-20 22:16:38],访问了[com.nowcoder.community.service.MessageService.findLetterUnreadCount].
2025-03-20 22:16:38,515 INFO [http-nio-8080-exec-5] c.n.c.a.ServiceLogAspect [ServiceLogAspect.java:39] 用户[127.0.0.1],在[2025-03-20 22:16:38],访问了[com.nowcoder.community.service.UserService.findUserById].
2025-03-20 22:16:38,516 INFO [http-nio-8080-exec-5] c.n.c.a.ServiceLogAspect [ServiceLogAspect.java:39] 用户[127.0.0.1],在[2025-03-20 22:16:38],访问了[com.nowcoder.community.service.MessageService.findLetterCount].
2025-03-20 22:16:38,516 INFO [http-nio-8080-exec-5] c.n.c.a.ServiceLogAspect [ServiceLogAspect.java:39] 用户[127.0.0.1],在[2025-03-20 22:16:38],访问了[com.nowcoder.community.service.MessageService.findLetterUnreadCount].
2025-03-20 22:16:38,522 INFO [http-nio-8080-exec-5] c.n.c.a.ServiceLogAspect [ServiceLogAspect.java:39] 用户[127.0.0.1],在[2025-03-20 22:16:38],访问了[com.nowcoder.community.service.UserService.findUserById].
2025-03-20 22:16:38,523 INFO [http-nio-8080-exec-5] c.n.c.a.ServiceLogAspect [ServiceLogAspect.java:39] 用户[127.0.0.1],在[2025-03-20 22:16:38],访问了[com.nowcoder.community.service.MessageService.findLetterCount].
2025-03-20 22:16:38,524 INFO [http-nio-8080-exec-5] c.n.c.a.ServiceLogAspect [ServiceLogAspect.java:39] 用户[127.0.0.1],在[2025-03-20 22:16:38],访问了[com.nowcoder.community.service.MessageService.findLetterUnreadCount].
2025-03-20 22:16:38,531 INFO [http-nio-8080-exec-5] c.n.c.a.ServiceLogAspect [ServiceLogAspect.java:39] 用户[127.0.0.1],在[2025-03-20 22:16:38],访问了[com.nowcoder.community.service.UserService.findUserById].
2025-03-20 22:16:38,532 INFO [http-nio-8080-exec-5] c.n.c.a.ServiceLogAspect [ServiceLogAspect.java:39] 用户[127.0.0.1],在[2025-03-20 22:16:38],访问了[com.nowcoder.community.service.MessageService.findLetterUnreadCount].
2025-03-20 22:16:38,532 INFO [http-nio-8080-exec-5] c.n.c.a.ServiceLogAspect [ServiceLogAspect.java:39] 用户[127.0.0.1],在[2025-03-20 22:16:38],访问了[com.nowcoder.community.service.MessageService.findNoticeUnreadCount].
2025-03-20 22:16:38,533 INFO [http-nio-8080-exec-5] c.n.c.a.ServiceLogAspect [ServiceLogAspect.java:39] 用户[127.0.0.1],在[2025-03-20 22:16:38],访问了[com.nowcoder.community.service.MessageService.findLetterUnreadCount].
2025-03-20 22:16:38,534 INFO [http-nio-8080-exec-5] c.n.c.a.ServiceLogAspect [ServiceLogAspect.java:39] 用户[127.0.0.1],在[2025-03-20 22:16:38],访问了[com.nowcoder.community.service.MessageService.findNoticeUnreadCount].
2025-03-20 22:16:38,566 INFO [File Watcher] o.s.b.d.a.LocalDevToolsAutoConfiguration$RestartingClassPathChangeChangedEventListener [LocalDevToolsAutoConfiguration.java:211] Restarting due to 1 class path change (1 addition, 0 deletions, 0 modifications)
2025-03-20 22:16:38,568 INFO [org.springframework.kafka.KafkaListenerEndpointContainer#0-0-C-1] o.a.k.c.c.i.ConsumerRebalanceListenerInvoker [ConsumerRebalanceListenerInvoker.java:79] [Consumer clientId=consumer-test-consumer-group-8, groupId=test-consumer-group] Revoke previously assigned partitions comment-0, follow-0, like-0
2025-03-20 22:16:38,568 INFO [org.springframework.kafka.KafkaListenerEndpointContainer#0-0-C-1] o.s.k.l.KafkaMessageListenerContainer [LogAccessor.java:292] test-consumer-group: partitions revoked: [comment-0, follow-0, like-0]
2025-03-20 22:16:38,568 INFO [org.springframework.kafka.KafkaListenerEndpointContainer#0-0-C-1] o.a.k.c.c.i.ConsumerCoordinator [AbstractCoordinator.java:1173] [Consumer clientId=consumer-test-consumer-group-8, groupId=test-consumer-group] Member consumer-test-consumer-group-8-e2161f99-af3f-4ab0-a47b-a7d454796b8d sending LeaveGroup request to coordinator 10.99.237.116:9092 (id: 2147483647 rack: null) due to the consumer unsubscribed from all topics
2025-03-20 22:16:38,569 INFO [org.springframework.kafka.KafkaListenerEndpointContainer#0-0-C-1] o.a.k.c.c.i.ConsumerCoordinator [AbstractCoordinator.java:1055] [Consumer clientId=consumer-test-consumer-group-8, groupId=test-consumer-group] Resetting generation and member id due to: consumer pro-actively leaving the group
2025-03-20 22:16:38,569 INFO [org.springframework.kafka.KafkaListenerEndpointContainer#0-0-C-1] o.a.k.c.c.i.ConsumerCoordinator [AbstractCoordinator.java:1102] [Consumer clientId=consumer-test-consumer-group-8, groupId=test-consumer-group] Request joining group due to: consumer pro-actively leaving the group
2025-03-20 22:16:38,569 INFO [org.springframework.kafka.KafkaListenerEndpointContainer#0-0-C-1] o.a.k.c.c.i.LegacyKafkaConsumer [LegacyKafkaConsumer.java:547] [Consumer clientId=consumer-test-consumer-group-8, groupId=test-consumer-group] Unsubscribed all topics or patterns and assigned partitions
2025-03-20 22:16:38,569 INFO [org.springframework.kafka.KafkaListenerEndpointContainer#0-0-C-1] o.a.k.c.c.i.ConsumerCoordinator [AbstractCoordinator.java:1055] [Consumer clientId=consumer-test-consumer-group-8, groupId=test-consumer-group] Resetting generation and member id due to: consumer pro-actively leaving the group
2025-03-20 22:16:38,569 INFO [org.springframework.kafka.KafkaListenerEndpointContainer#0-0-C-1] o.a.k.c.c.i.ConsumerCoordinator [AbstractCoordinator.java:1102] [Consumer clientId=consumer-test-consumer-group-8, groupId=test-consumer-group] Request joining group due to: consumer pro-actively leaving the group
2025-03-20 22:16:39,017 INFO [org.springframework.kafka.KafkaListenerEndpointContainer#0-0-C-1] o.a.k.c.m.Metrics [Metrics.java:684] Metrics scheduler closed
2025-03-20 22:16:39,018 INFO [org.springframework.kafka.KafkaListenerEndpointContainer#0-0-C-1] o.a.k.c.m.Metrics [Metrics.java:688] Closing reporter org.apache.kafka.common.metrics.JmxReporter
2025-03-20 22:16:39,018 INFO [org.springframework.kafka.KafkaListenerEndpointContainer#0-0-C-1] o.a.k.c.m.Metrics [Metrics.java:688] Closing reporter org.apache.kafka.common.telemetry.internals.ClientTelemetryReporter
2025-03-20 22:16:39,018 INFO [org.springframework.kafka.KafkaListenerEndpointContainer#0-0-C-1] o.a.k.c.m.Metrics [Metrics.java:694] Metrics reporters closed
2025-03-20 22:16:39,020 INFO [org.springframework.kafka.KafkaListenerEndpointContainer#0-0-C-1] o.a.k.c.u.AppInfoParser [AppInfoParser.java:88] App info kafka.consumer for consumer-test-consumer-group-8 unregistered
2025-03-20 22:16:39,020 INFO [org.springframework.kafka.KafkaListenerEndpointContainer#0-0-C-1] o.s.k.l.KafkaMessageListenerContainer [LogAccessor.java:292] test-consumer-group: Consumer stopped
2025-03-20 22:16:39,020 INFO [Thread-31] o.s.b.w.e.t.GracefulShutdown [GracefulShutdown.java:54] Commencing graceful shutdown. Waiting for active requests to complete
2025-03-20 22:16:39,021 INFO [tomcat-shutdown] o.a.c.h.Http11NioProtocol [DirectJDKLog.java:173] Pausing ProtocolHandler ["http-nio-8080"]
2025-03-20 22:16:39,115 INFO [tomcat-shutdown] o.s.b.w.e.t.GracefulShutdown [GracefulShutdown.java:76] Graceful shutdown complete
2025-03-20 22:16:39,116 INFO [Thread-31] o.a.c.h.Http11NioProtocol [DirectJDKLog.java:173] Stopping ProtocolHandler ["http-nio-8080"]
2025-03-20 22:16:39,120 INFO [Thread-31] c.z.h.HikariDataSource [HikariDataSource.java:349] HikariPool-7 - Shutdown initiated...
2025-03-20 22:16:39,121 INFO [Thread-31] c.z.h.HikariDataSource [HikariDataSource.java:351] HikariPool-7 - Shutdown completed.
2025-03-20 22:16:39,220 INFO [restartedMain] c.n.c.CommunityApplication [StartupInfoLogger.java:53] Starting CommunityApplication using Java 17.0.10 with PID 23036 (E:\javacode\workspace4vscode\nk\community\community\target\classes started by 40782 in E:\javacode\workspace4vscode\nk\community)
2025-03-20 22:16:39,221 INFO [restartedMain] c.n.c.CommunityApplication [SpringApplication.java:652] No active profile set, falling back to 1 default profile: "default"
2025-03-20 22:16:39,527 INFO [restartedMain] o.s.d.r.c.RepositoryConfigurationDelegate [RepositoryConfigurationDelegate.java:295] Multiple Spring Data modules found, entering strict repository configuration mode
2025-03-20 22:16:39,527 INFO [restartedMain] o.s.d.r.c.RepositoryConfigurationDelegate [RepositoryConfigurationDelegate.java:143] Bootstrapping Spring Data Redis repositories in DEFAULT mode.
2025-03-20 22:16:39,540 INFO [restartedMain] o.s.d.r.c.RepositoryConfigurationDelegate [RepositoryConfigurationDelegate.java:211] Finished Spring Data repository scanning in 11 ms. Found 0 Redis repository interfaces.
2025-03-20 22:16:39,665 INFO [restartedMain] o.s.b.w.e.t.TomcatWebServer [TomcatWebServer.java:111] Tomcat initialized with port 8080 (http)
2025-03-20 22:16:39,665 INFO [restartedMain] o.a.c.h.Http11NioProtocol [DirectJDKLog.java:173] Initializing ProtocolHandler ["http-nio-8080"]
2025-03-20 22:16:39,665 INFO [restartedMain] o.a.c.c.StandardService [DirectJDKLog.java:173] Starting service [Tomcat]
2025-03-20 22:16:39,665 INFO [restartedMain] o.a.c.c.StandardEngine [DirectJDKLog.java:173] Starting Servlet engine: [Apache Tomcat/10.1.34]
2025-03-20 22:16:39,720 INFO [restartedMain] o.a.c.c.C.[.[.[/community] [DirectJDKLog.java:173] Initializing Spring embedded WebApplicationContext
2025-03-20 22:16:39,720 INFO [restartedMain] o.s.b.w.s.c.ServletWebServerApplicationContext [ServletWebServerApplicationContext.java:296] Root WebApplicationContext: initialization completed in 497 ms
2025-03-20 22:16:39,927 INFO [restartedMain] o.s.b.a.w.s.WelcomePageHandlerMapping [WelcomePageHandlerMapping.java:59] Adding welcome page template: index
2025-03-20 22:16:40,142 INFO [restartedMain] o.s.b.d.a.OptionalLiveReloadServer [OptionalLiveReloadServer.java:59] LiveReload server is running on port 35729
2025-03-20 22:16:40,153 INFO [restartedMain] o.a.c.h.Http11NioProtocol [DirectJDKLog.java:173] Starting ProtocolHandler ["http-nio-8080"]
2025-03-20 22:16:40,156 INFO [restartedMain] o.s.b.w.e.t.TomcatWebServer [TomcatWebServer.java:243] Tomcat started on port 8080 (http) with context path '/community'
2025-03-20 22:16:40,158 INFO [restartedMain] o.a.k.c.c.ConsumerConfig [AbstractConfig.java:372] ConsumerConfig values: 
	allow.auto.create.topics = true
	auto.commit.interval.ms = 3000
	auto.include.jmx.reporter = true
	auto.offset.reset = latest
	bootstrap.servers = [localhost:9092]
	check.crcs = true
	client.dns.lookup = use_all_dns_ips
	client.id = consumer-test-consumer-group-9
	client.rack = 
	connections.max.idle.ms = 540000
	default.api.timeout.ms = 60000
	enable.auto.commit = true
	enable.metrics.push = true
	exclude.internal.topics = true
	fetch.max.bytes = 52428800
	fetch.max.wait.ms = 500
	fetch.min.bytes = 1
	group.id = test-consumer-group
	group.instance.id = null
	group.protocol = classic
	group.remote.assignor = null
	heartbeat.interval.ms = 3000
	interceptor.classes = []
	internal.leave.group.on.close = true
	internal.throw.on.fetch.stable.offset.unsupported = false
	isolation.level = read_uncommitted
	key.deserializer = class org.apache.kafka.common.serialization.StringDeserializer
	max.partition.fetch.bytes = 1048576
	max.poll.interval.ms = 300000
	max.poll.records = 500
	metadata.max.age.ms = 300000
	metadata.recovery.strategy = none
	metric.reporters = []
	metrics.num.samples = 2
	metrics.recording.level = INFO
	metrics.sample.window.ms = 30000
	partition.assignment.strategy = [class org.apache.kafka.clients.consumer.RangeAssignor, class org.apache.kafka.clients.consumer.CooperativeStickyAssignor]
	receive.buffer.bytes = 65536
	reconnect.backoff.max.ms = 1000
	reconnect.backoff.ms = 50
	request.timeout.ms = 30000
	retry.backoff.max.ms = 1000
	retry.backoff.ms = 100
	sasl.client.callback.handler.class = null
	sasl.jaas.config = null
	sasl.kerberos.kinit.cmd = /usr/bin/kinit
	sasl.kerberos.min.time.before.relogin = 60000
	sasl.kerberos.service.name = null
	sasl.kerberos.ticket.renew.jitter = 0.05
	sasl.kerberos.ticket.renew.window.factor = 0.8
	sasl.login.callback.handler.class = null
	sasl.login.class = null
	sasl.login.connect.timeout.ms = null
	sasl.login.read.timeout.ms = null
	sasl.login.refresh.buffer.seconds = 300
	sasl.login.refresh.min.period.seconds = 60
	sasl.login.refresh.window.factor = 0.8
	sasl.login.refresh.window.jitter = 0.05
	sasl.login.retry.backoff.max.ms = 10000
	sasl.login.retry.backoff.ms = 100
	sasl.mechanism = GSSAPI
	sasl.oauthbearer.clock.skew.seconds = 30
	sasl.oauthbearer.expected.audience = null
	sasl.oauthbearer.expected.issuer = null
	sasl.oauthbearer.jwks.endpoint.refresh.ms = 3600000
	sasl.oauthbearer.jwks.endpoint.retry.backoff.max.ms = 10000
	sasl.oauthbearer.jwks.endpoint.retry.backoff.ms = 100
	sasl.oauthbearer.jwks.endpoint.url = null
	sasl.oauthbearer.scope.claim.name = scope
	sasl.oauthbearer.sub.claim.name = sub
	sasl.oauthbearer.token.endpoint.url = null
	security.protocol = PLAINTEXT
	security.providers = null
	send.buffer.bytes = 131072
	session.timeout.ms = 45000
	socket.connection.setup.timeout.max.ms = 30000
	socket.connection.setup.timeout.ms = 10000
	ssl.cipher.suites = null
	ssl.enabled.protocols = [TLSv1.2, TLSv1.3]
	ssl.endpoint.identification.algorithm = https
	ssl.engine.factory.class = null
	ssl.key.password = null
	ssl.keymanager.algorithm = SunX509
	ssl.keystore.certificate.chain = null
	ssl.keystore.key = null
	ssl.keystore.location = null
	ssl.keystore.password = null
	ssl.keystore.type = JKS
	ssl.protocol = TLSv1.3
	ssl.provider = null
	ssl.secure.random.implementation = null
	ssl.trustmanager.algorithm = PKIX
	ssl.truststore.certificates = null
	ssl.truststore.location = null
	ssl.truststore.password = null
	ssl.truststore.type = JKS
	value.deserializer = class org.apache.kafka.common.serialization.StringDeserializer

2025-03-20 22:16:40,158 INFO [restartedMain] o.a.k.c.t.i.KafkaMetricsCollector [KafkaMetricsCollector.java:269] initializing Kafka metrics collector
2025-03-20 22:16:40,162 INFO [restartedMain] o.a.k.c.u.AppInfoParser [AppInfoParser.java:124] Kafka version: 3.8.1
2025-03-20 22:16:40,163 INFO [restartedMain] o.a.k.c.u.AppInfoParser [AppInfoParser.java:125] Kafka commitId: 70d6ff42debf7e17
2025-03-20 22:16:40,163 INFO [restartedMain] o.a.k.c.u.AppInfoParser [AppInfoParser.java:126] Kafka startTimeMs: 1742480200162
2025-03-20 22:16:40,163 INFO [restartedMain] o.a.k.c.c.i.LegacyKafkaConsumer [LegacyKafkaConsumer.java:476] [Consumer clientId=consumer-test-consumer-group-9, groupId=test-consumer-group] Subscribed to topic(s): comment, like, follow
2025-03-20 22:16:40,166 INFO [org.springframework.kafka.KafkaListenerEndpointContainer#0-0-C-1] o.a.k.c.Metadata [Metadata.java:364] [Consumer clientId=consumer-test-consumer-group-9, groupId=test-consumer-group] Cluster ID: cahCa2tqRnq3OYXiEm_sPA
2025-03-20 22:16:40,167 INFO [restartedMain] c.n.c.CommunityApplication [StartupInfoLogger.java:59] Started CommunityApplication in 0.998 seconds (process running for 993.0)
2025-03-20 22:16:40,167 INFO [org.springframework.kafka.KafkaListenerEndpointContainer#0-0-C-1] o.a.k.c.c.i.ConsumerCoordinator [AbstractCoordinator.java:936] [Consumer clientId=consumer-test-consumer-group-9, groupId=test-consumer-group] Discovered group coordinator 10.99.237.116:9092 (id: 2147483647 rack: null)
2025-03-20 22:16:40,168 INFO [restartedMain] o.s.b.d.a.ConditionEvaluationDeltaLoggingListener [ConditionEvaluationDeltaLoggingListener.java:63] Condition evaluation unchanged
2025-03-20 22:16:40,168 INFO [org.springframework.kafka.KafkaListenerEndpointContainer#0-0-C-1] o.a.k.c.c.i.ConsumerCoordinator [AbstractCoordinator.java:604] [Consumer clientId=consumer-test-consumer-group-9, groupId=test-consumer-group] (Re-)joining group
2025-03-20 22:16:40,168 INFO [org.springframework.kafka.KafkaListenerEndpointContainer#0-0-C-1] o.a.k.c.c.i.ConsumerCoordinator [AbstractCoordinator.java:1102] [Consumer clientId=consumer-test-consumer-group-9, groupId=test-consumer-group] Request joining group due to: need to re-join with the given member-id: consumer-test-consumer-group-9-71043b52-205c-4392-9e84-cdd88c24ebb4
2025-03-20 22:16:40,168 INFO [org.springframework.kafka.KafkaListenerEndpointContainer#0-0-C-1] o.a.k.c.c.i.ConsumerCoordinator [AbstractCoordinator.java:604] [Consumer clientId=consumer-test-consumer-group-9, groupId=test-consumer-group] (Re-)joining group
2025-03-20 22:16:40,169 INFO [org.springframework.kafka.KafkaListenerEndpointContainer#0-0-C-1] o.a.k.c.c.i.ConsumerCoordinator [AbstractCoordinator.java:665] [Consumer clientId=consumer-test-consumer-group-9, groupId=test-consumer-group] Successfully joined group with generation Generation{generationId=27, memberId='consumer-test-consumer-group-9-71043b52-205c-4392-9e84-cdd88c24ebb4', protocol='range'}
2025-03-20 22:16:40,170 INFO [org.springframework.kafka.KafkaListenerEndpointContainer#0-0-C-1] o.a.k.c.c.i.ConsumerCoordinator [ConsumerCoordinator.java:663] [Consumer clientId=consumer-test-consumer-group-9, groupId=test-consumer-group] Finished assignment for group at generation 27: {consumer-test-consumer-group-9-71043b52-205c-4392-9e84-cdd88c24ebb4=Assignment(partitions=[like-0, comment-0, follow-0])}
2025-03-20 22:16:40,171 INFO [org.springframework.kafka.KafkaListenerEndpointContainer#0-0-C-1] o.a.k.c.c.i.ConsumerCoordinator [AbstractCoordinator.java:842] [Consumer clientId=consumer-test-consumer-group-9, groupId=test-consumer-group] Successfully synced group in generation Generation{generationId=27, memberId='consumer-test-consumer-group-9-71043b52-205c-4392-9e84-cdd88c24ebb4', protocol='range'}
2025-03-20 22:16:40,171 INFO [org.springframework.kafka.KafkaListenerEndpointContainer#0-0-C-1] o.a.k.c.c.i.ConsumerCoordinator [ConsumerCoordinator.java:323] [Consumer clientId=consumer-test-consumer-group-9, groupId=test-consumer-group] Notifying assignor about the new Assignment(partitions=[like-0, comment-0, follow-0])
2025-03-20 22:16:40,171 INFO [org.springframework.kafka.KafkaListenerEndpointContainer#0-0-C-1] o.a.k.c.c.i.ConsumerRebalanceListenerInvoker [ConsumerRebalanceListenerInvoker.java:57] [Consumer clientId=consumer-test-consumer-group-9, groupId=test-consumer-group] Adding newly assigned partitions: comment-0, follow-0, like-0
2025-03-20 22:16:40,172 INFO [org.springframework.kafka.KafkaListenerEndpointContainer#0-0-C-1] o.a.k.c.c.i.ConsumerUtils [ConsumerUtils.java:201] Setting offset for partition comment-0 to the committed offset FetchPosition{offset=3, offsetEpoch=Optional[0], currentLeader=LeaderAndEpoch{leader=Optional[10.99.237.116:9092 (id: 0 rack: null)], epoch=absent}}
2025-03-20 22:16:40,172 INFO [org.springframework.kafka.KafkaListenerEndpointContainer#0-0-C-1] o.a.k.c.c.i.ConsumerUtils [ConsumerUtils.java:201] Setting offset for partition like-0 to the committed offset FetchPosition{offset=0, offsetEpoch=Optional.empty, currentLeader=LeaderAndEpoch{leader=Optional[10.99.237.116:9092 (id: 0 rack: null)], epoch=absent}}
2025-03-20 22:16:40,172 INFO [org.springframework.kafka.KafkaListenerEndpointContainer#0-0-C-1] o.a.k.c.c.i.ConsumerUtils [ConsumerUtils.java:201] Setting offset for partition follow-0 to the committed offset FetchPosition{offset=0, offsetEpoch=Optional.empty, currentLeader=LeaderAndEpoch{leader=Optional[10.99.237.116:9092 (id: 0 rack: null)], epoch=absent}}
2025-03-20 22:16:40,172 INFO [org.springframework.kafka.KafkaListenerEndpointContainer#0-0-C-1] o.s.k.l.KafkaMessageListenerContainer [LogAccessor.java:292] test-consumer-group: partitions assigned: [comment-0, follow-0, like-0]
2025-03-20 22:16:40,236 INFO [http-nio-8080-exec-1] o.a.c.c.C.[.[.[/community] [DirectJDKLog.java:173] Initializing Spring DispatcherServlet 'dispatcherServlet'
2025-03-20 22:16:40,236 INFO [http-nio-8080-exec-1] o.s.w.s.DispatcherServlet [FrameworkServlet.java:532] Initializing Servlet 'dispatcherServlet'
2025-03-20 22:16:40,238 INFO [http-nio-8080-exec-1] o.s.w.s.DispatcherServlet [FrameworkServlet.java:554] Completed initialization in 1 ms
2025-03-20 22:16:40,240 INFO [http-nio-8080-exec-1] c.n.c.a.ServiceLogAspect [ServiceLogAspect.java:39] 用户[0:0:0:0:0:0:0:1],在[2025-03-20 22:16:40],访问了[com.nowcoder.community.service.UserService.findLoginTicket].
2025-03-20 22:16:40,275 INFO [http-nio-8080-exec-1] c.n.c.a.ServiceLogAspect [ServiceLogAspect.java:39] 用户[0:0:0:0:0:0:0:1],在[2025-03-20 22:16:40],访问了[com.nowcoder.community.service.UserService.findUserById].
2025-03-20 22:16:40,276 INFO [http-nio-8080-exec-1] c.n.c.a.ServiceLogAspect [ServiceLogAspect.java:39] 用户[0:0:0:0:0:0:0:1],在[2025-03-20 22:16:40],访问了[com.nowcoder.community.service.MessageService.findLatestNotice].
2025-03-20 22:16:40,277 INFO [http-nio-8080-exec-1] c.z.h.HikariDataSource [HikariDataSource.java:109] HikariPool-8 - Starting...
2025-03-20 22:16:40,279 INFO [http-nio-8080-exec-1] c.z.h.p.HikariPool [HikariPool.java:554] HikariPool-8 - Added connection com.mysql.cj.jdbc.ConnectionImpl@b08e64c
2025-03-20 22:16:40,279 INFO [http-nio-8080-exec-1] c.z.h.HikariDataSource [HikariDataSource.java:122] HikariPool-8 - Start completed.
2025-03-20 22:16:40,288 INFO [http-nio-8080-exec-1] c.n.c.a.ServiceLogAspect [ServiceLogAspect.java:39] 用户[0:0:0:0:0:0:0:1],在[2025-03-20 22:16:40],访问了[com.nowcoder.community.service.UserService.findUserById].
2025-03-20 22:16:40,289 INFO [http-nio-8080-exec-1] c.n.c.a.ServiceLogAspect [ServiceLogAspect.java:39] 用户[0:0:0:0:0:0:0:1],在[2025-03-20 22:16:40],访问了[com.nowcoder.community.service.MessageService.findNoticeCount].
2025-03-20 22:16:40,290 INFO [http-nio-8080-exec-1] c.n.c.a.ServiceLogAspect [ServiceLogAspect.java:39] 用户[0:0:0:0:0:0:0:1],在[2025-03-20 22:16:40],访问了[com.nowcoder.community.service.MessageService.findNoticeUnreadCount].
2025-03-20 22:16:40,291 INFO [http-nio-8080-exec-1] c.n.c.a.ServiceLogAspect [ServiceLogAspect.java:39] 用户[0:0:0:0:0:0:0:1],在[2025-03-20 22:16:40],访问了[com.nowcoder.community.service.MessageService.findLatestNotice].
2025-03-20 22:16:40,298 INFO [http-nio-8080-exec-1] c.n.c.a.ServiceLogAspect [ServiceLogAspect.java:39] 用户[0:0:0:0:0:0:0:1],在[2025-03-20 22:16:40],访问了[com.nowcoder.community.service.UserService.findUserById].
2025-03-20 22:16:40,298 INFO [http-nio-8080-exec-1] c.n.c.a.ServiceLogAspect [ServiceLogAspect.java:39] 用户[0:0:0:0:0:0:0:1],在[2025-03-20 22:16:40],访问了[com.nowcoder.community.service.MessageService.findNoticeCount].
2025-03-20 22:16:40,306 INFO [http-nio-8080-exec-1] c.n.c.a.ServiceLogAspect [ServiceLogAspect.java:39] 用户[0:0:0:0:0:0:0:1],在[2025-03-20 22:16:40],访问了[com.nowcoder.community.service.MessageService.findNoticeUnreadCount].
2025-03-20 22:16:40,314 INFO [http-nio-8080-exec-1] c.n.c.a.ServiceLogAspect [ServiceLogAspect.java:39] 用户[0:0:0:0:0:0:0:1],在[2025-03-20 22:16:40],访问了[com.nowcoder.community.service.MessageService.findLatestNotice].
2025-03-20 22:16:40,321 INFO [http-nio-8080-exec-1] c.n.c.a.ServiceLogAspect [ServiceLogAspect.java:39] 用户[0:0:0:0:0:0:0:1],在[2025-03-20 22:16:40],访问了[com.nowcoder.community.service.UserService.findUserById].
2025-03-20 22:16:40,322 INFO [http-nio-8080-exec-1] c.n.c.a.ServiceLogAspect [ServiceLogAspect.java:39] 用户[0:0:0:0:0:0:0:1],在[2025-03-20 22:16:40],访问了[com.nowcoder.community.service.MessageService.findNoticeCount].
2025-03-20 22:16:40,330 INFO [http-nio-8080-exec-1] c.n.c.a.ServiceLogAspect [ServiceLogAspect.java:39] 用户[0:0:0:0:0:0:0:1],在[2025-03-20 22:16:40],访问了[com.nowcoder.community.service.MessageService.findNoticeUnreadCount].
2025-03-20 22:16:40,336 INFO [http-nio-8080-exec-1] c.n.c.a.ServiceLogAspect [ServiceLogAspect.java:39] 用户[0:0:0:0:0:0:0:1],在[2025-03-20 22:16:40],访问了[com.nowcoder.community.service.MessageService.findLetterUnreadCount].
2025-03-20 22:16:40,337 INFO [http-nio-8080-exec-1] c.n.c.a.ServiceLogAspect [ServiceLogAspect.java:39] 用户[0:0:0:0:0:0:0:1],在[2025-03-20 22:16:40],访问了[com.nowcoder.community.service.MessageService.findNoticeUnreadCount].
2025-03-20 22:16:40,339 INFO [http-nio-8080-exec-1] c.n.c.a.ServiceLogAspect [ServiceLogAspect.java:39] 用户[0:0:0:0:0:0:0:1],在[2025-03-20 22:16:40],访问了[com.nowcoder.community.service.MessageService.findLetterUnreadCount].
2025-03-20 22:16:40,339 INFO [http-nio-8080-exec-1] c.n.c.a.ServiceLogAspect [ServiceLogAspect.java:39] 用户[0:0:0:0:0:0:0:1],在[2025-03-20 22:16:40],访问了[com.nowcoder.community.service.MessageService.findNoticeUnreadCount].
2025-03-20 22:16:41,358 INFO [http-nio-8080-exec-7] c.n.c.a.ServiceLogAspect [ServiceLogAspect.java:39] 用户[127.0.0.1],在[2025-03-20 22:16:41],访问了[com.nowcoder.community.service.UserService.findLoginTicket].
2025-03-20 22:16:41,359 INFO [http-nio-8080-exec-7] c.n.c.a.ServiceLogAspect [ServiceLogAspect.java:39] 用户[127.0.0.1],在[2025-03-20 22:16:41],访问了[com.nowcoder.community.service.UserService.findUserById].
2025-03-20 22:16:41,360 INFO [http-nio-8080-exec-7] c.n.c.a.ServiceLogAspect [ServiceLogAspect.java:39] 用户[127.0.0.1],在[2025-03-20 22:16:41],访问了[com.nowcoder.community.service.MessageService.findConversationCount].
2025-03-20 22:16:41,367 INFO [http-nio-8080-exec-7] c.n.c.a.ServiceLogAspect [ServiceLogAspect.java:39] 用户[127.0.0.1],在[2025-03-20 22:16:41],访问了[com.nowcoder.community.service.MessageService.findConversations].
2025-03-20 22:16:41,377 INFO [http-nio-8080-exec-7] c.n.c.a.ServiceLogAspect [ServiceLogAspect.java:39] 用户[127.0.0.1],在[2025-03-20 22:16:41],访问了[com.nowcoder.community.service.MessageService.findLetterCount].
2025-03-20 22:16:41,378 INFO [http-nio-8080-exec-7] c.n.c.a.ServiceLogAspect [ServiceLogAspect.java:39] 用户[127.0.0.1],在[2025-03-20 22:16:41],访问了[com.nowcoder.community.service.MessageService.findLetterUnreadCount].
2025-03-20 22:16:41,385 INFO [http-nio-8080-exec-7] c.n.c.a.ServiceLogAspect [ServiceLogAspect.java:39] 用户[127.0.0.1],在[2025-03-20 22:16:41],访问了[com.nowcoder.community.service.UserService.findUserById].
2025-03-20 22:16:41,385 INFO [http-nio-8080-exec-7] c.n.c.a.ServiceLogAspect [ServiceLogAspect.java:39] 用户[127.0.0.1],在[2025-03-20 22:16:41],访问了[com.nowcoder.community.service.MessageService.findLetterCount].
2025-03-20 22:16:41,387 INFO [http-nio-8080-exec-7] c.n.c.a.ServiceLogAspect [ServiceLogAspect.java:39] 用户[127.0.0.1],在[2025-03-20 22:16:41],访问了[com.nowcoder.community.service.MessageService.findLetterUnreadCount].
2025-03-20 22:16:41,393 INFO [http-nio-8080-exec-7] c.n.c.a.ServiceLogAspect [ServiceLogAspect.java:39] 用户[127.0.0.1],在[2025-03-20 22:16:41],访问了[com.nowcoder.community.service.UserService.findUserById].
2025-03-20 22:16:41,394 INFO [http-nio-8080-exec-7] c.n.c.a.ServiceLogAspect [ServiceLogAspect.java:39] 用户[127.0.0.1],在[2025-03-20 22:16:41],访问了[com.nowcoder.community.service.MessageService.findLetterCount].
2025-03-20 22:16:41,394 INFO [http-nio-8080-exec-7] c.n.c.a.ServiceLogAspect [ServiceLogAspect.java:39] 用户[127.0.0.1],在[2025-03-20 22:16:41],访问了[com.nowcoder.community.service.MessageService.findLetterUnreadCount].
2025-03-20 22:16:41,396 INFO [http-nio-8080-exec-7] c.n.c.a.ServiceLogAspect [ServiceLogAspect.java:39] 用户[127.0.0.1],在[2025-03-20 22:16:41],访问了[com.nowcoder.community.service.UserService.findUserById].
2025-03-20 22:16:41,396 INFO [http-nio-8080-exec-7] c.n.c.a.ServiceLogAspect [ServiceLogAspect.java:39] 用户[127.0.0.1],在[2025-03-20 22:16:41],访问了[com.nowcoder.community.service.MessageService.findLetterCount].
2025-03-20 22:16:41,397 INFO [http-nio-8080-exec-7] c.n.c.a.ServiceLogAspect [ServiceLogAspect.java:39] 用户[127.0.0.1],在[2025-03-20 22:16:41],访问了[com.nowcoder.community.service.MessageService.findLetterUnreadCount].
2025-03-20 22:16:41,404 INFO [http-nio-8080-exec-7] c.n.c.a.ServiceLogAspect [ServiceLogAspect.java:39] 用户[127.0.0.1],在[2025-03-20 22:16:41],访问了[com.nowcoder.community.service.UserService.findUserById].
2025-03-20 22:16:41,405 INFO [http-nio-8080-exec-7] c.n.c.a.ServiceLogAspect [ServiceLogAspect.java:39] 用户[127.0.0.1],在[2025-03-20 22:16:41],访问了[com.nowcoder.community.service.MessageService.findLetterCount].
2025-03-20 22:16:41,406 INFO [http-nio-8080-exec-7] c.n.c.a.ServiceLogAspect [ServiceLogAspect.java:39] 用户[127.0.0.1],在[2025-03-20 22:16:41],访问了[com.nowcoder.community.service.MessageService.findLetterUnreadCount].
2025-03-20 22:16:41,414 INFO [http-nio-8080-exec-7] c.n.c.a.ServiceLogAspect [ServiceLogAspect.java:39] 用户[127.0.0.1],在[2025-03-20 22:16:41],访问了[com.nowcoder.community.service.UserService.findUserById].
2025-03-20 22:16:41,414 INFO [http-nio-8080-exec-7] c.n.c.a.ServiceLogAspect [ServiceLogAspect.java:39] 用户[127.0.0.1],在[2025-03-20 22:16:41],访问了[com.nowcoder.community.service.MessageService.findLetterUnreadCount].
2025-03-20 22:16:41,415 INFO [http-nio-8080-exec-7] c.n.c.a.ServiceLogAspect [ServiceLogAspect.java:39] 用户[127.0.0.1],在[2025-03-20 22:16:41],访问了[com.nowcoder.community.service.MessageService.findNoticeUnreadCount].
2025-03-20 22:16:41,416 INFO [http-nio-8080-exec-7] c.n.c.a.ServiceLogAspect [ServiceLogAspect.java:39] 用户[127.0.0.1],在[2025-03-20 22:16:41],访问了[com.nowcoder.community.service.MessageService.findLetterUnreadCount].
2025-03-20 22:16:41,416 INFO [http-nio-8080-exec-7] c.n.c.a.ServiceLogAspect [ServiceLogAspect.java:39] 用户[127.0.0.1],在[2025-03-20 22:16:41],访问了[com.nowcoder.community.service.MessageService.findNoticeUnreadCount].
2025-03-20 22:16:42,000 INFO [http-nio-8080-exec-10] c.n.c.a.ServiceLogAspect [ServiceLogAspect.java:39] 用户[127.0.0.1],在[2025-03-20 22:16:42],访问了[com.nowcoder.community.service.UserService.findLoginTicket].
2025-03-20 22:16:42,002 INFO [http-nio-8080-exec-10] c.n.c.a.ServiceLogAspect [ServiceLogAspect.java:39] 用户[127.0.0.1],在[2025-03-20 22:16:42],访问了[com.nowcoder.community.service.UserService.findUserById].
2025-03-20 22:16:42,002 INFO [http-nio-8080-exec-10] c.n.c.a.ServiceLogAspect [ServiceLogAspect.java:39] 用户[127.0.0.1],在[2025-03-20 22:16:42],访问了[com.nowcoder.community.service.DiscussPostService.findDiscussPostRows].
2025-03-20 22:16:42,005 INFO [http-nio-8080-exec-10] c.n.c.a.ServiceLogAspect [ServiceLogAspect.java:39] 用户[127.0.0.1],在[2025-03-20 22:16:42],访问了[com.nowcoder.community.service.DiscussPostService.findDiscussPosts].
2025-03-20 22:16:42,006 INFO [http-nio-8080-exec-10] c.n.c.a.ServiceLogAspect [ServiceLogAspect.java:39] 用户[127.0.0.1],在[2025-03-20 22:16:42],访问了[com.nowcoder.community.service.UserService.findUserById].
2025-03-20 22:16:42,006 INFO [http-nio-8080-exec-10] c.n.c.a.ServiceLogAspect [ServiceLogAspect.java:39] 用户[127.0.0.1],在[2025-03-20 22:16:42],访问了[com.nowcoder.community.service.LikeService.findEntityLikeCount].
2025-03-20 22:16:42,009 INFO [http-nio-8080-exec-10] c.n.c.a.ServiceLogAspect [ServiceLogAspect.java:39] 用户[127.0.0.1],在[2025-03-20 22:16:42],访问了[com.nowcoder.community.service.UserService.findUserById].
2025-03-20 22:16:42,009 INFO [http-nio-8080-exec-10] c.n.c.a.ServiceLogAspect [ServiceLogAspect.java:39] 用户[127.0.0.1],在[2025-03-20 22:16:42],访问了[com.nowcoder.community.service.LikeService.findEntityLikeCount].
2025-03-20 22:16:42,009 INFO [http-nio-8080-exec-10] c.n.c.a.ServiceLogAspect [ServiceLogAspect.java:39] 用户[127.0.0.1],在[2025-03-20 22:16:42],访问了[com.nowcoder.community.service.UserService.findUserById].
2025-03-20 22:16:42,009 INFO [http-nio-8080-exec-10] c.n.c.a.ServiceLogAspect [ServiceLogAspect.java:39] 用户[127.0.0.1],在[2025-03-20 22:16:42],访问了[com.nowcoder.community.service.LikeService.findEntityLikeCount].
2025-03-20 22:16:42,009 INFO [http-nio-8080-exec-10] c.n.c.a.ServiceLogAspect [ServiceLogAspect.java:39] 用户[127.0.0.1],在[2025-03-20 22:16:42],访问了[com.nowcoder.community.service.UserService.findUserById].
2025-03-20 22:16:42,010 INFO [http-nio-8080-exec-10] c.n.c.a.ServiceLogAspect [ServiceLogAspect.java:39] 用户[127.0.0.1],在[2025-03-20 22:16:42],访问了[com.nowcoder.community.service.LikeService.findEntityLikeCount].
2025-03-20 22:16:42,010 INFO [http-nio-8080-exec-10] c.n.c.a.ServiceLogAspect [ServiceLogAspect.java:39] 用户[127.0.0.1],在[2025-03-20 22:16:42],访问了[com.nowcoder.community.service.UserService.findUserById].
2025-03-20 22:16:42,011 INFO [http-nio-8080-exec-10] c.n.c.a.ServiceLogAspect [ServiceLogAspect.java:39] 用户[127.0.0.1],在[2025-03-20 22:16:42],访问了[com.nowcoder.community.service.LikeService.findEntityLikeCount].
2025-03-20 22:16:42,011 INFO [http-nio-8080-exec-10] c.n.c.a.ServiceLogAspect [ServiceLogAspect.java:39] 用户[127.0.0.1],在[2025-03-20 22:16:42],访问了[com.nowcoder.community.service.UserService.findUserById].
2025-03-20 22:16:42,012 INFO [http-nio-8080-exec-10] c.n.c.a.ServiceLogAspect [ServiceLogAspect.java:39] 用户[127.0.0.1],在[2025-03-20 22:16:42],访问了[com.nowcoder.community.service.LikeService.findEntityLikeCount].
2025-03-20 22:16:42,012 INFO [http-nio-8080-exec-10] c.n.c.a.ServiceLogAspect [ServiceLogAspect.java:39] 用户[127.0.0.1],在[2025-03-20 22:16:42],访问了[com.nowcoder.community.service.UserService.findUserById].
2025-03-20 22:16:42,012 INFO [http-nio-8080-exec-10] c.n.c.a.ServiceLogAspect [ServiceLogAspect.java:39] 用户[127.0.0.1],在[2025-03-20 22:16:42],访问了[com.nowcoder.community.service.LikeService.findEntityLikeCount].
2025-03-20 22:16:42,013 INFO [http-nio-8080-exec-10] c.n.c.a.ServiceLogAspect [ServiceLogAspect.java:39] 用户[127.0.0.1],在[2025-03-20 22:16:42],访问了[com.nowcoder.community.service.UserService.findUserById].
2025-03-20 22:16:42,013 INFO [http-nio-8080-exec-10] c.n.c.a.ServiceLogAspect [ServiceLogAspect.java:39] 用户[127.0.0.1],在[2025-03-20 22:16:42],访问了[com.nowcoder.community.service.LikeService.findEntityLikeCount].
2025-03-20 22:16:42,013 INFO [http-nio-8080-exec-10] c.n.c.a.ServiceLogAspect [ServiceLogAspect.java:39] 用户[127.0.0.1],在[2025-03-20 22:16:42],访问了[com.nowcoder.community.service.UserService.findUserById].
2025-03-20 22:16:42,013 INFO [http-nio-8080-exec-10] c.n.c.a.ServiceLogAspect [ServiceLogAspect.java:39] 用户[127.0.0.1],在[2025-03-20 22:16:42],访问了[com.nowcoder.community.service.LikeService.findEntityLikeCount].
2025-03-20 22:16:42,013 INFO [http-nio-8080-exec-10] c.n.c.a.ServiceLogAspect [ServiceLogAspect.java:39] 用户[127.0.0.1],在[2025-03-20 22:16:42],访问了[com.nowcoder.community.service.UserService.findUserById].
2025-03-20 22:16:42,013 INFO [http-nio-8080-exec-10] c.n.c.a.ServiceLogAspect [ServiceLogAspect.java:39] 用户[127.0.0.1],在[2025-03-20 22:16:42],访问了[com.nowcoder.community.service.LikeService.findEntityLikeCount].
2025-03-20 22:16:42,014 INFO [http-nio-8080-exec-10] c.n.c.a.ServiceLogAspect [ServiceLogAspect.java:39] 用户[127.0.0.1],在[2025-03-20 22:16:42],访问了[com.nowcoder.community.service.MessageService.findLetterUnreadCount].
2025-03-20 22:16:42,015 INFO [http-nio-8080-exec-10] c.n.c.a.ServiceLogAspect [ServiceLogAspect.java:39] 用户[127.0.0.1],在[2025-03-20 22:16:42],访问了[com.nowcoder.community.service.MessageService.findNoticeUnreadCount].
2025-03-20 22:16:42,848 INFO [http-nio-8080-exec-7] c.n.c.a.ServiceLogAspect [ServiceLogAspect.java:39] 用户[0:0:0:0:0:0:0:1],在[2025-03-20 22:16:42],访问了[com.nowcoder.community.service.UserService.findLoginTicket].
2025-03-20 22:16:42,849 INFO [http-nio-8080-exec-7] c.n.c.a.ServiceLogAspect [ServiceLogAspect.java:39] 用户[0:0:0:0:0:0:0:1],在[2025-03-20 22:16:42],访问了[com.nowcoder.community.service.UserService.findUserById].
2025-03-20 22:16:42,850 INFO [http-nio-8080-exec-7] c.n.c.a.ServiceLogAspect [ServiceLogAspect.java:39] 用户[0:0:0:0:0:0:0:1],在[2025-03-20 22:16:42],访问了[com.nowcoder.community.service.MessageService.findConversationCount].
2025-03-20 22:16:42,858 INFO [http-nio-8080-exec-7] c.n.c.a.ServiceLogAspect [ServiceLogAspect.java:39] 用户[0:0:0:0:0:0:0:1],在[2025-03-20 22:16:42],访问了[com.nowcoder.community.service.MessageService.findConversations].
2025-03-20 22:16:42,866 INFO [http-nio-8080-exec-7] c.n.c.a.ServiceLogAspect [ServiceLogAspect.java:39] 用户[0:0:0:0:0:0:0:1],在[2025-03-20 22:16:42],访问了[com.nowcoder.community.service.MessageService.findLetterCount].
2025-03-20 22:16:42,866 INFO [http-nio-8080-exec-7] c.n.c.a.ServiceLogAspect [ServiceLogAspect.java:39] 用户[0:0:0:0:0:0:0:1],在[2025-03-20 22:16:42],访问了[com.nowcoder.community.service.MessageService.findLetterUnreadCount].
2025-03-20 22:16:42,875 INFO [http-nio-8080-exec-7] c.n.c.a.ServiceLogAspect [ServiceLogAspect.java:39] 用户[0:0:0:0:0:0:0:1],在[2025-03-20 22:16:42],访问了[com.nowcoder.community.service.UserService.findUserById].
2025-03-20 22:16:42,876 INFO [http-nio-8080-exec-7] c.n.c.a.ServiceLogAspect [ServiceLogAspect.java:39] 用户[0:0:0:0:0:0:0:1],在[2025-03-20 22:16:42],访问了[com.nowcoder.community.service.MessageService.findLetterCount].
2025-03-20 22:16:42,877 INFO [http-nio-8080-exec-7] c.n.c.a.ServiceLogAspect [ServiceLogAspect.java:39] 用户[0:0:0:0:0:0:0:1],在[2025-03-20 22:16:42],访问了[com.nowcoder.community.service.MessageService.findLetterUnreadCount].
2025-03-20 22:16:42,883 INFO [http-nio-8080-exec-7] c.n.c.a.ServiceLogAspect [ServiceLogAspect.java:39] 用户[0:0:0:0:0:0:0:1],在[2025-03-20 22:16:42],访问了[com.nowcoder.community.service.UserService.findUserById].
2025-03-20 22:16:42,884 INFO [http-nio-8080-exec-7] c.n.c.a.ServiceLogAspect [ServiceLogAspect.java:39] 用户[0:0:0:0:0:0:0:1],在[2025-03-20 22:16:42],访问了[com.nowcoder.community.service.MessageService.findLetterCount].
2025-03-20 22:16:42,884 INFO [http-nio-8080-exec-7] c.n.c.a.ServiceLogAspect [ServiceLogAspect.java:39] 用户[0:0:0:0:0:0:0:1],在[2025-03-20 22:16:42],访问了[com.nowcoder.community.service.MessageService.findLetterUnreadCount].
2025-03-20 22:16:42,886 INFO [http-nio-8080-exec-7] c.n.c.a.ServiceLogAspect [ServiceLogAspect.java:39] 用户[0:0:0:0:0:0:0:1],在[2025-03-20 22:16:42],访问了[com.nowcoder.community.service.UserService.findUserById].
2025-03-20 22:16:42,886 INFO [http-nio-8080-exec-7] c.n.c.a.ServiceLogAspect [ServiceLogAspect.java:39] 用户[0:0:0:0:0:0:0:1],在[2025-03-20 22:16:42],访问了[com.nowcoder.community.service.MessageService.findLetterCount].
2025-03-20 22:16:42,887 INFO [http-nio-8080-exec-7] c.n.c.a.ServiceLogAspect [ServiceLogAspect.java:39] 用户[0:0:0:0:0:0:0:1],在[2025-03-20 22:16:42],访问了[com.nowcoder.community.service.MessageService.findLetterUnreadCount].
2025-03-20 22:16:42,894 INFO [http-nio-8080-exec-7] c.n.c.a.ServiceLogAspect [ServiceLogAspect.java:39] 用户[0:0:0:0:0:0:0:1],在[2025-03-20 22:16:42],访问了[com.nowcoder.community.service.UserService.findUserById].
2025-03-20 22:16:42,895 INFO [http-nio-8080-exec-7] c.n.c.a.ServiceLogAspect [ServiceLogAspect.java:39] 用户[0:0:0:0:0:0:0:1],在[2025-03-20 22:16:42],访问了[com.nowcoder.community.service.MessageService.findLetterCount].
2025-03-20 22:16:42,895 INFO [http-nio-8080-exec-7] c.n.c.a.ServiceLogAspect [ServiceLogAspect.java:39] 用户[0:0:0:0:0:0:0:1],在[2025-03-20 22:16:42],访问了[com.nowcoder.community.service.MessageService.findLetterUnreadCount].
2025-03-20 22:16:42,904 INFO [http-nio-8080-exec-7] c.n.c.a.ServiceLogAspect [ServiceLogAspect.java:39] 用户[0:0:0:0:0:0:0:1],在[2025-03-20 22:16:42],访问了[com.nowcoder.community.service.UserService.findUserById].
2025-03-20 22:16:42,904 INFO [http-nio-8080-exec-7] c.n.c.a.ServiceLogAspect [ServiceLogAspect.java:39] 用户[0:0:0:0:0:0:0:1],在[2025-03-20 22:16:42],访问了[com.nowcoder.community.service.MessageService.findLetterUnreadCount].
2025-03-20 22:16:42,906 INFO [http-nio-8080-exec-7] c.n.c.a.ServiceLogAspect [ServiceLogAspect.java:39] 用户[0:0:0:0:0:0:0:1],在[2025-03-20 22:16:42],访问了[com.nowcoder.community.service.MessageService.findNoticeUnreadCount].
2025-03-20 22:16:42,907 INFO [http-nio-8080-exec-7] c.n.c.a.ServiceLogAspect [ServiceLogAspect.java:39] 用户[0:0:0:0:0:0:0:1],在[2025-03-20 22:16:42],访问了[com.nowcoder.community.service.MessageService.findLetterUnreadCount].
2025-03-20 22:16:42,908 INFO [http-nio-8080-exec-7] c.n.c.a.ServiceLogAspect [ServiceLogAspect.java:39] 用户[0:0:0:0:0:0:0:1],在[2025-03-20 22:16:42],访问了[com.nowcoder.community.service.MessageService.findNoticeUnreadCount].
2025-03-20 22:16:43,587 INFO [http-nio-8080-exec-10] c.n.c.a.ServiceLogAspect [ServiceLogAspect.java:39] 用户[127.0.0.1],在[2025-03-20 22:16:43],访问了[com.nowcoder.community.service.UserService.findLoginTicket].
2025-03-20 22:16:43,588 INFO [http-nio-8080-exec-10] c.n.c.a.ServiceLogAspect [ServiceLogAspect.java:39] 用户[127.0.0.1],在[2025-03-20 22:16:43],访问了[com.nowcoder.community.service.UserService.findUserById].
2025-03-20 22:16:43,588 INFO [http-nio-8080-exec-10] c.n.c.a.ServiceLogAspect [ServiceLogAspect.java:39] 用户[127.0.0.1],在[2025-03-20 22:16:43],访问了[com.nowcoder.community.service.MessageService.findLatestNotice].
2025-03-20 22:16:43,590 INFO [http-nio-8080-exec-10] c.n.c.a.ServiceLogAspect [ServiceLogAspect.java:39] 用户[127.0.0.1],在[2025-03-20 22:16:43],访问了[com.nowcoder.community.service.UserService.findUserById].
2025-03-20 22:16:43,591 INFO [http-nio-8080-exec-10] c.n.c.a.ServiceLogAspect [ServiceLogAspect.java:39] 用户[127.0.0.1],在[2025-03-20 22:16:43],访问了[com.nowcoder.community.service.MessageService.findNoticeCount].
2025-03-20 22:16:43,592 INFO [http-nio-8080-exec-10] c.n.c.a.ServiceLogAspect [ServiceLogAspect.java:39] 用户[127.0.0.1],在[2025-03-20 22:16:43],访问了[com.nowcoder.community.service.MessageService.findNoticeUnreadCount].
2025-03-20 22:16:43,594 INFO [http-nio-8080-exec-10] c.n.c.a.ServiceLogAspect [ServiceLogAspect.java:39] 用户[127.0.0.1],在[2025-03-20 22:16:43],访问了[com.nowcoder.community.service.MessageService.findLatestNotice].
2025-03-20 22:16:43,601 INFO [http-nio-8080-exec-10] c.n.c.a.ServiceLogAspect [ServiceLogAspect.java:39] 用户[127.0.0.1],在[2025-03-20 22:16:43],访问了[com.nowcoder.community.service.UserService.findUserById].
2025-03-20 22:16:43,601 INFO [http-nio-8080-exec-10] c.n.c.a.ServiceLogAspect [ServiceLogAspect.java:39] 用户[127.0.0.1],在[2025-03-20 22:16:43],访问了[com.nowcoder.community.service.MessageService.findNoticeCount].
2025-03-20 22:16:43,610 INFO [http-nio-8080-exec-10] c.n.c.a.ServiceLogAspect [ServiceLogAspect.java:39] 用户[127.0.0.1],在[2025-03-20 22:16:43],访问了[com.nowcoder.community.service.MessageService.findNoticeUnreadCount].
2025-03-20 22:16:43,619 INFO [http-nio-8080-exec-10] c.n.c.a.ServiceLogAspect [ServiceLogAspect.java:39] 用户[127.0.0.1],在[2025-03-20 22:16:43],访问了[com.nowcoder.community.service.MessageService.findLatestNotice].
2025-03-20 22:16:43,627 INFO [http-nio-8080-exec-10] c.n.c.a.ServiceLogAspect [ServiceLogAspect.java:39] 用户[127.0.0.1],在[2025-03-20 22:16:43],访问了[com.nowcoder.community.service.UserService.findUserById].
2025-03-20 22:16:43,629 INFO [http-nio-8080-exec-10] c.n.c.a.ServiceLogAspect [ServiceLogAspect.java:39] 用户[127.0.0.1],在[2025-03-20 22:16:43],访问了[com.nowcoder.community.service.MessageService.findNoticeCount].
2025-03-20 22:16:43,636 INFO [http-nio-8080-exec-10] c.n.c.a.ServiceLogAspect [ServiceLogAspect.java:39] 用户[127.0.0.1],在[2025-03-20 22:16:43],访问了[com.nowcoder.community.service.MessageService.findNoticeUnreadCount].
2025-03-20 22:16:43,644 INFO [http-nio-8080-exec-10] c.n.c.a.ServiceLogAspect [ServiceLogAspect.java:39] 用户[127.0.0.1],在[2025-03-20 22:16:43],访问了[com.nowcoder.community.service.MessageService.findLetterUnreadCount].
2025-03-20 22:16:43,645 INFO [http-nio-8080-exec-10] c.n.c.a.ServiceLogAspect [ServiceLogAspect.java:39] 用户[127.0.0.1],在[2025-03-20 22:16:43],访问了[com.nowcoder.community.service.MessageService.findNoticeUnreadCount].
2025-03-20 22:16:43,647 INFO [http-nio-8080-exec-10] c.n.c.a.ServiceLogAspect [ServiceLogAspect.java:39] 用户[127.0.0.1],在[2025-03-20 22:16:43],访问了[com.nowcoder.community.service.MessageService.findLetterUnreadCount].
2025-03-20 22:16:43,647 INFO [http-nio-8080-exec-10] c.n.c.a.ServiceLogAspect [ServiceLogAspect.java:39] 用户[127.0.0.1],在[2025-03-20 22:16:43],访问了[com.nowcoder.community.service.MessageService.findNoticeUnreadCount].
2025-03-20 22:16:44,118 INFO [http-nio-8080-exec-4] c.n.c.a.ServiceLogAspect [ServiceLogAspect.java:39] 用户[127.0.0.1],在[2025-03-20 22:16:44],访问了[com.nowcoder.community.service.UserService.findLoginTicket].
2025-03-20 22:16:44,118 INFO [http-nio-8080-exec-4] c.n.c.a.ServiceLogAspect [ServiceLogAspect.java:39] 用户[127.0.0.1],在[2025-03-20 22:16:44],访问了[com.nowcoder.community.service.UserService.findUserById].
2025-03-20 22:16:44,119 INFO [http-nio-8080-exec-4] c.n.c.a.ServiceLogAspect [ServiceLogAspect.java:39] 用户[127.0.0.1],在[2025-03-20 22:16:44],访问了[com.nowcoder.community.service.DiscussPostService.findDiscussPostRows].
2025-03-20 22:16:44,121 INFO [http-nio-8080-exec-4] c.n.c.a.ServiceLogAspect [ServiceLogAspect.java:39] 用户[127.0.0.1],在[2025-03-20 22:16:44],访问了[com.nowcoder.community.service.DiscussPostService.findDiscussPosts].
2025-03-20 22:16:44,124 INFO [http-nio-8080-exec-4] c.n.c.a.ServiceLogAspect [ServiceLogAspect.java:39] 用户[127.0.0.1],在[2025-03-20 22:16:44],访问了[com.nowcoder.community.service.UserService.findUserById].
2025-03-20 22:16:44,125 INFO [http-nio-8080-exec-4] c.n.c.a.ServiceLogAspect [ServiceLogAspect.java:39] 用户[127.0.0.1],在[2025-03-20 22:16:44],访问了[com.nowcoder.community.service.LikeService.findEntityLikeCount].
2025-03-20 22:16:44,125 INFO [http-nio-8080-exec-4] c.n.c.a.ServiceLogAspect [ServiceLogAspect.java:39] 用户[127.0.0.1],在[2025-03-20 22:16:44],访问了[com.nowcoder.community.service.UserService.findUserById].
2025-03-20 22:16:44,126 INFO [http-nio-8080-exec-4] c.n.c.a.ServiceLogAspect [ServiceLogAspect.java:39] 用户[127.0.0.1],在[2025-03-20 22:16:44],访问了[com.nowcoder.community.service.LikeService.findEntityLikeCount].
2025-03-20 22:16:44,126 INFO [http-nio-8080-exec-4] c.n.c.a.ServiceLogAspect [ServiceLogAspect.java:39] 用户[127.0.0.1],在[2025-03-20 22:16:44],访问了[com.nowcoder.community.service.UserService.findUserById].
2025-03-20 22:16:44,126 INFO [http-nio-8080-exec-4] c.n.c.a.ServiceLogAspect [ServiceLogAspect.java:39] 用户[127.0.0.1],在[2025-03-20 22:16:44],访问了[com.nowcoder.community.service.LikeService.findEntityLikeCount].
2025-03-20 22:16:44,126 INFO [http-nio-8080-exec-4] c.n.c.a.ServiceLogAspect [ServiceLogAspect.java:39] 用户[127.0.0.1],在[2025-03-20 22:16:44],访问了[com.nowcoder.community.service.UserService.findUserById].
2025-03-20 22:16:44,128 INFO [http-nio-8080-exec-4] c.n.c.a.ServiceLogAspect [ServiceLogAspect.java:39] 用户[127.0.0.1],在[2025-03-20 22:16:44],访问了[com.nowcoder.community.service.LikeService.findEntityLikeCount].
2025-03-20 22:16:44,128 INFO [http-nio-8080-exec-4] c.n.c.a.ServiceLogAspect [ServiceLogAspect.java:39] 用户[127.0.0.1],在[2025-03-20 22:16:44],访问了[com.nowcoder.community.service.UserService.findUserById].
2025-03-20 22:16:44,128 INFO [http-nio-8080-exec-4] c.n.c.a.ServiceLogAspect [ServiceLogAspect.java:39] 用户[127.0.0.1],在[2025-03-20 22:16:44],访问了[com.nowcoder.community.service.LikeService.findEntityLikeCount].
2025-03-20 22:16:44,128 INFO [http-nio-8080-exec-4] c.n.c.a.ServiceLogAspect [ServiceLogAspect.java:39] 用户[127.0.0.1],在[2025-03-20 22:16:44],访问了[com.nowcoder.community.service.UserService.findUserById].
2025-03-20 22:16:44,129 INFO [http-nio-8080-exec-4] c.n.c.a.ServiceLogAspect [ServiceLogAspect.java:39] 用户[127.0.0.1],在[2025-03-20 22:16:44],访问了[com.nowcoder.community.service.LikeService.findEntityLikeCount].
2025-03-20 22:16:44,129 INFO [http-nio-8080-exec-4] c.n.c.a.ServiceLogAspect [ServiceLogAspect.java:39] 用户[127.0.0.1],在[2025-03-20 22:16:44],访问了[com.nowcoder.community.service.UserService.findUserById].
2025-03-20 22:16:44,129 INFO [http-nio-8080-exec-4] c.n.c.a.ServiceLogAspect [ServiceLogAspect.java:39] 用户[127.0.0.1],在[2025-03-20 22:16:44],访问了[com.nowcoder.community.service.LikeService.findEntityLikeCount].
2025-03-20 22:16:44,129 INFO [http-nio-8080-exec-4] c.n.c.a.ServiceLogAspect [ServiceLogAspect.java:39] 用户[127.0.0.1],在[2025-03-20 22:16:44],访问了[com.nowcoder.community.service.UserService.findUserById].
2025-03-20 22:16:44,130 INFO [http-nio-8080-exec-4] c.n.c.a.ServiceLogAspect [ServiceLogAspect.java:39] 用户[127.0.0.1],在[2025-03-20 22:16:44],访问了[com.nowcoder.community.service.LikeService.findEntityLikeCount].
2025-03-20 22:16:44,130 INFO [http-nio-8080-exec-4] c.n.c.a.ServiceLogAspect [ServiceLogAspect.java:39] 用户[127.0.0.1],在[2025-03-20 22:16:44],访问了[com.nowcoder.community.service.UserService.findUserById].
2025-03-20 22:16:44,130 INFO [http-nio-8080-exec-4] c.n.c.a.ServiceLogAspect [ServiceLogAspect.java:39] 用户[127.0.0.1],在[2025-03-20 22:16:44],访问了[com.nowcoder.community.service.LikeService.findEntityLikeCount].
2025-03-20 22:16:44,130 INFO [http-nio-8080-exec-4] c.n.c.a.ServiceLogAspect [ServiceLogAspect.java:39] 用户[127.0.0.1],在[2025-03-20 22:16:44],访问了[com.nowcoder.community.service.UserService.findUserById].
2025-03-20 22:16:44,130 INFO [http-nio-8080-exec-4] c.n.c.a.ServiceLogAspect [ServiceLogAspect.java:39] 用户[127.0.0.1],在[2025-03-20 22:16:44],访问了[com.nowcoder.community.service.LikeService.findEntityLikeCount].
2025-03-20 22:16:44,131 INFO [http-nio-8080-exec-4] c.n.c.a.ServiceLogAspect [ServiceLogAspect.java:39] 用户[127.0.0.1],在[2025-03-20 22:16:44],访问了[com.nowcoder.community.service.MessageService.findLetterUnreadCount].
2025-03-20 22:16:44,132 INFO [http-nio-8080-exec-4] c.n.c.a.ServiceLogAspect [ServiceLogAspect.java:39] 用户[127.0.0.1],在[2025-03-20 22:16:44],访问了[com.nowcoder.community.service.MessageService.findNoticeUnreadCount].
2025-03-20 22:16:46,584 INFO [org.springframework.kafka.KafkaListenerEndpointContainer#0-0-C-1] o.a.k.c.c.i.ConsumerRebalanceListenerInvoker [ConsumerRebalanceListenerInvoker.java:79] [Consumer clientId=consumer-test-consumer-group-9, groupId=test-consumer-group] Revoke previously assigned partitions comment-0, follow-0, like-0
2025-03-20 22:16:46,584 INFO [org.springframework.kafka.KafkaListenerEndpointContainer#0-0-C-1] o.s.k.l.KafkaMessageListenerContainer [LogAccessor.java:292] test-consumer-group: partitions revoked: [comment-0, follow-0, like-0]
2025-03-20 22:16:46,584 INFO [org.springframework.kafka.KafkaListenerEndpointContainer#0-0-C-1] o.a.k.c.c.i.ConsumerCoordinator [AbstractCoordinator.java:1173] [Consumer clientId=consumer-test-consumer-group-9, groupId=test-consumer-group] Member consumer-test-consumer-group-9-71043b52-205c-4392-9e84-cdd88c24ebb4 sending LeaveGroup request to coordinator 10.99.237.116:9092 (id: 2147483647 rack: null) due to the consumer unsubscribed from all topics
2025-03-20 22:16:46,584 INFO [org.springframework.kafka.KafkaListenerEndpointContainer#0-0-C-1] o.a.k.c.c.i.ConsumerCoordinator [AbstractCoordinator.java:1055] [Consumer clientId=consumer-test-consumer-group-9, groupId=test-consumer-group] Resetting generation and member id due to: consumer pro-actively leaving the group
2025-03-20 22:16:46,584 INFO [org.springframework.kafka.KafkaListenerEndpointContainer#0-0-C-1] o.a.k.c.c.i.ConsumerCoordinator [AbstractCoordinator.java:1102] [Consumer clientId=consumer-test-consumer-group-9, groupId=test-consumer-group] Request joining group due to: consumer pro-actively leaving the group
2025-03-20 22:16:46,585 INFO [org.springframework.kafka.KafkaListenerEndpointContainer#0-0-C-1] o.a.k.c.c.i.LegacyKafkaConsumer [LegacyKafkaConsumer.java:547] [Consumer clientId=consumer-test-consumer-group-9, groupId=test-consumer-group] Unsubscribed all topics or patterns and assigned partitions
2025-03-20 22:16:46,585 INFO [org.springframework.kafka.KafkaListenerEndpointContainer#0-0-C-1] o.a.k.c.c.i.ConsumerCoordinator [AbstractCoordinator.java:1055] [Consumer clientId=consumer-test-consumer-group-9, groupId=test-consumer-group] Resetting generation and member id due to: consumer pro-actively leaving the group
2025-03-20 22:16:46,585 INFO [org.springframework.kafka.KafkaListenerEndpointContainer#0-0-C-1] o.a.k.c.c.i.ConsumerCoordinator [AbstractCoordinator.java:1102] [Consumer clientId=consumer-test-consumer-group-9, groupId=test-consumer-group] Request joining group due to: consumer pro-actively leaving the group
2025-03-20 22:16:46,844 INFO [org.springframework.kafka.KafkaListenerEndpointContainer#0-0-C-1] o.a.k.c.m.Metrics [Metrics.java:684] Metrics scheduler closed
2025-03-20 22:16:46,844 INFO [org.springframework.kafka.KafkaListenerEndpointContainer#0-0-C-1] o.a.k.c.m.Metrics [Metrics.java:688] Closing reporter org.apache.kafka.common.metrics.JmxReporter
2025-03-20 22:16:46,844 INFO [org.springframework.kafka.KafkaListenerEndpointContainer#0-0-C-1] o.a.k.c.m.Metrics [Metrics.java:688] Closing reporter org.apache.kafka.common.telemetry.internals.ClientTelemetryReporter
2025-03-20 22:16:46,844 INFO [org.springframework.kafka.KafkaListenerEndpointContainer#0-0-C-1] o.a.k.c.m.Metrics [Metrics.java:694] Metrics reporters closed
2025-03-20 22:16:46,845 INFO [org.springframework.kafka.KafkaListenerEndpointContainer#0-0-C-1] o.a.k.c.u.AppInfoParser [AppInfoParser.java:88] App info kafka.consumer for consumer-test-consumer-group-9 unregistered
2025-03-20 22:16:46,845 INFO [org.springframework.kafka.KafkaListenerEndpointContainer#0-0-C-1] o.s.k.l.KafkaMessageListenerContainer [LogAccessor.java:292] test-consumer-group: Consumer stopped
2025-03-20 22:16:46,845 INFO [SpringApplicationShutdownHook] o.s.b.w.e.t.GracefulShutdown [GracefulShutdown.java:54] Commencing graceful shutdown. Waiting for active requests to complete
2025-03-20 22:16:46,946 INFO [tomcat-shutdown] o.s.b.w.e.t.GracefulShutdown [GracefulShutdown.java:76] Graceful shutdown complete
2025-03-20 22:16:46,952 INFO [SpringApplicationShutdownHook] c.z.h.HikariDataSource [HikariDataSource.java:349] HikariPool-8 - Shutdown initiated...
2025-03-20 22:16:46,953 INFO [SpringApplicationShutdownHook] c.z.h.HikariDataSource [HikariDataSource.java:351] HikariPool-8 - Shutdown completed.
